id,timestamp,event_type,model_name,model_version,entity_type,entity_id,customer_id,prediction_playbook_confidence,prediction_recommended_playbook,confidence,latency_ms,cache_hit,llm_provider,llm_model,input_tokens,output_tokens,cost_cents,llm_outcome,llm_action,request_id,ab_variant,metadata_received_at,trace_id,span_id,parent_span_id,span_name,ttft_ms,tool_name,error_type,error_message,run_id,run_name,handoff_to
25274622-84cd-4f21-96a7-b9582d4c8622,2026-03-27T18:00:37.732066+00:00,inference,playbook_selector,1.0.0,detection,DET-142951,cust-acme-corp-002,0.694,pb-ransomware-containment,0.824,148.9,FALSE,,,,,,,,afa9f042-56fa-4d4d-9cf2-46d10c4e832a,,2026-03-27T18:00:37.732013Z,,,,,,,,,,,
71605deb-7a77-40d8-ac1e-d2813abfd0fa,2026-03-27T18:00:24.040000+00:00,inference,playbook_selector,1.0.0,detection,DET-142950,cust-acme-corp-002,0.694,pb-data-exfil-investigate,0.966,129,FALSE,,,,,,,,23b99de3-2f5f-467c-a6b2-effb6e00a3c7,,2026-03-27T18:00:24.039948Z,,,,,,,,,,,
ffc4088b-11ba-4e0b-a75d-e8b60f01b125,2026-03-27T18:00:23.491133+00:00,inference,playbook_selector,1.0.0,detection,DET-142949,cust-globex-003,0.689,pb-phishing-triage,0.57,80.8,FALSE,,,,,,,,c136bf9a-27ad-4103-b1e3-9427e167107c,,2026-03-27T18:00:23.491082Z,,,,,,,,,,,
1424af3f-7b72-4d2d-a4e8-515b1a1525b3,2026-03-27T18:00:22.956554+00:00,inference,playbook_selector,1.0.0,detection,DET-142947,cust-globex-003,0.947,pb-lateral-movement,0.678,134.6,FALSE,,,,,,,,cb9af88f-eb8d-455f-9c32-4abf82537d87,,2026-03-27T18:00:22.956498Z,,,,,,,,,,,
48013547-8ce4-4872-b14a-2316136f79df,2026-03-27T18:00:07.800076+00:00,inference,playbook_selector,1.0.0,detection,DET-142945,cust-acme-corp-002,0.928,pb-data-exfil-investigate,0.647,169.6,FALSE,,,,,,,,c667b8f1-b7ab-46d5-83e8-346f5240ed79,,2026-03-27T18:00:07.800022Z,,,,,,,,,,,
9babe8da-57d5-44b9-8737-84cf467e0b39,2026-03-27T17:59:52.756506+00:00,inference,playbook_selector,1.0.0,detection,DET-142944,cust-acme-corp-002,0.552,pb-phishing-triage,0.88,8.4,FALSE,,,,,,,,b2417724-cb38-4ac0-bf9e-add788db83a7,,2026-03-27T17:59:52.756448Z,,,,,,,,,,,
04f31df1-d445-437c-81f2-1c3ac8ded478,2026-03-27T17:59:23.387936+00:00,inference,playbook_selector,1.0.0,detection,DET-142940,cust-globex-003,0.709,pb-phishing-triage,0.536,108.5,TRUE,,,,,,,,1b315423-042e-4fba-b70e-bbe17cba0c42,,2026-03-27T17:59:23.387876Z,,,,,,,,,,,
45b27624-ad4d-44e6-809a-880e11128bc1,2026-03-27T17:59:22.722291+00:00,inference,playbook_selector,1.0.0,detection,DET-142939,cust-acme-corp-002,0.713,pb-phishing-triage,0.553,35.6,FALSE,,,,,,,,1f760034-dd22-4969-9e1e-e8ebb1c6b8b3,,2026-03-27T17:59:22.722240Z,,,,,,,,,,,
2fc661de-3e17-40eb-96a1-d52586877255,2026-03-27T17:58:23.253455+00:00,inference,playbook_selector,1.0.0,detection,DET-142932,cust-globex-003,0.553,pb-lateral-movement,0.705,59.2,FALSE,,,,,,,,4427d7ca-29f9-4884-a548-651ed6141a3d,,2026-03-27T17:58:23.253406Z,,,,,,,,,,,
115c81b6-aa8b-4f3a-8c2b-2499abf3bdfa,2026-03-27T17:57:38.367813+00:00,inference,playbook_selector,1.0.0,detection,DET-142926,cust-tekstream-001,0.841,pb-malware-response,0.911,152.8,FALSE,,,,,,,,56fc6430-6f7e-4994-8731-bdd750e8e56c,,2026-03-27T17:57:38.367760Z,,,,,,,,,,,
243820e4-35b0-441f-9147-8815935486c0,2026-03-27T17:57:38.003246+00:00,inference,playbook_selector,1.0.0,detection,DET-142924,cust-acme-corp-002,0.681,pb-ransomware-containment,0.614,148.5,FALSE,,,,,,,,15ecd3c3-618c-48f1-b271-bd9dac96f97f,,2026-03-27T17:57:38.003192Z,,,,,,,,,,,
3ff10982-bfad-4381-b310-1d3204020f0d,2026-03-27T17:57:22.814972+00:00,inference,playbook_selector,1.0.0,detection,DET-142921,cust-acme-corp-002,0.874,pb-lateral-movement,0.835,122.2,FALSE,,,,,,,,89609ac7-9db4-4ef4-86ab-296d2eaaf197,,2026-03-27T17:57:22.814918Z,,,,,,,,,,,
d974e2a3-5251-42ec-a3d8-3a8a92dbba84,2026-03-27T17:57:08.570528+00:00,inference,playbook_selector,1.0.0,detection,DET-142919,cust-globex-003,0.852,pb-lateral-movement,0.748,83.4,FALSE,,,,,,,,c7f679f7-b023-4de8-9a90-fc287b2b924d,,2026-03-27T17:57:08.570476Z,,,,,,,,,,,
dfd8c853-e633-48e1-a1e9-9f6401835b8c,2026-03-27T17:57:08.070523+00:00,inference,playbook_selector,1.0.0,detection,DET-142918,cust-acme-corp-002,0.802,pb-brute-force-block,0.671,191.7,FALSE,,,,,,,,fe17057a-edb5-478e-b844-93ca98fddb69,,2026-03-27T17:57:08.070473Z,,,,,,,,,,,
05a3cc50-5304-4812-8372-190faad5f1d5,2026-03-27T17:57:07.843798+00:00,inference,playbook_selector,1.0.0,detection,DET-142917,cust-acme-corp-002,0.907,pb-data-exfil-investigate,0.972,12.6,FALSE,,,,,,,,f152f972-c04c-4d60-9891-953fbf1e5c4c,,2026-03-27T17:57:07.843744Z,,,,,,,,,,,
b5ed4aff-e0e1-44d8-823d-9314d2724804,2026-03-27T17:56:37.811006+00:00,inference,playbook_selector,1.0.0,detection,DET-142915,cust-acme-corp-002,0.914,pb-phishing-triage,0.664,5.8,TRUE,,,,,,,,6fc05f0d-ea95-4e4b-8844-9ff5488bf238,,2026-03-27T17:56:37.810954Z,,,,,,,,,,,
a71407d4-45a2-4f21-b59f-d6d3d21034ad,2026-03-27T17:56:23.823068+00:00,inference,playbook_selector,1.0.0,detection,DET-142914,cust-tekstream-001,0.644,pb-ransomware-containment,0.776,169.4,FALSE,,,,,,,,7997932d-95d0-4fc3-82a3-b49aa3e28ccb,,2026-03-27T17:56:23.823016Z,,,,,,,,,,,
fe7efa03-9d27-4010-a1ba-e871d04fff82,2026-03-27T17:56:23.307976+00:00,inference,playbook_selector,1.0.0,detection,DET-142913,cust-globex-003,0.84,pb-data-exfil-investigate,0.516,172,FALSE,,,,,,,,228de829-2ba6-4421-aa07-c43f2a120a4c,,2026-03-27T17:56:23.307923Z,,,,,,,,,,,
c84fc664-5698-4c93-aece-1ced2ae17f98,2026-03-27T17:56:08.460589+00:00,inference,playbook_selector,1.0.0,detection,DET-142910,cust-acme-corp-002,0.908,pb-data-exfil-investigate,0.64,180.4,FALSE,,,,,,,,d6570cf8-5d6f-420a-a0cd-1375ed5a0909,,2026-03-27T17:56:08.460535Z,,,,,,,,,,,
d90c3d8e-bc1f-43aa-ad3b-324693eebe14,2026-03-27T17:56:08.064741+00:00,inference,playbook_selector,1.0.0,detection,DET-142909,cust-acme-corp-002,0.539,pb-phishing-triage,0.702,23.5,FALSE,,,,,,,,156c5f28-9faf-4204-b127-08ebc330ce28,,2026-03-27T17:56:08.064691Z,,,,,,,,,,,
c9658b4a-8c5a-48c1-83ab-e19795a7955d,2026-03-27T17:55:52.756744+00:00,inference,playbook_selector,1.0.0,detection,DET-142907,cust-tekstream-001,0.5,pb-phishing-triage,0.632,179,FALSE,,,,,,,,a27d8d21-2020-45d6-9f82-edd117149aab,,2026-03-27T17:55:52.756692Z,,,,,,,,,,,
807cc954-27f4-44c9-adf7-c57618f72d9f,2026-03-27T17:55:38.480657+00:00,inference,playbook_selector,1.0.0,detection,DET-142906,cust-tekstream-001,0.588,pb-lateral-movement,0.8,66.7,FALSE,,,,,,,,93826d0b-8e5a-4981-8ce2-05974049ce98,,2026-03-27T17:55:38.480605Z,,,,,,,,,,,
19d5503f-26a3-4870-b5d4-2bb4804add24,2026-03-27T17:55:37.765871+00:00,inference,playbook_selector,1.0.0,detection,DET-142903,cust-acme-corp-002,0.603,pb-malware-response,0.934,91.3,FALSE,,,,,,,,150c7a10-f97a-47b6-8d2b-1552860cbef7,,2026-03-27T17:55:37.765807Z,,,,,,,,,,,
cfccea3c-6c48-46d7-8418-102f69fd74cd,2026-03-27T17:55:22.810921+00:00,inference,playbook_selector,1.0.0,detection,DET-142902,cust-globex-003,0.652,pb-brute-force-block,0.836,49.7,FALSE,,,,,,,,b14fa128-1494-4b46-9fe2-e46f7c6dc621,,2026-03-27T17:55:22.810871Z,,,,,,,,,,,
09c22f63-1d0b-4210-a5a8-20b95b288dd5,2026-03-27T17:55:07.851981+00:00,inference,playbook_selector,1.0.0,detection,DET-142901,cust-tekstream-001,0.725,pb-brute-force-block,0.644,20.3,FALSE,,,,,,,,08ab2391-3833-4716-8879-e4b0585872b5,,2026-03-27T17:55:07.851924Z,,,,,,,,,,,
55c3b589-b604-4766-981b-a7082de3f934,2026-03-27T17:54:53.278002+00:00,inference,playbook_selector,1.0.0,detection,DET-142899,cust-tekstream-001,0.68,pb-brute-force-block,0.663,71.8,TRUE,,,,,,,,662c83c0-f5fa-4b9d-af49-8fe651dc60ea,,2026-03-27T17:54:53.277950Z,,,,,,,,,,,
d661b594-4045-47b4-b233-acce6aca306f,2026-03-27T17:54:38.778114+00:00,inference,playbook_selector,1.0.0,detection,DET-142896,cust-acme-corp-002,0.926,pb-malware-response,0.549,45.5,FALSE,,,,,,,,a1b5a19c-4ce6-450e-be9e-de5842c23759,,2026-03-27T17:54:38.778063Z,,,,,,,,,,,
3942a33f-1ac1-4acb-b645-1385173ffff1,2026-03-27T17:54:38.314691+00:00,inference,playbook_selector,1.0.0,detection,DET-142895,cust-globex-003,0.555,pb-data-exfil-investigate,0.688,138.9,FALSE,,,,,,,,f49c93c4-bdb4-425a-92d4-664f16be22b0,,2026-03-27T17:54:38.314639Z,,,,,,,,,,,
c4526937-8074-4561-8adf-621ca382de9d,2026-03-27T17:54:23.877405+00:00,inference,playbook_selector,1.0.0,detection,DET-142892,cust-acme-corp-002,0.771,pb-brute-force-block,0.891,128.8,FALSE,,,,,,,,c401a295-618e-46df-9902-f9fb617a883a,,2026-03-27T17:54:23.877355Z,,,,,,,,,,,
35dddcb4-d194-47f9-a34d-d383e07e0049,2026-03-27T17:54:08.211290+00:00,inference,playbook_selector,1.0.0,detection,DET-142888,cust-acme-corp-002,0.844,pb-malware-response,0.962,176.2,FALSE,,,,,,,,c3fa56e3-02bc-4e99-bfda-230db4a6c3ba,,2026-03-27T17:54:08.211230Z,,,,,,,,,,,
2210a376-aa62-4805-ba2b-84d0efa32418,2026-03-27T17:53:52.756466+00:00,inference,playbook_selector,1.0.0,detection,DET-142886,cust-acme-corp-002,0.526,pb-ransomware-containment,0.806,110.6,FALSE,,,,,,,,7b350df0-0c6f-4c06-b31b-85efea305155,,2026-03-27T17:53:52.756283Z,,,,,,,,,,,
b7f082bf-a350-4201-a614-79fb9a8af823,2026-03-27T17:53:38.760214+00:00,inference,playbook_selector,1.0.0,detection,DET-142884,cust-globex-003,0.606,pb-malware-response,0.906,131.8,FALSE,,,,,,,,43f63d22-3cb4-415b-9ae5-5e23f5b44749,,2026-03-27T17:53:38.760161Z,,,,,,,,,,,
d86cc910-4c3b-45cb-817f-eb551612fccc,2026-03-27T17:53:38.292040+00:00,inference,playbook_selector,1.0.0,detection,DET-142883,cust-globex-003,0.567,pb-ransomware-containment,0.52,197,FALSE,,,,,,,,10c5d298-23f3-4789-85df-60e35c77c52c,,2026-03-27T17:53:38.291990Z,,,,,,,,,,,
fdf0b910-9a8d-42a0-95d1-3fdbc5b8c3d7,2026-03-27T17:53:37.915080+00:00,inference,playbook_selector,1.0.0,detection,DET-142882,cust-tekstream-001,0.956,pb-data-exfil-investigate,0.963,62.6,FALSE,,,,,,,,a228f5e1-9d2d-40d9-b602-c960b947cbc9,,2026-03-27T17:53:37.915030Z,,,,,,,,,,,
c54dce2f-fc2c-4161-995f-9a7f35d3711e,2026-03-27T17:53:22.841759+00:00,inference,playbook_selector,1.0.0,detection,DET-142881,cust-acme-corp-002,0.555,pb-brute-force-block,0.714,180.3,FALSE,,,,,,,,3dc24e21-1e14-46fd-babf-8842d686bb5b,,2026-03-27T17:53:22.841708Z,,,,,,,,,,,
58bfd64c-13ff-4bb2-a2ca-9f694c766fec,2026-03-27T17:52:53.374498+00:00,inference,playbook_selector,1.0.0,detection,DET-142878,cust-tekstream-001,0.598,pb-ransomware-containment,0.61,81.4,FALSE,,,,,,,,f2aaf3b1-26f9-43e9-af4a-6714959dbf2f,,2026-03-27T17:52:53.374448Z,,,,,,,,,,,
3e138c38-6360-4ba0-b2ac-352a7b72d77a,2026-03-27T17:52:52.779126+00:00,inference,playbook_selector,1.0.0,detection,DET-142877,cust-globex-003,0.564,pb-data-exfil-investigate,0.612,112.3,FALSE,,,,,,,,cd618cc2-f461-4208-83c4-cac0e0f4689b,,2026-03-27T17:52:52.779072Z,,,,,,,,,,,
9d263644-068b-4066-a2eb-259a608e6efe,2026-03-27T17:52:07.790910+00:00,inference,playbook_selector,1.0.0,detection,DET-142871,cust-acme-corp-002,0.544,pb-lateral-movement,0.928,138.2,FALSE,,,,,,,,38c6243b-fead-4051-a9ba-07858260f8aa,,2026-03-27T17:52:07.790858Z,,,,,,,,,,,
b35e74f3-4651-4405-848b-58637dbb233a,2026-03-27T17:51:53.465305+00:00,inference,playbook_selector,1.0.0,detection,DET-142870,cust-tekstream-001,0.814,pb-data-exfil-investigate,0.658,19.7,FALSE,,,,,,,,4e8b38a0-58dd-41df-a8ae-24f087baf214,,2026-03-27T17:51:53.465252Z,,,,,,,,,,,
24a4ace7-cb8b-4dc2-8430-72a891476783,2026-03-27T17:51:52.654954+00:00,inference,playbook_selector,1.0.0,detection,DET-142868,cust-tekstream-001,0.957,pb-phishing-triage,0.944,160,FALSE,,,,,,,,0a44d573-8289-4aba-ac79-7cdb7a4e8dfc,,2026-03-27T17:51:52.654903Z,,,,,,,,,,,
01fbd869-6e0d-4ebd-92e6-0545a37a63d8,2026-03-27T17:51:23.383870+00:00,inference,playbook_selector,1.0.0,detection,DET-142863,cust-acme-corp-002,0.854,pb-ransomware-containment,0.872,173.7,TRUE,,,,,,,,c378db51-5dd6-4e7b-94e7-4b6e7a0246cd,,2026-03-27T17:51:23.383820Z,,,,,,,,,,,
e921f864-4a72-4624-b914-00c17a966200,2026-03-27T17:51:22.574767+00:00,inference,playbook_selector,1.0.0,detection,DET-142861,cust-globex-003,0.645,pb-lateral-movement,0.652,174.7,FALSE,,,,,,,,57453e39-e72d-4240-8159-87831b3676a2,,2026-03-27T17:51:22.574692Z,,,,,,,,,,,
1d68b8e2-12b4-4a3a-8647-d3c0b5fb230c,2026-03-27T17:51:08.173115+00:00,inference,playbook_selector,1.0.0,detection,DET-142860,cust-tekstream-001,0.561,pb-phishing-triage,0.907,152.2,FALSE,,,,,,,,cb03b0df-7fbc-47c2-b9a1-84f9e78c47b2,,2026-03-27T17:51:08.173066Z,,,,,,,,,,,
8742ef7c-64e3-47e3-ad83-c4847c45259c,2026-03-27T17:50:52.824833+00:00,inference,playbook_selector,1.0.0,detection,DET-142857,cust-globex-003,0.69,pb-brute-force-block,0.655,85.3,FALSE,,,,,,,,1b66fbb9-85df-4a47-a0bf-d3d201b12851,,2026-03-27T17:50:52.824783Z,,,,,,,,,,,
bba34ee9-39a8-4678-8978-6cb17a59eb98,2026-03-27T17:50:38.425193+00:00,inference,playbook_selector,1.0.0,detection,DET-142855,cust-globex-003,0.955,pb-data-exfil-investigate,0.52,74.8,TRUE,,,,,,,,9186f5b9-b621-417b-918e-e8c9acf06fe4,,2026-03-27T17:50:38.425141Z,,,,,,,,,,,
5295373c-5292-4fe8-a54f-e42638d2e0a3,2026-03-27T17:50:38.088268+00:00,inference,playbook_selector,1.0.0,detection,DET-142854,cust-globex-003,0.758,pb-ransomware-containment,0.657,18.6,FALSE,,,,,,,,39270538-7c93-4565-9fd8-8dd6cb0ccf67,,2026-03-27T17:50:38.088215Z,,,,,,,,,,,
774c69c3-d508-4aac-8de1-74744d745df6,2026-03-27T17:50:37.646440+00:00,inference,playbook_selector,1.0.0,detection,DET-142852,cust-acme-corp-002,0.951,pb-malware-response,0.971,38.8,TRUE,,,,,,,,f5fc4eac-07b0-4cd8-8f7c-3a0f87cc60bd,,2026-03-27T17:50:37.646388Z,,,,,,,,,,,
cfa78025-ec0d-4279-a28c-5b932a49dd17,2026-03-27T17:50:07.921633+00:00,inference,playbook_selector,1.0.0,detection,DET-142849,cust-globex-003,0.881,pb-ransomware-containment,0.984,121.8,FALSE,,,,,,,,e8cb6fcb-9b17-465d-911c-ab6cf7d62296,,2026-03-27T17:50:07.921577Z,,,,,,,,,,,
8ceea86f-5dca-4f52-a4c3-78eef4b596ea,2026-03-27T17:49:52.929614+00:00,inference,playbook_selector,1.0.0,detection,DET-142847,cust-acme-corp-002,0.539,pb-data-exfil-investigate,0.698,19.4,FALSE,,,,,,,,2e8f3def-43ec-436d-8b9a-6f5ddc837ccd,,2026-03-27T17:49:52.929558Z,,,,,,,,,,,
d5942794-c13f-4a1c-ba27-8dbf7bf4cb34,2026-03-27T17:49:37.944703+00:00,inference,playbook_selector,1.0.0,detection,DET-142846,cust-tekstream-001,0.672,pb-ransomware-containment,0.587,31.4,FALSE,,,,,,,,e7d208fd-7146-418b-9fa0-fe8f2f9be64c,,2026-03-27T17:49:37.944652Z,,,,,,,,,,,
0504f827-9afe-473c-9922-ccb0c842c4e5,2026-03-27T17:49:22.869985+00:00,inference,playbook_selector,1.0.0,detection,DET-142842,cust-acme-corp-002,0.664,pb-data-exfil-investigate,0.657,139.5,FALSE,,,,,,,,3d8ea39d-67c2-482a-a098-c5e5430f3e96,,2026-03-27T17:49:22.869933Z,,,,,,,,,,,
945c557f-0765-4912-82e8-dc67e2fb3bd9,2026-03-27T17:49:08.365268+00:00,inference,playbook_selector,1.0.0,detection,DET-142841,cust-globex-003,0.807,pb-phishing-triage,0.784,36.4,FALSE,,,,,,,,99afdcbb-1240-4b50-af17-c8f08b7a04c0,,2026-03-27T17:49:08.365215Z,,,,,,,,,,,
b2d19091-d31b-4bf4-815c-ef9e93de06cd,2026-03-27T17:48:52.598191+00:00,inference,playbook_selector,1.0.0,detection,DET-142837,cust-acme-corp-002,0.586,pb-data-exfil-investigate,0.711,143.6,FALSE,,,,,,,,cdb9c922-26e4-46ce-ae36-806d13196958,,2026-03-27T17:48:52.598138Z,,,,,,,,,,,
3d7a4775-b73c-4dea-9f8a-abfed07f8e17,2026-03-27T17:48:23.106178+00:00,inference,playbook_selector,1.0.0,detection,DET-142834,cust-acme-corp-002,0.551,pb-data-exfil-investigate,0.809,50.9,FALSE,,,,,,,,ab03b980-02d6-4841-a8ce-eab5572d2d81,,2026-03-27T17:48:23.106127Z,,,,,,,,,,,
8673eebf-78f8-4209-8031-eb173601ec61,2026-03-27T17:48:08.517549+00:00,inference,playbook_selector,1.0.0,detection,DET-142832,cust-tekstream-001,0.761,pb-lateral-movement,0.97,133.9,TRUE,,,,,,,,aabddffb-8b52-4c4e-b2b3-c37021bd9dfe,,2026-03-27T17:48:08.517472Z,,,,,,,,,,,
b3928d10-d22a-40c5-82b6-5b5a39c0a467,2026-03-27T17:48:08.107379+00:00,inference,playbook_selector,1.0.0,detection,DET-142831,cust-acme-corp-002,0.517,pb-ransomware-containment,0.81,108.7,FALSE,,,,,,,,ad7aa96f-3db5-4292-aab3-7d52798de00e,,2026-03-27T17:48:08.107325Z,,,,,,,,,,,
9768ce0a-a6ce-4756-9ed0-d505024bda02,2026-03-27T17:48:07.693237+00:00,inference,playbook_selector,1.0.0,detection,DET-142830,cust-acme-corp-002,0.556,pb-phishing-triage,0.678,7.6,FALSE,,,,,,,,6c49a095-6581-4fa3-b990-be37fa613d8c,,2026-03-27T17:48:07.693184Z,,,,,,,,,,,
9ea96729-3f94-4fec-a9d5-dc52e7139743,2026-03-27T17:47:53.505484+00:00,inference,playbook_selector,1.0.0,detection,DET-142828,cust-globex-003,0.6,pb-ransomware-containment,0.925,177.3,FALSE,,,,,,,,50ff9f0f-2144-4787-a958-200f5657c216,,2026-03-27T17:47:53.505434Z,,,,,,,,,,,
fe5676b4-5e8c-4624-956b-6db35b9346da,2026-03-27T17:47:53.359158+00:00,inference,playbook_selector,1.0.0,detection,DET-142827,cust-acme-corp-002,0.849,pb-data-exfil-investigate,0.506,48.7,FALSE,,,,,,,,96ad690e-a95b-4ca9-9ecf-9904d5a2471c,,2026-03-27T17:47:53.359096Z,,,,,,,,,,,
dcc1d120-360b-4292-b382-5291ce3b67fe,2026-03-27T17:47:52.936449+00:00,inference,playbook_selector,1.0.0,detection,DET-142826,cust-acme-corp-002,0.816,pb-phishing-triage,0.722,139.4,FALSE,,,,,,,,45fb5a13-cd02-42af-bcdc-d77343a7a21e,,2026-03-27T17:47:52.936388Z,,,,,,,,,,,
a2a3b83e-1a78-4fe7-8c75-ba540a88a535,2026-03-27T17:47:37.772005+00:00,inference,playbook_selector,1.0.0,detection,DET-142823,cust-tekstream-001,0.846,pb-malware-response,0.928,68.2,FALSE,,,,,,,,13931eca-25ea-40b0-98bc-75ac314e7d7c,,2026-03-27T17:47:37.771956Z,,,,,,,,,,,
a6e63543-4054-4a84-a4bc-840556091cc3,2026-03-27T17:47:22.792486+00:00,inference,playbook_selector,1.0.0,detection,DET-142822,cust-globex-003,0.841,pb-phishing-triage,0.69,136.8,FALSE,,,,,,,,1b7d4f01-4547-458c-b5d4-bd599dac7dca,,2026-03-27T17:47:22.792418Z,,,,,,,,,,,
1dd1a298-fcb5-4cb9-aea0-f9e4f7e68131,2026-03-27T17:47:07.713806+00:00,inference,playbook_selector,1.0.0,detection,DET-142821,cust-acme-corp-002,0.947,pb-brute-force-block,0.936,25.8,FALSE,,,,,,,,db0a2d84-e75c-4361-b5e5-88087c557efd,,2026-03-27T17:47:07.713754Z,,,,,,,,,,,
14335f71-0f9b-42c1-97d5-6d198fdce519,2026-03-27T17:46:53.343714+00:00,inference,playbook_selector,1.0.0,detection,DET-142819,cust-tekstream-001,0.517,pb-brute-force-block,0.779,160.8,FALSE,,,,,,,,dc07f8f6-a6a9-40a0-b375-5101d5d15990,,2026-03-27T17:46:53.343660Z,,,,,,,,,,,
f996e85d-f5d7-4e90-bf10-992550c80551,2026-03-27T17:46:52.572518+00:00,inference,playbook_selector,1.0.0,detection,DET-142817,cust-acme-corp-002,0.902,pb-data-exfil-investigate,0.583,93.5,TRUE,,,,,,,,9fc41d78-7598-405f-ad06-a89c7181aa1d,,2026-03-27T17:46:52.572261Z,,,,,,,,,,,
b8262ac6-480a-4840-915a-69439dd85577,2026-03-27T17:46:37.563754+00:00,inference,playbook_selector,1.0.0,detection,DET-142816,cust-tekstream-001,0.759,pb-phishing-triage,0.7,105.1,FALSE,,,,,,,,c910d9bc-2fc9-44e7-ac0d-44902b3931ee,,2026-03-27T17:46:37.563684Z,,,,,,,,,,,
f371e32c-8a2b-4b5b-859e-6440c4d202d7,2026-03-27T17:46:22.761204+00:00,inference,playbook_selector,1.0.0,detection,DET-142814,cust-tekstream-001,0.849,pb-phishing-triage,0.592,65.9,FALSE,,,,,,,,6025e709-18ad-4114-b7cc-da4eeeb28237,,2026-03-27T17:46:22.761138Z,,,,,,,,,,,
c2e6d245-fe95-41db-8792-351e2d274cc0,2026-03-27T17:46:07.698339+00:00,inference,playbook_selector,1.0.0,detection,DET-142811,cust-globex-003,0.93,pb-brute-force-block,0.657,99.1,FALSE,,,,,,,,12badd15-ed6a-49ee-ba2f-2b579526900b,,2026-03-27T17:46:07.698288Z,,,,,,,,,,,
d054f89d-254f-459c-9159-a9ce92637674,2026-03-27T17:45:38.100096+00:00,inference,playbook_selector,1.0.0,detection,DET-142808,cust-globex-003,0.976,pb-ransomware-containment,0.986,161.8,FALSE,,,,,,,,a76b7947-cab5-4bdd-9599-4b74f30c0ee6,,2026-03-27T17:45:38.100046Z,,,,,,,,,,,
067d9d49-b15c-494a-a393-f8d3a6abe422,2026-03-27T17:45:23.210258+00:00,inference,playbook_selector,1.0.0,detection,DET-142805,cust-acme-corp-002,0.707,pb-brute-force-block,0.723,50.4,FALSE,,,,,,,,c82f50f8-2ea5-4126-a336-d47933a29b39,,2026-03-27T17:45:23.210210Z,,,,,,,,,,,
a6a4133f-03b5-4163-9e14-b6575545ae74,2026-03-27T17:45:23.082503+00:00,inference,playbook_selector,1.0.0,detection,DET-142804,cust-globex-003,0.654,pb-lateral-movement,0.528,157.6,FALSE,,,,,,,,3deae34d-f158-4b4e-8a73-036d0e1a378f,,2026-03-27T17:45:23.082452Z,,,,,,,,,,,
5d9d0ccb-98df-481e-a57c-1e382748de3c,2026-03-27T17:45:22.718162+00:00,inference,playbook_selector,1.0.0,detection,DET-142803,cust-tekstream-001,0.944,pb-malware-response,0.905,98.7,FALSE,,,,,,,,049eabcb-3b2e-4932-9f73-03595b39f8ec,,2026-03-27T17:45:22.718095Z,,,,,,,,,,,
1cbcee9a-00f1-4785-a6cf-8317bc8e7eb3,2026-03-27T17:44:52.783000+00:00,inference,playbook_selector,1.0.0,detection,DET-142801,cust-globex-003,0.514,pb-phishing-triage,0.654,134.9,FALSE,,,,,,,,7bedba03-e83e-4c26-924e-33849b474095,,2026-03-27T17:44:52.782951Z,,,,,,,,,,,
0ce273c0-36e3-48b5-9779-0484f5467810,2026-03-27T17:44:37.735054+00:00,inference,playbook_selector,1.0.0,detection,DET-142800,cust-tekstream-001,0.964,pb-malware-response,0.665,36,FALSE,,,,,,,,392ef644-d63a-4321-9a03-87048ad13bd0,,2026-03-27T17:44:37.734987Z,,,,,,,,,,,
98802f40-5739-4804-b40b-fd6584cb9a68,2026-03-27T17:44:22.993540+00:00,inference,playbook_selector,1.0.0,detection,DET-142798,cust-acme-corp-002,0.924,pb-brute-force-block,0.897,74.7,FALSE,,,,,,,,f2054872-c641-43a8-9816-e0ea09c14e79,,2026-03-27T17:44:22.993457Z,,,,,,,,,,,
3b80174f-bfb1-49f3-af0d-e919d7bdf983,2026-03-27T17:44:22.764864+00:00,inference,playbook_selector,1.0.0,detection,DET-142797,cust-acme-corp-002,0.87,pb-phishing-triage,0.905,140.5,FALSE,,,,,,,,8cd12f1d-4f1f-4701-a977-81fdf08d47ce,,2026-03-27T17:44:22.764815Z,,,,,,,,,,,
13db791e-b09e-4a23-b293-5d7f3b1ccd3f,2026-03-27T17:44:08.251979+00:00,inference,playbook_selector,1.0.0,detection,DET-142796,cust-acme-corp-002,0.664,pb-phishing-triage,0.913,179.6,FALSE,,,,,,,,545254db-ac75-42e0-b91f-67740ad6dee0,,2026-03-27T17:44:08.251928Z,,,,,,,,,,,
90dd8857-f2dd-4d59-a3b9-e57233da63dc,2026-03-27T17:44:08.022459+00:00,inference,playbook_selector,1.0.0,detection,DET-142795,cust-acme-corp-002,0.946,pb-brute-force-block,0.608,183.8,FALSE,,,,,,,,f17bdd8b-26c6-4c63-84d2-5f5356d2b3d6,,2026-03-27T17:44:08.022409Z,,,,,,,,,,,
c3dbcbb7-1349-4e30-b9f1-9f0e6200fe14,2026-03-27T17:44:07.676797+00:00,inference,playbook_selector,1.0.0,detection,DET-142794,cust-acme-corp-002,0.949,pb-ransomware-containment,0.578,158.5,FALSE,,,,,,,,53c72f8c-b5e7-42c7-880d-80312f36a07d,,2026-03-27T17:44:07.676736Z,,,,,,,,,,,
164a6a4a-1820-4c1e-839a-53370caeebd3,2026-03-27T17:43:53.128437+00:00,inference,playbook_selector,1.0.0,detection,DET-142792,cust-tekstream-001,0.819,pb-data-exfil-investigate,0.547,196.7,FALSE,,,,,,,,09be6856-8a8a-42b9-85c4-f05d1c9ef159,,2026-03-27T17:43:53.128289Z,,,,,,,,,,,
ff4d557c-4251-4e93-a628-2d3773cfab3b,2026-03-27T17:43:52.557318+00:00,inference,playbook_selector,1.0.0,detection,DET-142791,cust-tekstream-001,0.576,pb-ransomware-containment,0.747,153.3,FALSE,,,,,,,,cb907a62-af65-4a13-bd7a-535befe802a1,,2026-03-27T17:43:52.557268Z,,,,,,,,,,,
fa9de516-7441-422d-94e3-2ca0eb8d4ec9,2026-03-27T17:43:38.026605+00:00,inference,playbook_selector,1.0.0,detection,DET-142790,cust-acme-corp-002,0.753,pb-brute-force-block,0.709,90.1,FALSE,,,,,,,,37a1f452-1710-42c2-9d8a-eec68749a244,,2026-03-27T17:43:38.026553Z,,,,,,,,,,,
97160b23-da49-4636-abe5-85fc7856c2a9,2026-03-27T17:42:53.383049+00:00,inference,playbook_selector,1.0.0,detection,DET-142786,cust-globex-003,0.645,pb-phishing-triage,0.645,114.6,FALSE,,,,,,,,127315f5-ddf2-4fad-a9ba-5bdc29bd8e9a,,2026-03-27T17:42:53.382998Z,,,,,,,,,,,
e3ff2b14-019e-481c-a54d-03a607ca9934,2026-03-27T17:42:52.950442+00:00,inference,playbook_selector,1.0.0,detection,DET-142784,cust-acme-corp-002,0.764,pb-lateral-movement,0.601,183.4,FALSE,,,,,,,,f6cc1cb2-d246-48db-8eb0-8c370c57cb63,,2026-03-27T17:42:52.950390Z,,,,,,,,,,,
1a27bac6-6017-4c6b-98da-5a9e39600ddc,2026-03-27T17:42:52.699273+00:00,inference,playbook_selector,1.0.0,detection,DET-142783,cust-acme-corp-002,0.536,pb-ransomware-containment,0.925,75.9,FALSE,,,,,,,,3c7969d2-fb84-43e9-ac73-8171cc78598d,,2026-03-27T17:42:52.699221Z,,,,,,,,,,,
eb4e15d1-82ec-4284-a78a-011b4628d575,2026-03-27T17:42:38.302363+00:00,inference,playbook_selector,1.0.0,detection,DET-142781,cust-acme-corp-002,0.932,pb-phishing-triage,0.954,18.5,FALSE,,,,,,,,29c7e9b8-126d-4711-b5ff-26120a54248f,,2026-03-27T17:42:38.302311Z,,,,,,,,,,,
a7faa8fb-494d-4ede-a728-15bc8641b3ae,2026-03-27T17:42:37.813857+00:00,inference,playbook_selector,1.0.0,detection,DET-142779,cust-tekstream-001,0.85,pb-ransomware-containment,0.655,46.1,FALSE,,,,,,,,6220608a-ab08-4f9b-8276-0cf4f5b5b19f,,2026-03-27T17:42:37.813807Z,,,,,,,,,,,
eb063d57-13ec-4086-95b7-2409fd78130f,2026-03-27T17:42:22.960926+00:00,inference,playbook_selector,1.0.0,detection,DET-142778,cust-acme-corp-002,0.751,pb-malware-response,0.875,120.5,FALSE,,,,,,,,fe7903c4-3325-4820-bca5-3fe77ac6a874,,2026-03-27T17:42:22.960876Z,,,,,,,,,,,
58b720c2-6564-419f-8c56-91c2e2133695,2026-03-27T17:41:52.680481+00:00,inference,playbook_selector,1.0.0,detection,DET-142773,cust-tekstream-001,0.655,pb-malware-response,0.531,175.4,FALSE,,,,,,,,d11b2506-7027-4d51-9ec0-60f98d191c56,,2026-03-27T17:41:52.680410Z,,,,,,,,,,,
884385b7-7e53-4878-8434-96793da821cc,2026-03-27T17:41:38.341794+00:00,inference,playbook_selector,1.0.0,detection,DET-142772,cust-tekstream-001,0.518,pb-brute-force-block,0.978,174.7,TRUE,,,,,,,,dfb9e426-3ba6-4c48-96e6-2d8f6940e15c,,2026-03-27T17:41:38.341741Z,,,,,,,,,,,
72357e65-e049-44ca-9e7a-0ebb0f18b201,2026-03-27T17:41:37.617576+00:00,inference,playbook_selector,1.0.0,detection,DET-142771,cust-globex-003,0.942,pb-phishing-triage,0.545,122.5,TRUE,,,,,,,,f6c809c7-3127-4ee3-97de-e2795ce9025d,,2026-03-27T17:41:37.617521Z,,,,,,,,,,,
557df7cb-4a24-462e-ba54-32bad3e48cf9,2026-03-27T17:41:24.206295+00:00,inference,playbook_selector,1.0.0,detection,DET-142770,cust-acme-corp-002,0.845,pb-data-exfil-investigate,0.569,102.6,FALSE,,,,,,,,4106a8be-3577-465b-a2ed-94ca4e628c06,,2026-03-27T17:41:24.206246Z,,,,,,,,,,,
df2a5a90-82b4-40d6-8619-248a42e61054,2026-03-27T17:41:23.573224+00:00,inference,playbook_selector,1.0.0,detection,DET-142769,cust-globex-003,0.778,pb-malware-response,0.616,111.8,FALSE,,,,,,,,11b41d60-568b-4034-8f8f-7be33f48be1e,,2026-03-27T17:41:23.573168Z,,,,,,,,,,,
32e31b22-1980-46f3-bad8-1af60ec6da0b,2026-03-27T17:41:23.361256+00:00,inference,playbook_selector,1.0.0,detection,DET-142768,cust-acme-corp-002,0.73,pb-ransomware-containment,0.913,156.5,TRUE,,,,,,,,e9efe2b6-7b45-4104-8680-1e4f30bde809,,2026-03-27T17:41:23.361205Z,,,,,,,,,,,
b7717e3d-703a-4648-a0d5-661842647bff,2026-03-27T17:41:22.684920+00:00,inference,playbook_selector,1.0.0,detection,DET-142767,cust-globex-003,0.831,pb-lateral-movement,0.723,36.1,FALSE,,,,,,,,93cbbd22-acbb-4dbb-9de8-f10d3ec1ecf2,,2026-03-27T17:41:22.684867Z,,,,,,,,,,,
f960f468-a708-4463-bf19-c949169d6cdc,2026-03-27T17:40:22.734870+00:00,inference,playbook_selector,1.0.0,detection,DET-142758,cust-acme-corp-002,0.844,pb-lateral-movement,0.968,40.8,TRUE,,,,,,,,658a5727-69d5-4140-882e-5436d2caf73e,,2026-03-27T17:40:22.734810Z,,,,,,,,,,,
04a2b812-3fc4-43b2-89d0-72bef383d7c0,2026-03-27T17:40:08.432471+00:00,inference,playbook_selector,1.0.0,detection,DET-142757,cust-acme-corp-002,0.832,pb-ransomware-containment,0.907,119.4,FALSE,,,,,,,,54cea70f-228d-4b01-adaa-fd7f8dc34917,,2026-03-27T17:40:08.432301Z,,,,,,,,,,,
e4bfe9cb-4610-4cea-922f-7ae1b21d4709,2026-03-27T17:40:07.477474+00:00,inference,playbook_selector,1.0.0,detection,DET-142754,cust-acme-corp-002,0.82,pb-ransomware-containment,0.765,113.5,FALSE,,,,,,,,c51e0f83-2028-4b2c-81fa-ee8cf8bee9f6,,2026-03-27T17:40:07.477421Z,,,,,,,,,,,
356d495e-2574-41ae-85e8-4a67151e16ea,2026-03-27T17:39:53.754096+00:00,inference,playbook_selector,1.0.0,detection,DET-142753,cust-tekstream-001,0.968,pb-phishing-triage,0.664,105.4,FALSE,,,,,,,,54e9894f-47e9-49e8-8e3e-5f0ee2a00d9c,,2026-03-27T17:39:53.754044Z,,,,,,,,,,,
7a73bc09-a1bb-4d5f-a5ba-7d58d5553cc1,2026-03-27T17:39:53.273899+00:00,inference,playbook_selector,1.0.0,detection,DET-142752,cust-tekstream-001,0.587,pb-brute-force-block,0.745,30.9,FALSE,,,,,,,,ddf9cdeb-56a9-40d1-8de7-410fa2bc3474,,2026-03-27T17:39:53.273848Z,,,,,,,,,,,
a0f744be-43fd-46bc-aa61-1038bce2d55c,2026-03-27T17:39:52.822380+00:00,inference,playbook_selector,1.0.0,detection,DET-142751,cust-tekstream-001,0.759,pb-malware-response,0.812,191.5,FALSE,,,,,,,,3021333a-c0f6-4960-aa7c-ddf4694e7040,,2026-03-27T17:39:52.822329Z,,,,,,,,,,,
07dcffb8-1e66-4c3b-b2cb-42394661d314,2026-03-27T17:39:38.344923+00:00,inference,playbook_selector,1.0.0,detection,DET-142749,cust-globex-003,0.522,pb-brute-force-block,0.647,121.9,FALSE,,,,,,,,1cf9b180-cba3-4510-b429-4393d0e3078f,,2026-03-27T17:39:38.344872Z,,,,,,,,,,,
1ad14a82-f73b-4978-88b1-7662f2c8eff2,2026-03-27T17:39:37.935963+00:00,inference,playbook_selector,1.0.0,detection,DET-142748,cust-tekstream-001,0.907,pb-ransomware-containment,0.671,54,FALSE,,,,,,,,6d2d8967-066e-4d6a-9a36-a7ae394b4673,,2026-03-27T17:39:37.935912Z,,,,,,,,,,,
4debee87-0b34-4241-ab13-4de0fecf248e,2026-03-27T17:39:37.540196+00:00,inference,playbook_selector,1.0.0,detection,DET-142747,cust-globex-003,0.611,pb-malware-response,0.979,93.8,FALSE,,,,,,,,32b965c2-4738-4998-b3e7-63fe78532b29,,2026-03-27T17:39:37.540147Z,,,,,,,,,,,
750dc5dd-3c84-4937-8c45-1608a5447f44,2026-03-27T17:38:52.844226+00:00,inference,playbook_selector,1.0.0,detection,DET-142743,cust-tekstream-001,0.658,pb-lateral-movement,0.711,152.4,FALSE,,,,,,,,bd14911c-ce10-4528-970f-c490b9307e80,,2026-03-27T17:38:52.844175Z,,,,,,,,,,,
906f8d4a-03f0-4238-b2eb-128f67ecd2cf,2026-03-27T17:38:37.554057+00:00,inference,playbook_selector,1.0.0,detection,DET-142739,cust-acme-corp-002,0.793,pb-data-exfil-investigate,0.595,143.8,FALSE,,,,,,,,7a0fabc8-e4df-4e1e-8e27-19b180287350,,2026-03-27T17:38:37.554007Z,,,,,,,,,,,
2d18fd75-03b9-46ea-9ae9-4620e8f9f6c0,2026-03-27T17:38:22.627478+00:00,inference,playbook_selector,1.0.0,detection,DET-142738,cust-acme-corp-002,0.655,pb-malware-response,0.897,153.1,FALSE,,,,,,,,1faa5351-ac47-431e-82fe-6b02cd36f65d,,2026-03-27T17:38:22.627426Z,,,,,,,,,,,
228bd5b6-f5c2-443c-a081-5af59f6d9552,2026-03-27T17:38:07.600442+00:00,inference,playbook_selector,1.0.0,detection,DET-142737,cust-globex-003,0.736,pb-ransomware-containment,0.561,34.6,FALSE,,,,,,,,6700dac8-435d-4235-a100-b2a093f0f262,,2026-03-27T17:38:07.600383Z,,,,,,,,,,,
ef468152-e10d-47c9-9771-3654d8ecd556,2026-03-27T17:37:53.012604+00:00,inference,playbook_selector,1.0.0,detection,DET-142736,cust-globex-003,0.527,pb-ransomware-containment,0.972,169.5,FALSE,,,,,,,,2c97e16e-6255-417d-be50-9a22265b5c15,,2026-03-27T17:37:53.012553Z,,,,,,,,,,,
7270e241-1a50-473a-a92f-ee2d6bf7dbe6,2026-03-27T17:37:38.695261+00:00,inference,playbook_selector,1.0.0,detection,DET-142734,cust-acme-corp-002,0.564,pb-ransomware-containment,0.604,67.2,FALSE,,,,,,,,5b034df2-e05e-4ef4-bb6c-09b21fc22293,,2026-03-27T17:37:38.695207Z,,,,,,,,,,,
b778cc09-06a1-4bb7-b9d2-9fac6ac38277,2026-03-27T17:37:38.199264+00:00,inference,playbook_selector,1.0.0,detection,DET-142733,cust-tekstream-001,0.535,pb-ransomware-containment,0.556,85.7,FALSE,,,,,,,,8c2e0f56-cff6-44b1-8b1a-6c0f086fc7ad,,2026-03-27T17:37:38.199208Z,,,,,,,,,,,
da1b8cff-4df4-491a-b835-a24b96bdd551,2026-03-27T17:37:37.974234+00:00,inference,playbook_selector,1.0.0,detection,DET-142732,cust-globex-003,0.799,pb-ransomware-containment,0.761,156.4,FALSE,,,,,,,,fabd1407-5806-4af2-8d13-3b00bb97e8b2,,2026-03-27T17:37:37.974183Z,,,,,,,,,,,
026a540b-dbcb-439c-a9b1-27bc2dccac39,2026-03-27T17:37:37.537174+00:00,inference,playbook_selector,1.0.0,detection,DET-142731,cust-globex-003,0.505,pb-ransomware-containment,0.637,23.8,FALSE,,,,,,,,67ed0a1a-29ce-435f-9646-0e9122bf19dd,,2026-03-27T17:37:37.537122Z,,,,,,,,,,,
f0838040-f400-4dbb-be89-e094c91f7f23,2026-03-27T17:37:23.608061+00:00,inference,playbook_selector,1.0.0,detection,DET-142730,cust-tekstream-001,0.88,pb-ransomware-containment,0.76,181.2,FALSE,,,,,,,,d1126edb-6ad9-4959-aa21-dc70ffe3b97c,,2026-03-27T17:37:23.608009Z,,,,,,,,,,,
f74c1621-f0e0-4e39-b4e0-492af998ed31,2026-03-27T17:37:22.981771+00:00,inference,playbook_selector,1.0.0,detection,DET-142728,cust-globex-003,0.583,pb-lateral-movement,0.845,160.7,FALSE,,,,,,,,e2fb5385-02a9-4945-ba80-e0c25abfa716,,2026-03-27T17:37:22.981720Z,,,,,,,,,,,
f39832e4-f686-4185-b9ca-7a4d8ae97d3f,2026-03-27T17:37:07.808933+00:00,inference,playbook_selector,1.0.0,detection,DET-142726,cust-acme-corp-002,0.876,pb-brute-force-block,0.935,16.2,FALSE,,,,,,,,ae30ed01-775e-4b35-8789-15af4c0b3d2f,,2026-03-27T17:37:07.808881Z,,,,,,,,,,,
448ebeec-daa4-462e-b3d5-bdad743f6f8f,2026-03-27T17:36:52.608811+00:00,inference,playbook_selector,1.0.0,detection,DET-142722,cust-acme-corp-002,0.561,pb-data-exfil-investigate,0.903,195.2,FALSE,,,,,,,,13fe21f3-b6d4-4cd8-b0d7-3a57090207be,,2026-03-27T17:36:52.608760Z,,,,,,,,,,,
4b36c3d4-a76a-4aba-aa43-83949a905826,2026-03-27T17:36:37.477458+00:00,inference,playbook_selector,1.0.0,detection,DET-142721,cust-tekstream-001,0.724,pb-brute-force-block,0.827,70.4,TRUE,,,,,,,,41233627-4b0f-4bbb-84d2-9d8047cff18c,,2026-03-27T17:36:37.477407Z,,,,,,,,,,,
11c50f4b-0e0d-430a-b2ca-9b6aa1f6e512,2026-03-27T17:36:22.561622+00:00,inference,playbook_selector,1.0.0,detection,DET-142719,cust-tekstream-001,0.587,pb-data-exfil-investigate,0.565,169.1,FALSE,,,,,,,,2e39aa7e-0367-49e7-a47f-8d56dc86d99d,,2026-03-27T17:36:22.561569Z,,,,,,,,,,,
693790ca-6dce-4ed2-89f1-977db1e9e876,2026-03-27T17:36:08.108885+00:00,inference,playbook_selector,1.0.0,detection,DET-142716,cust-globex-003,0.657,pb-data-exfil-investigate,0.73,111.4,FALSE,,,,,,,,18172bcd-eb16-469a-82fb-ab6059370549,,2026-03-27T17:36:08.108830Z,,,,,,,,,,,
3e562667-19c1-4367-87ed-9e2508f40edf,2026-03-27T17:35:52.505840+00:00,inference,playbook_selector,1.0.0,detection,DET-142713,cust-acme-corp-002,0.979,pb-lateral-movement,0.693,110.5,TRUE,,,,,,,,d703c415-cdbf-4ca7-89dc-7d36abb13a03,,2026-03-27T17:35:52.505788Z,,,,,,,,,,,
011617e6-622a-4996-8b93-27ae50cfd8d7,2026-03-27T17:35:23.142680+00:00,inference,playbook_selector,1.0.0,detection,DET-142710,cust-acme-corp-002,0.504,pb-malware-response,0.516,147.4,FALSE,,,,,,,,7317416f-f912-469d-96e5-6752a9458061,,2026-03-27T17:35:23.142626Z,,,,,,,,,,,
54537c4c-6dbc-4e6f-a2bc-3b27fe2f54d0,2026-03-27T17:35:22.684004+00:00,inference,playbook_selector,1.0.0,detection,DET-142709,cust-acme-corp-002,0.595,pb-ransomware-containment,0.775,99.9,FALSE,,,,,,,,8c3e588f-8dbe-4c9b-a3f6-11df89092208,,2026-03-27T17:35:22.683936Z,,,,,,,,,,,
23b42ce9-c3d1-45d3-b647-29c2f4d9bde1,2026-03-27T17:35:07.600258+00:00,inference,playbook_selector,1.0.0,detection,DET-142708,cust-globex-003,0.663,pb-brute-force-block,0.539,155.6,FALSE,,,,,,,,ebdac199-c675-443b-b397-7967b90fbff4,,2026-03-27T17:35:07.600204Z,,,,,,,,,,,
d115e6d1-2e77-4159-bbc3-0880fd6075e9,2026-03-27T17:34:38.222547+00:00,inference,playbook_selector,1.0.0,detection,DET-142705,cust-globex-003,0.958,pb-data-exfil-investigate,0.869,159,FALSE,,,,,,,,4d28ce9d-6332-4841-bdd0-8587e858af7f,,2026-03-27T17:34:38.222497Z,,,,,,,,,,,
d14b9c83-90e7-4aad-89c5-a6762b83d526,2026-03-27T17:34:37.664773+00:00,inference,playbook_selector,1.0.0,detection,DET-142704,cust-tekstream-001,0.946,pb-malware-response,0.688,141,FALSE,,,,,,,,0a977c3a-e52c-4ec3-8201-ca3da1c6e39d,,2026-03-27T17:34:37.664705Z,,,,,,,,,,,
fa14a349-b0e6-4ffb-a879-5dbe116a615e,2026-03-27T17:34:22.631504+00:00,inference,playbook_selector,1.0.0,detection,DET-142702,cust-globex-003,0.867,pb-data-exfil-investigate,0.841,19.2,FALSE,,,,,,,,1f357ae5-4e98-47da-bc01-a6952811081c,,2026-03-27T17:34:22.631452Z,,,,,,,,,,,
a088b49f-feaa-4068-bbd0-8f5f535215e9,2026-03-27T17:34:07.652491+00:00,inference,playbook_selector,1.0.0,detection,DET-142701,cust-tekstream-001,0.738,pb-ransomware-containment,0.834,75.8,FALSE,,,,,,,,fb7faf30-ed17-4905-9fad-69de140e7e4f,,2026-03-27T17:34:07.652436Z,,,,,,,,,,,
b7228633-1c0b-4276-8cbf-668cd988a969,2026-03-27T17:33:52.912631+00:00,inference,playbook_selector,1.0.0,detection,DET-142700,cust-acme-corp-002,0.781,pb-phishing-triage,0.736,41.5,FALSE,,,,,,,,f1409e05-5831-451b-a5f1-92c2f907ae0c,,2026-03-27T17:33:52.912577Z,,,,,,,,,,,
ab247c1e-a335-4eaa-b2ea-52e304070597,2026-03-27T17:33:52.597773+00:00,inference,playbook_selector,1.0.0,detection,DET-142699,cust-acme-corp-002,0.803,pb-brute-force-block,0.852,147.8,FALSE,,,,,,,,37965477-9618-4eec-aeb7-9d75891ddf32,,2026-03-27T17:33:52.597721Z,,,,,,,,,,,
07e24f3a-15dc-4e34-a9e8-83faa2439b4e,2026-03-27T17:33:38.097865+00:00,inference,playbook_selector,1.0.0,detection,DET-142698,cust-tekstream-001,0.724,pb-data-exfil-investigate,0.988,179.8,FALSE,,,,,,,,6da96d9b-5580-4edd-9f19-c0662e6d3ddc,,2026-03-27T17:33:38.097815Z,,,,,,,,,,,
de6ec6e5-0680-41cf-b709-a3511af56324,2026-03-27T17:33:37.489654+00:00,inference,playbook_selector,1.0.0,detection,DET-142697,cust-tekstream-001,0.749,pb-lateral-movement,0.676,20.1,FALSE,,,,,,,,e6c6af56-1aff-404f-b62e-f84cdd381c42,,2026-03-27T17:33:37.489603Z,,,,,,,,,,,
d698541c-a996-42c5-a607-f57d4b07c7e6,2026-03-27T17:33:23.331695+00:00,inference,playbook_selector,1.0.0,detection,DET-142696,cust-globex-003,0.654,pb-lateral-movement,0.632,49.1,FALSE,,,,,,,,ea956b0f-d039-426f-91f9-9151b3b6ff12,,2026-03-27T17:33:23.331643Z,,,,,,,,,,,
c60c3817-e9d8-4380-aac3-6ef1dd275595,2026-03-27T17:33:23.089887+00:00,inference,playbook_selector,1.0.0,detection,DET-142695,cust-acme-corp-002,0.949,pb-phishing-triage,0.588,46.4,FALSE,,,,,,,,223f56fd-99f6-4a86-bfe1-bb80d5a57c72,,2026-03-27T17:33:23.089838Z,,,,,,,,,,,
799f5ef4-82a8-4b71-9496-fd4f1a6477b9,2026-03-27T17:33:08.004759+00:00,inference,playbook_selector,1.0.0,detection,DET-142693,cust-acme-corp-002,0.658,pb-lateral-movement,0.598,32.3,FALSE,,,,,,,,bbfbb12f-895c-44ec-b0c7-136ce0c9ce7f,,2026-03-27T17:33:08.004706Z,,,,,,,,,,,
d5d49616-7b9f-4a8a-8a2a-10ce871063af,2026-03-27T17:33:07.564603+00:00,inference,playbook_selector,1.0.0,detection,DET-142692,cust-globex-003,0.609,pb-malware-response,0.924,100.2,FALSE,,,,,,,,9595a08b-df8c-45af-8063-5a4ce6992006,,2026-03-27T17:33:07.564552Z,,,,,,,,,,,
afa1cf57-9a98-492a-917b-086611eaca50,2026-03-27T17:32:37.608186+00:00,inference,playbook_selector,1.0.0,detection,DET-142689,cust-tekstream-001,0.953,pb-phishing-triage,0.517,184.1,FALSE,,,,,,,,9739736e-5f2f-4d04-b1fa-3b75528db9b2,,2026-03-27T17:32:37.608134Z,,,,,,,,,,,
3dc4a99b-31b7-47fa-b80e-b68187c032b8,2026-03-27T17:32:23.196223+00:00,inference,playbook_selector,1.0.0,detection,DET-142688,cust-globex-003,0.967,pb-data-exfil-investigate,0.688,110.7,FALSE,,,,,,,,9bab198b-0210-417f-abb3-b86b4b5e37de,,2026-03-27T17:32:23.196172Z,,,,,,,,,,,
a8ba1898-b0d0-46e5-9561-11da3ed6f9b4,2026-03-27T17:32:22.544680+00:00,inference,playbook_selector,1.0.0,detection,DET-142687,cust-globex-003,0.632,pb-lateral-movement,0.712,9.7,TRUE,,,,,,,,a7aad9aa-0eff-47fe-90dc-df77e939e2f6,,2026-03-27T17:32:22.544626Z,,,,,,,,,,,
7a239bc2-3638-45dc-8eb6-bc13fe21c69b,2026-03-27T17:32:07.626428+00:00,inference,playbook_selector,1.0.0,detection,DET-142686,cust-acme-corp-002,0.657,pb-malware-response,0.857,126.4,FALSE,,,,,,,,b07d377a-8966-40f9-bc96-552a2f42956c,,2026-03-27T17:32:07.626377Z,,,,,,,,,,,
c5e6d805-6a42-48d7-994e-b06264ee0da8,2026-03-27T17:31:53.491640+00:00,inference,playbook_selector,1.0.0,detection,DET-142685,cust-acme-corp-002,0.883,pb-data-exfil-investigate,0.767,151.6,FALSE,,,,,,,,2c213496-f8ae-4696-8870-e0ead8d68329,,2026-03-27T17:31:53.491589Z,,,,,,,,,,,
0b82cf36-b78a-4504-b685-4bf1e19ea080,2026-03-27T17:31:53.031131+00:00,inference,playbook_selector,1.0.0,detection,DET-142684,cust-acme-corp-002,0.826,pb-data-exfil-investigate,0.689,121.8,FALSE,,,,,,,,e5739ced-86f0-445c-8892-c1659f79b2ed,,2026-03-27T17:31:53.031080Z,,,,,,,,,,,
6b4f1b03-c077-4d0b-ade9-dc3b95faecdd,2026-03-27T17:31:37.935945+00:00,inference,playbook_selector,1.0.0,detection,DET-142682,cust-tekstream-001,0.522,pb-malware-response,0.628,91.2,FALSE,,,,,,,,500b785f-0ee1-4e04-8a59-b17f01605b56,,2026-03-27T17:31:37.935895Z,,,,,,,,,,,
6a92f143-0913-4ee1-bd28-9ec4633a67b6,2026-03-27T17:31:37.648417+00:00,inference,playbook_selector,1.0.0,detection,DET-142681,cust-globex-003,0.892,pb-brute-force-block,0.965,156.5,FALSE,,,,,,,,70332946-167a-49bb-8408-7cd023a37083,,2026-03-27T17:31:37.648267Z,,,,,,,,,,,
56486959-9d2e-4a03-a8d0-3272017cb477,2026-03-27T17:31:22.995419+00:00,inference,playbook_selector,1.0.0,detection,DET-142679,cust-acme-corp-002,0.746,pb-data-exfil-investigate,0.664,195.5,FALSE,,,,,,,,3b19f01b-7085-44ab-b669-5d5b3cde5e16,,2026-03-27T17:31:22.995368Z,,,,,,,,,,,
7e91757e-0807-422b-8da2-776425455e60,2026-03-27T17:31:07.524209+00:00,inference,playbook_selector,1.0.0,detection,DET-142677,cust-globex-003,0.667,pb-lateral-movement,0.715,163.3,FALSE,,,,,,,,373d73a7-4082-49ed-b76e-cd24cba57fed,,2026-03-27T17:31:07.524150Z,,,,,,,,,,,
d8aa1a81-c78b-4265-8d29-76f415bbfb87,2026-03-27T17:30:53.247705+00:00,inference,playbook_selector,1.0.0,detection,DET-142676,cust-acme-corp-002,0.939,pb-ransomware-containment,0.932,71.2,FALSE,,,,,,,,3eeafe2d-23b8-48f4-8b46-79efc3cacbfe,,2026-03-27T17:30:53.247652Z,,,,,,,,,,,
42bb1c94-4afd-4a3c-9b2a-18e1afbf7f48,2026-03-27T17:30:52.552634+00:00,inference,playbook_selector,1.0.0,detection,DET-142675,cust-tekstream-001,0.847,pb-brute-force-block,0.817,31.9,FALSE,,,,,,,,4c08356f-f4b7-41ac-98b5-57b422c3b6fb,,2026-03-27T17:30:52.552577Z,,,,,,,,,,,
36f24025-b485-40e7-852b-fc1e49937952,2026-03-27T17:30:38.605434+00:00,inference,playbook_selector,1.0.0,detection,DET-142673,cust-acme-corp-002,0.51,pb-phishing-triage,0.506,106.9,TRUE,,,,,,,,47af421f-8b62-41f8-ba52-0e761b3d29f2,,2026-03-27T17:30:38.605384Z,,,,,,,,,,,
8a7e31a8-7565-4ee3-bdca-3ae49a68e7bd,2026-03-27T17:30:37.489684+00:00,inference,playbook_selector,1.0.0,detection,DET-142672,cust-tekstream-001,0.928,pb-data-exfil-investigate,0.891,76.6,FALSE,,,,,,,,b80d2221-79ea-4073-b10b-3a6d846f30d0,,2026-03-27T17:30:37.489631Z,,,,,,,,,,,
c5e40cb3-4aa2-4ca9-b82e-56969d59aef6,2026-03-27T17:30:08.495181+00:00,inference,playbook_selector,1.0.0,detection,DET-142667,cust-globex-003,0.585,pb-ransomware-containment,0.876,174.2,TRUE,,,,,,,,aab745fc-5faa-4487-ad0f-eee98be3cf54,,2026-03-27T17:30:08.495129Z,,,,,,,,,,,
00404a4c-7ada-4ae2-adc5-d26686c44f80,2026-03-27T17:30:07.518120+00:00,inference,playbook_selector,1.0.0,detection,DET-142665,cust-tekstream-001,0.7,pb-malware-response,0.601,69.6,FALSE,,,,,,,,0fc97fb8-18da-4aa1-a77d-53e3fbdc2b6d,,2026-03-27T17:30:07.518067Z,,,,,,,,,,,
c1b764a8-1368-4b6a-81b9-f0ade73d600d,2026-03-27T17:29:53.451219+00:00,inference,playbook_selector,1.0.0,detection,DET-142664,cust-tekstream-001,0.918,pb-malware-response,0.78,94.8,FALSE,,,,,,,,c865673f-f51e-4700-841e-4d438a865f39,,2026-03-27T17:29:53.451169Z,,,,,,,,,,,
886525f5-8429-4c1d-88f3-b5534fda3c18,2026-03-27T17:29:52.935443+00:00,inference,playbook_selector,1.0.0,detection,DET-142663,cust-acme-corp-002,0.936,pb-data-exfil-investigate,0.764,22.3,FALSE,,,,,,,,2872069a-e5c5-47cd-aeac-6ba67d9d5e72,,2026-03-27T17:29:52.935386Z,,,,,,,,,,,
7209015f-8b7c-40ce-abf1-a783be47f847,2026-03-27T17:29:52.524415+00:00,inference,playbook_selector,1.0.0,detection,DET-142661,cust-globex-003,0.622,pb-malware-response,0.847,194.7,FALSE,,,,,,,,4f825c48-cada-4e0b-9593-1eae814eaa5a,,2026-03-27T17:29:52.524239Z,,,,,,,,,,,
01e696d8-9d9d-4bd8-a91e-38789ebff927,2026-03-27T17:29:37.492053+00:00,inference,playbook_selector,1.0.0,detection,DET-142660,cust-acme-corp-002,0.66,pb-brute-force-block,0.8,146.1,FALSE,,,,,,,,709ff106-6198-4ef2-a785-38852ad97515,,2026-03-27T17:29:37.492000Z,,,,,,,,,,,
7aa122e3-c132-4b22-9fd0-2a1f7cb3be85,2026-03-27T17:29:22.791342+00:00,inference,playbook_selector,1.0.0,detection,DET-142658,cust-acme-corp-002,0.601,pb-phishing-triage,0.63,62.3,FALSE,,,,,,,,70ff68c1-07b2-4349-9bab-ee24229b7937,,2026-03-27T17:29:22.791280Z,,,,,,,,,,,
9a2f6582-916e-4c89-a793-8f7f80ba0ad0,2026-03-27T17:29:22.460595+00:00,inference,playbook_selector,1.0.0,detection,DET-142657,cust-globex-003,0.866,pb-malware-response,0.596,120.3,FALSE,,,,,,,,bf81cdc4-b836-41a3-848f-7d003c4669be,,2026-03-27T17:29:22.460537Z,,,,,,,,,,,
02ae333d-1984-47b4-990e-a76891fa9215,2026-03-27T17:29:07.844673+00:00,inference,playbook_selector,1.0.0,detection,DET-142655,cust-acme-corp-002,0.507,pb-malware-response,0.719,170.3,FALSE,,,,,,,,fe5ca7ed-f2af-43fe-8f0d-25e81b4be80d,,2026-03-27T17:29:07.844621Z,,,,,,,,,,,
03516455-a2bd-4946-be0f-f53bcd45f7a1,2026-03-27T17:29:07.462164+00:00,inference,playbook_selector,1.0.0,detection,DET-142654,cust-acme-corp-002,0.832,pb-phishing-triage,0.672,31.8,FALSE,,,,,,,,ae191ce0-bdf4-41ec-a690-e53e5fb7093f,,2026-03-27T17:29:07.462105Z,,,,,,,,,,,
8bdfe517-e71d-40c7-b143-df5285db8621,2026-03-27T17:28:52.801449+00:00,inference,playbook_selector,1.0.0,detection,DET-142651,cust-globex-003,0.609,pb-brute-force-block,0.916,148.9,FALSE,,,,,,,,d50efc2a-025d-4717-8b0b-a20325cda30c,,2026-03-27T17:28:52.801401Z,,,,,,,,,,,
805fff79-acbf-44b7-a99c-3c21749bfc7e,2026-03-27T17:28:37.999161+00:00,inference,playbook_selector,1.0.0,detection,DET-142649,cust-acme-corp-002,0.837,pb-data-exfil-investigate,0.843,122.3,FALSE,,,,,,,,4d691f32-0055-4c11-abce-d7f06c5a408e,,2026-03-27T17:28:37.999108Z,,,,,,,,,,,
0afff8bb-532a-4fd5-bae8-56cc5df4747e,2026-03-27T17:28:23.468772+00:00,inference,playbook_selector,1.0.0,detection,DET-142646,cust-globex-003,0.954,pb-phishing-triage,0.539,100.8,FALSE,,,,,,,,74818f1b-2d46-4104-a809-06bed3624727,,2026-03-27T17:28:23.468718Z,,,,,,,,,,,
7642c858-a549-4d0b-8580-75a01c514af7,2026-03-27T17:28:07.818883+00:00,inference,playbook_selector,1.0.0,detection,DET-142642,cust-globex-003,0.656,pb-phishing-triage,0.544,106,FALSE,,,,,,,,2b90128d-e645-4323-b175-4a884ebfcede,,2026-03-27T17:28:07.818833Z,,,,,,,,,,,
305ccba4-f3d7-4e91-93fb-7e4aeee542bd,2026-03-27T17:28:07.574229+00:00,inference,playbook_selector,1.0.0,detection,DET-142641,cust-acme-corp-002,0.958,pb-lateral-movement,0.697,126,FALSE,,,,,,,,6838e119-05a3-4d0d-838d-c08c3d9c01e5,,2026-03-27T17:28:07.574176Z,,,,,,,,,,,
918b652c-fdf4-41df-8c8d-20037954f263,2026-03-27T17:27:53.721882+00:00,inference,playbook_selector,1.0.0,detection,DET-142640,cust-tekstream-001,0.501,pb-brute-force-block,0.743,140.7,FALSE,,,,,,,,690316fb-9e69-4748-9cec-43b3bc5f4d07,,2026-03-27T17:27:53.721829Z,,,,,,,,,,,
e93d6b54-8cfe-4ceb-924e-352b873e0f70,2026-03-27T17:27:52.937460+00:00,inference,playbook_selector,1.0.0,detection,DET-142638,cust-tekstream-001,0.936,pb-lateral-movement,0.507,170.8,FALSE,,,,,,,,fbc40e04-a8e4-4668-8b18-3a62aa26acb6,,2026-03-27T17:27:52.937408Z,,,,,,,,,,,
3c0186f5-1d82-46a3-bfa6-327c811c82d5,2026-03-27T17:27:52.715317+00:00,inference,playbook_selector,1.0.0,detection,DET-142637,cust-acme-corp-002,0.687,pb-malware-response,0.694,140.2,FALSE,,,,,,,,703e55dd-6355-4452-9929-9e19f3086aae,,2026-03-27T17:27:52.715263Z,,,,,,,,,,,
7288729f-6ea0-4da6-976f-05b035b98eac,2026-03-27T17:27:37.531005+00:00,inference,playbook_selector,1.0.0,detection,DET-142636,cust-tekstream-001,0.955,pb-lateral-movement,0.84,116.3,FALSE,,,,,,,,4d614875-bd71-4cec-848e-948a233df67a,,2026-03-27T17:27:37.530954Z,,,,,,,,,,,
d1ab4d69-a1fa-4d6a-be2f-63e0051105de,2026-03-27T17:27:23.537429+00:00,inference,playbook_selector,1.0.0,detection,DET-142635,cust-tekstream-001,0.684,pb-data-exfil-investigate,0.564,139.6,FALSE,,,,,,,,267c64c1-6aab-46ae-8f6e-b9f2b5ebedde,,2026-03-27T17:27:23.537377Z,,,,,,,,,,,
1111f5b1-e4aa-4654-baee-4dbf046c6a27,2026-03-27T17:27:22.744282+00:00,inference,playbook_selector,1.0.0,detection,DET-142633,cust-globex-003,0.696,pb-phishing-triage,0.586,104.1,TRUE,,,,,,,,d3a20dd1-2c01-41a9-b446-e1aa30b8ce8a,,2026-03-27T17:27:22.744230Z,,,,,,,,,,,
9ba15131-cd46-43f8-9837-dbf4c19b5897,2026-03-27T17:27:22.481822+00:00,inference,playbook_selector,1.0.0,detection,DET-142632,cust-acme-corp-002,0.959,pb-data-exfil-investigate,0.521,158.1,FALSE,,,,,,,,5b66de3e-5c1a-4e66-8948-63e9774d0d14,,2026-03-27T17:27:22.481773Z,,,,,,,,,,,
9cbe93a0-c34e-4bf0-b7c1-2da803287a4d,2026-03-27T17:27:08.690415+00:00,inference,playbook_selector,1.0.0,detection,DET-142631,cust-acme-corp-002,0.756,pb-data-exfil-investigate,0.619,101.3,FALSE,,,,,,,,385b4221-dcd0-4b8b-9cb4-ded95dd71732,,2026-03-27T17:27:08.690363Z,,,,,,,,,,,
ee53d6bc-9c1f-4e8d-81a7-e55aec192043,2026-03-27T17:27:07.822002+00:00,inference,playbook_selector,1.0.0,detection,DET-142629,cust-tekstream-001,0.824,pb-malware-response,0.636,69.1,FALSE,,,,,,,,4efc331c-36a7-4fc2-a668-1152cfdd8fd0,,2026-03-27T17:27:07.821951Z,,,,,,,,,,,
ea14a0ff-cf32-4ee3-bf1f-3deef971a6c3,2026-03-27T17:27:07.420609+00:00,inference,playbook_selector,1.0.0,detection,DET-142628,cust-globex-003,0.72,pb-phishing-triage,0.51,12.3,FALSE,,,,,,,,3eec28eb-6fd4-4387-8fc7-de2b5fb86005,,2026-03-27T17:27:07.420550Z,,,,,,,,,,,
614a80f9-b2ca-478a-b98d-1706f8d59149,2026-03-27T17:26:53.224762+00:00,inference,playbook_selector,1.0.0,detection,DET-142627,cust-globex-003,0.943,pb-malware-response,0.815,100.7,FALSE,,,,,,,,58b86f2c-2a76-497e-b95b-de8bdec3b369,,2026-03-27T17:26:53.224701Z,,,,,,,,,,,
f3bb7e84-8bce-405a-83fc-87ff4dce5590,2026-03-27T17:26:52.631032+00:00,inference,playbook_selector,1.0.0,detection,DET-142625,cust-tekstream-001,0.862,pb-lateral-movement,0.912,44.9,FALSE,,,,,,,,86c2216c-79c5-41bb-9ede-54dab15f4adf,,2026-03-27T17:26:52.630979Z,,,,,,,,,,,
a5644078-333c-4a02-8317-a606499b8e84,2026-03-27T17:26:37.764244+00:00,inference,playbook_selector,1.0.0,detection,DET-142624,cust-globex-003,0.795,pb-brute-force-block,0.813,33,FALSE,,,,,,,,0fdf767a-6c10-4f6c-986c-debf779c1594,,2026-03-27T17:26:37.764193Z,,,,,,,,,,,
50e3432f-6f5f-48e1-bfde-c93ece791b2f,2026-03-27T17:26:23.524424+00:00,inference,playbook_selector,1.0.0,detection,DET-142622,cust-globex-003,0.646,pb-ransomware-containment,0.652,141.4,FALSE,,,,,,,,c2c83856-e6bf-4e56-bc17-97b8653bd19e,,2026-03-27T17:26:23.524273Z,,,,,,,,,,,
16455e0e-7c3c-40d7-a58d-8d3b507049eb,2026-03-27T17:26:23.227277+00:00,inference,playbook_selector,1.0.0,detection,DET-142621,cust-globex-003,0.93,pb-data-exfil-investigate,0.652,13,FALSE,,,,,,,,71dc65e4-68bb-45fb-9501-ea97c80e2db8,,2026-03-27T17:26:23.227226Z,,,,,,,,,,,
ca695c9d-9c49-46de-8882-c9f35f9ed67f,2026-03-27T17:26:22.822358+00:00,inference,playbook_selector,1.0.0,detection,DET-142620,cust-globex-003,0.788,pb-phishing-triage,0.545,29.1,FALSE,,,,,,,,6c5da8af-f04a-4d35-84a0-eb07613ffefe,,2026-03-27T17:26:22.822306Z,,,,,,,,,,,
c8132415-4ac5-4d4e-bf0d-fef97e302f1b,2026-03-27T17:26:07.637196+00:00,inference,playbook_selector,1.0.0,detection,DET-142617,cust-globex-003,0.939,pb-phishing-triage,0.972,30.7,FALSE,,,,,,,,6c125695-b963-4c95-9872-9063ac8055f8,,2026-03-27T17:26:07.637145Z,,,,,,,,,,,
bb555b86-a1ba-4aa1-bb72-da7d1785b260,2026-03-27T17:25:38.083906+00:00,inference,playbook_selector,1.0.0,detection,DET-142614,cust-acme-corp-002,0.836,pb-ransomware-containment,0.63,38.2,FALSE,,,,,,,,323a0862-f1f5-4f77-b420-51f1be4029ee,,2026-03-27T17:25:38.083855Z,,,,,,,,,,,
4432239e-2721-4ce0-866e-145211179f76,2026-03-27T17:25:37.831233+00:00,inference,playbook_selector,1.0.0,detection,DET-142613,cust-globex-003,0.739,pb-malware-response,0.904,27.8,FALSE,,,,,,,,b648178f-3394-4f6f-9261-a36ae1d6b86b,,2026-03-27T17:25:37.831179Z,,,,,,,,,,,
0a730688-f88d-4f9b-8ed5-809ecc091bf1,2026-03-27T17:25:37.502455+00:00,inference,playbook_selector,1.0.0,detection,DET-142612,cust-globex-003,0.6,pb-lateral-movement,0.552,17.5,FALSE,,,,,,,,47b706f9-4253-4fd7-b227-88be86506d64,,2026-03-27T17:25:37.502403Z,,,,,,,,,,,
75f571f8-5183-4c39-9153-f44c2ae45deb,2026-03-27T17:25:23.083693+00:00,inference,playbook_selector,1.0.0,detection,DET-142611,cust-globex-003,0.632,pb-malware-response,0.799,32,FALSE,,,,,,,,14c8abf9-47c6-4737-8ded-e31d2eeddbb8,,2026-03-27T17:25:23.083641Z,,,,,,,,,,,
8bbfb9d8-7c23-4dc5-88ad-6e30ce4660fb,2026-03-27T17:25:22.505620+00:00,inference,playbook_selector,1.0.0,detection,DET-142609,cust-acme-corp-002,0.657,pb-data-exfil-investigate,0.804,54.2,FALSE,,,,,,,,db982c1c-6fa7-4bf9-9f55-8b351d2085d8,,2026-03-27T17:25:22.505566Z,,,,,,,,,,,
5ad0d93a-10a5-49d0-874a-9928bf0fc421,2026-03-27T17:25:07.845713+00:00,inference,playbook_selector,1.0.0,detection,DET-142608,cust-globex-003,0.552,pb-ransomware-containment,0.767,15.3,FALSE,,,,,,,,6a36feb5-3e12-4266-83e2-0c5feb7a3faa,,2026-03-27T17:25:07.845661Z,,,,,,,,,,,
fc3bae41-2af7-4b1b-a6bd-c0a5d08ca781,2026-03-27T17:25:07.519023+00:00,inference,playbook_selector,1.0.0,detection,DET-142607,cust-acme-corp-002,0.566,pb-data-exfil-investigate,0.773,164.3,FALSE,,,,,,,,9a987fe1-b71f-4400-9a8f-323ca02f8cca,,2026-03-27T17:25:07.518974Z,,,,,,,,,,,
b0deba14-abca-4fa0-a819-1a117726ba39,2026-03-27T17:24:53.257665+00:00,inference,playbook_selector,1.0.0,detection,DET-142606,cust-tekstream-001,0.517,pb-data-exfil-investigate,0.633,53.9,FALSE,,,,,,,,1dfa8cbb-5aa8-4525-aff6-4e140c81acd9,,2026-03-27T17:24:53.257600Z,,,,,,,,,,,
b1a554c5-d5bf-425f-9177-6f27fe5995a5,2026-03-27T17:24:52.796956+00:00,inference,playbook_selector,1.0.0,detection,DET-142605,cust-tekstream-001,0.853,pb-brute-force-block,0.733,193.2,FALSE,,,,,,,,4111f3f2-4e84-424e-8dd1-9de99bb20f8c,,2026-03-27T17:24:52.796904Z,,,,,,,,,,,
8c3a7dca-a819-4edc-94bd-3b8143b59ef4,2026-03-27T17:24:37.901944+00:00,inference,playbook_selector,1.0.0,detection,DET-142602,cust-globex-003,0.814,pb-malware-response,0.964,49.4,FALSE,,,,,,,,2ff31fd5-2444-425e-a561-b30886db089d,,2026-03-27T17:24:37.901894Z,,,,,,,,,,,
9fbe2c05-a07c-4fad-8703-6e142866a011,2026-03-27T17:24:22.970629+00:00,inference,playbook_selector,1.0.0,detection,DET-142599,cust-tekstream-001,0.594,pb-data-exfil-investigate,0.638,73,FALSE,,,,,,,,7ff47ee0-d38c-47c1-b568-9cdbcc70f78e,,2026-03-27T17:24:22.970579Z,,,,,,,,,,,
8c5bb45c-ed48-4665-ac0f-a145d83ec09f,2026-03-27T17:24:07.839893+00:00,inference,playbook_selector,1.0.0,detection,DET-142596,cust-globex-003,0.892,pb-phishing-triage,0.701,142.2,FALSE,,,,,,,,46a7c8d3-bdfc-4edc-940e-62e4c95ce220,,2026-03-27T17:24:07.839843Z,,,,,,,,,,,
3e6886ec-8be2-4fd5-a19c-1e1b3315ccf2,2026-03-27T17:24:07.393324+00:00,inference,playbook_selector,1.0.0,detection,DET-142595,cust-acme-corp-002,0.643,pb-malware-response,0.643,128,FALSE,,,,,,,,c01e3764-e2f9-4c3d-a116-11417fa8b6cd,,2026-03-27T17:24:07.393269Z,,,,,,,,,,,
b62e35c5-f568-4293-97d8-888cefefc236,2026-03-27T17:23:53.011108+00:00,inference,playbook_selector,1.0.0,detection,DET-142593,cust-tekstream-001,0.703,pb-data-exfil-investigate,0.608,142.4,FALSE,,,,,,,,35624062-7968-4363-8fa3-e2b47448a6b1,,2026-03-27T17:23:53.011058Z,,,,,,,,,,,
4e96187e-f5d2-4488-b6ec-35aaa9e430ea,2026-03-27T17:23:52.533866+00:00,inference,playbook_selector,1.0.0,detection,DET-142591,cust-acme-corp-002,0.638,pb-data-exfil-investigate,0.987,48.9,FALSE,,,,,,,,cff42e1f-92e9-4124-aaf4-ee0d27c24d91,,2026-03-27T17:23:52.533815Z,,,,,,,,,,,
925ef20b-5a3c-4e3d-a0d7-17af75b639b4,2026-03-27T17:23:37.424289+00:00,inference,playbook_selector,1.0.0,detection,DET-142590,cust-globex-003,0.68,pb-malware-response,0.643,17.7,TRUE,,,,,,,,94116f62-5255-49b4-9929-d013982e7789,,2026-03-27T17:23:37.424240Z,,,,,,,,,,,
476ad1ef-f171-4313-aae4-082e32a99087,2026-03-27T17:23:22.452210+00:00,inference,playbook_selector,1.0.0,detection,DET-142589,cust-tekstream-001,0.723,pb-lateral-movement,0.869,5.9,FALSE,,,,,,,,ce451405-2f1e-4ab9-a7c6-d57bf008ea88,,2026-03-27T17:23:22.452162Z,,,,,,,,,,,
e6ad988d-35db-4c88-98de-db5d931db75c,2026-03-27T17:22:52.981676+00:00,inference,playbook_selector,1.0.0,detection,DET-142586,cust-globex-003,0.95,pb-lateral-movement,0.645,51.2,FALSE,,,,,,,,7a4bca0f-5126-4908-a34e-95bc5371a19d,,2026-03-27T17:22:52.981626Z,,,,,,,,,,,
6678e00b-a16e-4f3f-a6c8-07f2fcc4bceb,2026-03-27T17:22:52.415106+00:00,inference,playbook_selector,1.0.0,detection,DET-142585,cust-tekstream-001,0.889,pb-brute-force-block,0.744,96,TRUE,,,,,,,,cf7d3b14-94ab-4c02-a984-f2ec55105124,,2026-03-27T17:22:52.415052Z,,,,,,,,,,,
454e3f50-0816-4652-9488-6281d3691025,2026-03-27T17:22:37.890377+00:00,inference,playbook_selector,1.0.0,detection,DET-142583,cust-tekstream-001,0.958,pb-data-exfil-investigate,0.823,100.5,FALSE,,,,,,,,3a75ba17-b46d-4163-a7b6-752bf02b0231,,2026-03-27T17:22:37.890326Z,,,,,,,,,,,
f4946bb8-dbd8-46fa-ad31-8983483c7ac9,2026-03-27T17:22:37.373648+00:00,inference,playbook_selector,1.0.0,detection,DET-142582,cust-acme-corp-002,0.971,pb-lateral-movement,0.834,143.1,FALSE,,,,,,,,7acc6731-dc74-4639-a2c3-f6ae869986ef,,2026-03-27T17:22:37.373592Z,,,,,,,,,,,
ddfbd5d0-8e36-466c-9c28-388020819027,2026-03-27T17:22:22.486058+00:00,inference,playbook_selector,1.0.0,detection,DET-142581,cust-globex-003,0.898,pb-lateral-movement,0.522,147.3,FALSE,,,,,,,,625212dc-c7e9-45a7-900e-cb72348c22a1,,2026-03-27T17:22:22.485997Z,,,,,,,,,,,
b687d2de-11d1-4f93-a183-16bb8ce05c3c,2026-03-27T17:22:08.069414+00:00,inference,playbook_selector,1.0.0,detection,DET-142579,cust-tekstream-001,0.515,pb-data-exfil-investigate,0.596,177.9,TRUE,,,,,,,,46a27637-9b21-49cd-8e88-bbc6cdd7cc43,,2026-03-27T17:22:08.069361Z,,,,,,,,,,,
def44fc5-5f8c-4ec6-ac4a-59decbe399c5,2026-03-27T17:22:07.698575+00:00,inference,playbook_selector,1.0.0,detection,DET-142578,cust-acme-corp-002,0.66,pb-data-exfil-investigate,0.599,119.3,TRUE,,,,,,,,2791441b-54c8-466b-9bd8-8222fce142d9,,2026-03-27T17:22:07.698521Z,,,,,,,,,,,
e32f8418-d878-4583-a10c-2b7e8eb120a9,2026-03-27T17:21:53.185898+00:00,inference,playbook_selector,1.0.0,detection,DET-142576,cust-tekstream-001,0.691,pb-brute-force-block,0.875,50.4,TRUE,,,,,,,,8e81edf5-aa18-4824-8b62-97cf17cc139a,,2026-03-27T17:21:53.185845Z,,,,,,,,,,,
7f816e99-6343-4e67-97d1-a3c670c4690f,2026-03-27T17:21:52.733283+00:00,inference,playbook_selector,1.0.0,detection,DET-142574,cust-acme-corp-002,0.524,pb-malware-response,0.793,120,FALSE,,,,,,,,7e365f68-64cf-45e7-b34b-54f226f70cf3,,2026-03-27T17:21:52.733234Z,,,,,,,,,,,
4cb03529-0a87-4954-82a4-3fff5d342f63,2026-03-27T17:21:52.508893+00:00,inference,playbook_selector,1.0.0,detection,DET-142573,cust-tekstream-001,0.514,pb-malware-response,0.9,84.2,FALSE,,,,,,,,271a5b75-0ff2-477e-83df-272900f42a52,,2026-03-27T17:21:52.508836Z,,,,,,,,,,,
374ecaa5-4baf-4a7b-843e-369658dec476,2026-03-27T17:21:38.290826+00:00,inference,playbook_selector,1.0.0,detection,DET-142572,cust-acme-corp-002,0.582,pb-brute-force-block,0.573,126.7,FALSE,,,,,,,,95ed0a9a-95d1-42c2-9625-0f5af819851d,,2026-03-27T17:21:38.290760Z,,,,,,,,,,,
bfa7232b-ddfa-4aad-9aff-038584624bd8,2026-03-27T17:21:37.813202+00:00,inference,playbook_selector,1.0.0,detection,DET-142571,cust-acme-corp-002,0.669,pb-data-exfil-investigate,0.783,109.6,FALSE,,,,,,,,5ad67999-3b0f-4b60-b3bd-4fc81c5f6375,,2026-03-27T17:21:37.813153Z,,,,,,,,,,,
f0261d65-fd61-429a-be3e-fcf2218650a3,2026-03-27T17:21:23.405913+00:00,inference,playbook_selector,1.0.0,detection,DET-142569,cust-acme-corp-002,0.878,pb-ransomware-containment,0.613,24.3,FALSE,,,,,,,,0e69ba1f-8199-4a2b-a28b-3870e08a8eb0,,2026-03-27T17:21:23.405861Z,,,,,,,,,,,
4219c5e4-cda7-4743-b763-dbf0b6f2c42d,2026-03-27T17:21:23.035494+00:00,inference,playbook_selector,1.0.0,detection,DET-142568,cust-tekstream-001,0.612,pb-ransomware-containment,0.906,96.1,FALSE,,,,,,,,8a043eab-eb8e-49f8-a1a2-ba475d315043,,2026-03-27T17:21:23.035445Z,,,,,,,,,,,
e53148c7-5cb3-44f5-96e8-a101afbcb645,2026-03-27T17:21:22.376434+00:00,inference,playbook_selector,1.0.0,detection,DET-142567,cust-acme-corp-002,0.646,pb-data-exfil-investigate,0.63,139,FALSE,,,,,,,,315ef230-694c-499b-b04d-733957402a33,,2026-03-27T17:21:22.376276Z,,,,,,,,,,,
85d1faad-ddfd-425b-abf7-4189fe9c97f9,2026-03-27T17:21:08.478474+00:00,inference,playbook_selector,1.0.0,detection,DET-142566,cust-acme-corp-002,0.663,pb-lateral-movement,0.618,170.2,FALSE,,,,,,,,c16e6557-8687-413a-a154-4207fb09c907,,2026-03-27T17:21:08.478423Z,,,,,,,,,,,
9a43f1c1-e0a5-4bc3-a228-a5d06c1eb411,2026-03-27T17:21:07.969350+00:00,inference,playbook_selector,1.0.0,detection,DET-142565,cust-globex-003,0.749,pb-brute-force-block,0.575,199.8,FALSE,,,,,,,,3b87f811-5a15-417e-b420-9ac12d688613,,2026-03-27T17:21:07.969302Z,,,,,,,,,,,
e9944f23-f2b3-4bbb-b740-7764eaad7857,2026-03-27T17:21:07.408486+00:00,inference,playbook_selector,1.0.0,detection,DET-142563,cust-globex-003,0.658,pb-malware-response,0.665,146.8,FALSE,,,,,,,,17bf44da-382c-4b6b-8470-0b2fb6c16318,,2026-03-27T17:21:07.408415Z,,,,,,,,,,,
d7e188f2-430d-420a-bed2-7217f09aa3ee,2026-03-27T17:20:52.507867+00:00,inference,playbook_selector,1.0.0,detection,DET-142562,cust-tekstream-001,0.564,pb-data-exfil-investigate,0.713,151,FALSE,,,,,,,,d6257104-83cc-4bdb-9b0d-faed6e7bf8f5,,2026-03-27T17:20:52.507815Z,,,,,,,,,,,
526a01ea-f672-41dc-a32a-a3eb623e8d5a,2026-03-27T17:20:38.203655+00:00,inference,playbook_selector,1.0.0,detection,DET-142561,cust-acme-corp-002,0.522,pb-lateral-movement,0.884,180.7,FALSE,,,,,,,,f4227002-ce2c-4007-aec3-a1d59f4770e6,,2026-03-27T17:20:38.203598Z,,,,,,,,,,,
e744fe61-92c0-444f-b3c8-407faae34f74,2026-03-27T17:19:53.171339+00:00,inference,playbook_selector,1.0.0,detection,DET-142554,cust-acme-corp-002,0.809,pb-phishing-triage,0.707,126.7,FALSE,,,,,,,,63639364-a70c-41e5-abf3-641981c3452f,,2026-03-27T17:19:53.171287Z,,,,,,,,,,,
3b98ec69-6815-4ca5-80c6-c8b969a1392a,2026-03-27T17:19:52.905702+00:00,inference,playbook_selector,1.0.0,detection,DET-142553,cust-tekstream-001,0.951,pb-brute-force-block,0.891,151.8,FALSE,,,,,,,,e855c9b6-7c21-41b0-9597-b70426d5ad6e,,2026-03-27T17:19:52.905647Z,,,,,,,,,,,
a7f23a52-7abb-4dd6-8be4-0ef4d53bc7c5,2026-03-27T17:19:52.469904+00:00,inference,playbook_selector,1.0.0,detection,DET-142552,cust-tekstream-001,0.803,pb-brute-force-block,0.79,142.2,TRUE,,,,,,,,8ccd1d8a-55df-446b-9c16-8dce1c815ab8,,2026-03-27T17:19:52.469850Z,,,,,,,,,,,
44fd1c4e-afcd-4409-bbc0-69980e676734,2026-03-27T17:19:22.935631+00:00,inference,playbook_selector,1.0.0,detection,DET-142550,cust-acme-corp-002,0.736,pb-ransomware-containment,0.86,124.8,FALSE,,,,,,,,d65e1da2-77c1-42c0-8d4f-102a23616a3b,,2026-03-27T17:19:22.935581Z,,,,,,,,,,,
06ac377f-4ba9-4822-82a0-2e6aa461b46d,2026-03-27T17:19:08.234723+00:00,inference,playbook_selector,1.0.0,detection,DET-142547,cust-globex-003,0.642,pb-lateral-movement,0.961,35.6,FALSE,,,,,,,,986a7784-44d3-4127-856f-66fb32124ac0,,2026-03-27T17:19:08.234669Z,,,,,,,,,,,
0eab88cd-bac1-4407-835f-074299f88f7a,2026-03-27T17:19:07.449077+00:00,inference,playbook_selector,1.0.0,detection,DET-142545,cust-tekstream-001,0.626,pb-ransomware-containment,0.748,178,FALSE,,,,,,,,55b05ae5-1b78-4498-a704-90510157daca,,2026-03-27T17:19:07.449026Z,,,,,,,,,,,
d4a8f810-0a3a-4242-84f2-5b5007b1ca6c,2026-03-27T17:18:52.944118+00:00,inference,playbook_selector,1.0.0,detection,DET-142544,cust-acme-corp-002,0.726,pb-ransomware-containment,0.664,130.9,FALSE,,,,,,,,518ad711-9740-4834-8c9b-39ce65f39b17,,2026-03-27T17:18:52.944060Z,,,,,,,,,,,
a8df0450-c4c8-47e7-b098-b9614040e4cb,2026-03-27T17:18:52.631196+00:00,inference,playbook_selector,1.0.0,detection,DET-142543,cust-globex-003,0.907,pb-brute-force-block,0.522,11.7,FALSE,,,,,,,,cc005c65-bdc3-4839-8b98-6965c922ac14,,2026-03-27T17:18:52.631143Z,,,,,,,,,,,
fad1a098-7f3e-4d9a-9e3c-322c806e5dd8,2026-03-27T17:18:38.272256+00:00,inference,playbook_selector,1.0.0,detection,DET-142541,cust-acme-corp-002,0.716,pb-ransomware-containment,0.746,29.9,TRUE,,,,,,,,138aabe5-a957-41ea-98fe-340e172a3a33,,2026-03-27T17:18:38.272204Z,,,,,,,,,,,
a2bcf897-d66b-4aaf-9a75-f0e9dbaa96b3,2026-03-27T17:18:37.445039+00:00,inference,playbook_selector,1.0.0,detection,DET-142538,cust-acme-corp-002,0.724,pb-ransomware-containment,0.595,183.1,FALSE,,,,,,,,20738e5f-98c9-493c-931b-77fac9d5759c,,2026-03-27T17:18:37.444986Z,,,,,,,,,,,
47aee902-59bb-4daf-bd44-29bdc954c166,2026-03-27T17:18:07.788824+00:00,inference,playbook_selector,1.0.0,detection,DET-142534,cust-globex-003,0.535,pb-phishing-triage,0.642,73,FALSE,,,,,,,,a49eee8c-bc63-46e5-84c2-8b78932139c0,,2026-03-27T17:18:07.788772Z,,,,,,,,,,,
75a68b2e-5613-40c2-9d9b-f5d7bd0ff47b,2026-03-27T17:18:07.440580+00:00,inference,playbook_selector,1.0.0,detection,DET-142533,cust-globex-003,0.849,pb-phishing-triage,0.8,141.6,FALSE,,,,,,,,17e55d86-17b6-4095-ab9e-a1281d552ff0,,2026-03-27T17:18:07.440519Z,,,,,,,,,,,
8a326d19-810b-4c02-bb8f-dd609b90fc8b,2026-03-27T17:17:37.506751+00:00,inference,playbook_selector,1.0.0,detection,DET-142531,cust-tekstream-001,0.885,pb-brute-force-block,0.909,196.8,FALSE,,,,,,,,f1c7527a-8b40-427a-9fa4-841563d97481,,2026-03-27T17:17:37.506699Z,,,,,,,,,,,
d597dac9-aa6b-415c-98d2-b1ae84446ade,2026-03-27T17:17:22.668975+00:00,inference,playbook_selector,1.0.0,detection,DET-142529,cust-globex-003,0.69,pb-malware-response,0.836,74.5,FALSE,,,,,,,,8b425613-8fdd-4351-9302-7f7aa10bcaa0,,2026-03-27T17:17:22.668925Z,,,,,,,,,,,
8e144343-d887-4757-a782-fa3789c54768,2026-03-27T17:16:53.796759+00:00,inference,playbook_selector,1.0.0,detection,DET-142524,cust-tekstream-001,0.935,pb-malware-response,0.931,80,FALSE,,,,,,,,66a745bd-b2bc-4aa7-823b-98af77f27a41,,2026-03-27T17:16:53.796708Z,,,,,,,,,,,
69dd9e66-ffaf-4377-a379-cdf7deef3176,2026-03-27T17:16:53.159101+00:00,inference,playbook_selector,1.0.0,detection,DET-142523,cust-tekstream-001,0.798,pb-malware-response,0.864,122.6,TRUE,,,,,,,,7784e8dc-3436-459d-9563-3803ce727daf,,2026-03-27T17:16:53.159049Z,,,,,,,,,,,
228e0e33-7141-4667-9e3b-bd1e85ea0e61,2026-03-27T17:16:52.937913+00:00,inference,playbook_selector,1.0.0,detection,DET-142522,cust-globex-003,0.9,pb-lateral-movement,0.839,75.3,FALSE,,,,,,,,1e1d477a-b2ac-45f1-a2ce-dfad6dc80334,,2026-03-27T17:16:52.937861Z,,,,,,,,,,,
885dc29a-29c8-4d86-9f52-51587973f970,2026-03-27T17:16:37.712025+00:00,inference,playbook_selector,1.0.0,detection,DET-142519,cust-acme-corp-002,0.931,pb-ransomware-containment,0.699,169.8,FALSE,,,,,,,,63a89128-8027-4030-9179-75342c35bc73,,2026-03-27T17:16:37.711974Z,,,,,,,,,,,
4f3ac10c-80d8-4d58-8492-05cb255ae012,2026-03-27T17:16:37.517946+00:00,inference,playbook_selector,1.0.0,detection,DET-142518,cust-acme-corp-002,0.671,pb-lateral-movement,0.869,193.4,FALSE,,,,,,,,99014b42-91e4-4273-9c76-5085736340e9,,2026-03-27T17:16:37.517891Z,,,,,,,,,,,
84caf430-22b8-453d-8b09-81d26811bce8,2026-03-27T17:16:23.798423+00:00,inference,playbook_selector,1.0.0,detection,DET-142517,cust-tekstream-001,0.699,pb-ransomware-containment,0.736,182.1,FALSE,,,,,,,,fb0e7dc7-28e2-42ac-a974-6b4f333bf792,,2026-03-27T17:16:23.798371Z,,,,,,,,,,,
24a2bfc0-39ff-4dcc-b563-deda5875a385,2026-03-27T17:16:23.473917+00:00,inference,playbook_selector,1.0.0,detection,DET-142516,cust-globex-003,0.63,pb-ransomware-containment,0.672,92.4,FALSE,,,,,,,,7fee5e2b-da64-48d7-bb98-3345dcaf15da,,2026-03-27T17:16:23.473866Z,,,,,,,,,,,
c54bb26b-adf1-4a10-89ff-032d2535470f,2026-03-27T17:16:22.977702+00:00,inference,playbook_selector,1.0.0,detection,DET-142515,cust-tekstream-001,0.527,pb-phishing-triage,0.613,183.5,FALSE,,,,,,,,c7d1cfc7-dc4a-43b1-ad67-f1bb7272f99c,,2026-03-27T17:16:22.977649Z,,,,,,,,,,,
51a4977c-c1a8-420c-942f-aceddf17b1c3,2026-03-27T17:16:22.473578+00:00,inference,playbook_selector,1.0.0,detection,DET-142514,cust-globex-003,0.87,pb-ransomware-containment,0.503,161.5,FALSE,,,,,,,,0291db33-6f8d-412e-b65a-03b0233e4d03,,2026-03-27T17:16:22.473476Z,,,,,,,,,,,
9beaed9c-8606-49e8-b244-612981bc64c1,2026-03-27T17:16:07.894134+00:00,inference,playbook_selector,1.0.0,detection,DET-142511,cust-acme-corp-002,0.7,pb-ransomware-containment,0.895,22.7,FALSE,,,,,,,,7cabd32b-3e76-4e53-a5d2-6c46326db025,,2026-03-27T17:16:07.894084Z,,,,,,,,,,,
ba4a817e-38df-43fa-9c20-eb315d8dd509,2026-03-27T17:16:07.371462+00:00,inference,playbook_selector,1.0.0,detection,DET-142510,cust-tekstream-001,0.895,pb-phishing-triage,0.86,181.8,FALSE,,,,,,,,d9e7bd6b-7dd9-45d4-8fbf-6307f54e1c4f,,2026-03-27T17:16:07.371409Z,,,,,,,,,,,
fcb1271d-b021-404c-893b-586422f9f721,2026-03-27T17:15:53.672065+00:00,inference,playbook_selector,1.0.0,detection,DET-142509,cust-acme-corp-002,0.694,pb-data-exfil-investigate,0.652,133.6,TRUE,,,,,,,,c10284da-de50-442f-877a-b714c8a42f31,,2026-03-27T17:15:53.672014Z,,,,,,,,,,,
a95aca85-5d95-4470-a82c-5855868f524f,2026-03-27T17:15:53.236693+00:00,inference,playbook_selector,1.0.0,detection,DET-142508,cust-acme-corp-002,0.643,pb-malware-response,0.54,74.2,FALSE,,,,,,,,96d010c5-fba5-4162-b642-db81e0797a06,,2026-03-27T17:15:53.236639Z,,,,,,,,,,,
2a7696d9-35ee-409d-8367-8dbee88290e6,2026-03-27T17:15:52.838798+00:00,inference,playbook_selector,1.0.0,detection,DET-142507,cust-tekstream-001,0.503,pb-lateral-movement,0.601,64.5,TRUE,,,,,,,,c86c2071-d6c0-4dfe-98d8-8ac9c2756976,,2026-03-27T17:15:52.838747Z,,,,,,,,,,,
17045ad1-fb9a-47ce-b6ba-a90e7b1055e8,2026-03-27T17:15:23.544849+00:00,inference,playbook_selector,1.0.0,detection,DET-142503,cust-globex-003,0.541,pb-ransomware-containment,0.712,59.1,FALSE,,,,,,,,69a4f9c7-27da-4678-a0f2-c4f535f88117,,2026-03-27T17:15:23.544796Z,,,,,,,,,,,
1bbfca88-111b-4c8d-9453-6b6aca18864e,2026-03-27T17:15:23.258067+00:00,inference,playbook_selector,1.0.0,detection,DET-142502,cust-globex-003,0.843,pb-malware-response,0.653,141.2,FALSE,,,,,,,,dd5c2ec6-8a7d-4c5a-8843-dc91737fe56f,,2026-03-27T17:15:23.258016Z,,,,,,,,,,,
cdd8fd13-32b6-4db8-9c20-c373f8b58a0b,2026-03-27T17:15:22.950828+00:00,inference,playbook_selector,1.0.0,detection,DET-142501,cust-acme-corp-002,0.752,pb-malware-response,0.965,38.6,FALSE,,,,,,,,90f8c8ab-9b3b-499c-8cb8-bb29c59c88ff,,2026-03-27T17:15:22.950777Z,,,,,,,,,,,
804740ef-a4a4-4419-bf16-7ca339299d33,2026-03-27T17:15:22.630766+00:00,inference,playbook_selector,1.0.0,detection,DET-142500,cust-globex-003,0.933,pb-ransomware-containment,0.974,87,FALSE,,,,,,,,2713580d-e272-41b4-a027-183ed9c883ff,,2026-03-27T17:15:22.630715Z,,,,,,,,,,,
0453932c-9768-4824-865a-45c867099251,2026-03-27T17:15:08.053147+00:00,inference,playbook_selector,1.0.0,detection,DET-142499,cust-globex-003,0.565,pb-brute-force-block,0.519,8.6,FALSE,,,,,,,,6d234a62-b96d-449c-b35d-cb7e81ad11fc,,2026-03-27T17:15:08.053093Z,,,,,,,,,,,
c6fc2d32-4eb8-4a95-ab0c-33c854ef1e54,2026-03-27T17:15:07.622600+00:00,inference,playbook_selector,1.0.0,detection,DET-142498,cust-acme-corp-002,0.534,pb-lateral-movement,0.638,53.6,FALSE,,,,,,,,422063eb-634e-4c4d-9731-67c37ebfb5a9,,2026-03-27T17:15:07.622547Z,,,,,,,,,,,
0fc7d405-7c5e-4541-ae67-2df49ba64617,2026-03-27T17:14:52.569939+00:00,inference,playbook_selector,1.0.0,detection,DET-142495,cust-globex-003,0.53,pb-phishing-triage,0.778,193.2,FALSE,,,,,,,,6ca1b60c-b99e-4c73-90da-ed2adf569f32,,2026-03-27T17:14:52.569882Z,,,,,,,,,,,
d3bb8f40-c05f-4f09-ab7d-48a355b8769d,2026-03-27T17:14:37.862205+00:00,inference,playbook_selector,1.0.0,detection,DET-142494,cust-tekstream-001,0.813,pb-brute-force-block,0.686,116.7,TRUE,,,,,,,,96e6cb56-b2f6-4ef0-9057-8ecdd2ad7c62,,2026-03-27T17:14:37.862153Z,,,,,,,,,,,
9f00550b-7bc3-46c0-93d0-da87ea6e4a46,2026-03-27T17:14:23.157373+00:00,inference,playbook_selector,1.0.0,detection,DET-142491,cust-acme-corp-002,0.583,pb-phishing-triage,0.775,82,FALSE,,,,,,,,246f9a36-65fa-428f-9273-db38ef9f4ced,,2026-03-27T17:14:23.157322Z,,,,,,,,,,,
437ab9c0-a704-40ea-a570-23e37b6af067,2026-03-27T17:14:23.026962+00:00,inference,playbook_selector,1.0.0,detection,DET-142490,cust-tekstream-001,0.621,pb-phishing-triage,0.51,10.4,FALSE,,,,,,,,c52a24c2-f536-4655-aca1-ab9ed241c390,,2026-03-27T17:14:23.026911Z,,,,,,,,,,,
861620d8-afb9-4349-869e-452be1e01e7c,2026-03-27T17:14:22.490509+00:00,inference,playbook_selector,1.0.0,detection,DET-142489,cust-globex-003,0.805,pb-lateral-movement,0.794,162.8,FALSE,,,,,,,,c9e92fef-c71b-457f-ac03-ab010a5373cd,,2026-03-27T17:14:22.490457Z,,,,,,,,,,,
4df6b0f5-6495-4a52-a6ad-59cbce0ddf92,2026-03-27T17:14:08.053633+00:00,inference,playbook_selector,1.0.0,detection,DET-142488,cust-acme-corp-002,0.861,pb-ransomware-containment,0.686,188.6,TRUE,,,,,,,,152dd481-51ba-4d27-ad24-f1e0bd00ecc3,,2026-03-27T17:14:08.053580Z,,,,,,,,,,,
a7607fb9-9d9d-41b1-97fb-fca8a4b06e06,2026-03-27T17:14:07.449116+00:00,inference,playbook_selector,1.0.0,detection,DET-142486,cust-globex-003,0.586,pb-lateral-movement,0.986,155.1,TRUE,,,,,,,,0d1bd622-27b5-477e-91ba-2e9229c75594,,2026-03-27T17:14:07.449064Z,,,,,,,,,,,
4ee5e4da-063a-4d71-bf9f-c7609403c4ec,2026-03-27T17:13:38.182543+00:00,inference,playbook_selector,1.0.0,detection,DET-142484,cust-globex-003,0.809,pb-phishing-triage,0.954,123.8,FALSE,,,,,,,,c9030629-ca0b-43ec-887f-c8521871b58e,,2026-03-27T17:13:38.182491Z,,,,,,,,,,,
06539e94-9507-4a19-bc02-38f007e9b64b,2026-03-27T17:13:37.742006+00:00,inference,playbook_selector,1.0.0,detection,DET-142483,cust-globex-003,0.799,pb-phishing-triage,0.756,156.1,FALSE,,,,,,,,f6191aa5-a972-49fa-b096-b1a57f2859aa,,2026-03-27T17:13:37.741953Z,,,,,,,,,,,
4d067bc0-882a-4c92-af3d-1584805cca27,2026-03-27T17:13:22.700563+00:00,inference,playbook_selector,1.0.0,detection,DET-142481,cust-tekstream-001,0.557,pb-phishing-triage,0.71,67.5,FALSE,,,,,,,,ce18d9a1-0f30-4ff3-b23a-dbdfc3558fed,,2026-03-27T17:13:22.700500Z,,,,,,,,,,,
b6f0a09a-bdd0-4c7f-9c01-241a2b46cc52,2026-03-27T17:13:07.460226+00:00,inference,playbook_selector,1.0.0,detection,DET-142479,cust-tekstream-001,0.632,pb-phishing-triage,0.628,135.5,FALSE,,,,,,,,484f2afd-746f-4f2c-a876-744dc4238af0,,2026-03-27T17:13:07.460174Z,,,,,,,,,,,
b6c7269d-56ac-473a-8dfe-f046fec95929,2026-03-27T17:12:37.820952+00:00,inference,playbook_selector,1.0.0,detection,DET-142476,cust-tekstream-001,0.64,pb-lateral-movement,0.889,8.8,FALSE,,,,,,,,76e52af9-39b3-48e3-8104-c2ec2a3fa10e,,2026-03-27T17:12:37.820902Z,,,,,,,,,,,
cb5c40a3-c12d-4eed-ae92-837e159dfa2b,2026-03-27T17:12:22.942144+00:00,inference,playbook_selector,1.0.0,detection,DET-142473,cust-tekstream-001,0.657,pb-data-exfil-investigate,0.884,155,FALSE,,,,,,,,eb378c69-e32c-47cf-a89a-9782ed40b946,,2026-03-27T17:12:22.942089Z,,,,,,,,,,,
6845bedd-479b-4812-92ec-89ffddd5928d,2026-03-27T17:12:08.101721+00:00,inference,playbook_selector,1.0.0,detection,DET-142470,cust-globex-003,0.676,pb-lateral-movement,0.906,150.6,FALSE,,,,,,,,0d01386c-0e1d-4c65-8c76-474851aaf4da,,2026-03-27T17:12:08.101670Z,,,,,,,,,,,
6deee881-1654-4b76-8f72-25b417e6cec2,2026-03-27T17:12:07.288711+00:00,inference,playbook_selector,1.0.0,detection,DET-142468,cust-acme-corp-002,0.516,pb-data-exfil-investigate,0.57,38.3,FALSE,,,,,,,,3e3e895b-8322-4f72-808c-96a21fa9eda1,,2026-03-27T17:12:07.288659Z,,,,,,,,,,,
7fc8453e-3841-450e-a63b-04b3e801b370,2026-03-27T17:11:52.967390+00:00,inference,playbook_selector,1.0.0,detection,DET-142466,cust-tekstream-001,0.62,pb-phishing-triage,0.896,6.5,FALSE,,,,,,,,f6bec713-a984-4b06-ba09-14c5f858611d,,2026-03-27T17:11:52.967339Z,,,,,,,,,,,
12975e24-d760-4fe5-943f-d1606575e6d6,2026-03-27T17:11:52.662794+00:00,inference,playbook_selector,1.0.0,detection,DET-142465,cust-globex-003,0.688,pb-brute-force-block,0.503,60.1,TRUE,,,,,,,,cb4a9009-7105-468d-82c4-d7672111ff2e,,2026-03-27T17:11:52.662743Z,,,,,,,,,,,
0c7d1e75-e34a-491a-9ccd-ba41f205ab7f,2026-03-27T17:11:52.311495+00:00,inference,playbook_selector,1.0.0,detection,DET-142464,cust-acme-corp-002,0.548,pb-lateral-movement,0.511,107.5,FALSE,,,,,,,,e7f761e6-1fb6-40a3-b1d4-0e667e59c326,,2026-03-27T17:11:52.311442Z,,,,,,,,,,,
f8730030-1faf-499d-b9df-7e932a74764f,2026-03-27T17:11:37.816581+00:00,inference,playbook_selector,1.0.0,detection,DET-142463,cust-globex-003,0.667,pb-lateral-movement,0.674,172.4,FALSE,,,,,,,,c2cdc037-6780-41fe-afe1-fd35bcdfd2bf,,2026-03-27T17:11:37.816527Z,,,,,,,,,,,
b92ebca7-d324-4e72-8739-5cd2c3f13369,2026-03-27T17:11:37.418096+00:00,inference,playbook_selector,1.0.0,detection,DET-142462,cust-globex-003,0.593,pb-lateral-movement,0.689,132.3,FALSE,,,,,,,,ec7c573a-a979-484c-bcbc-efcd7ee626c7,,2026-03-27T17:11:37.418045Z,,,,,,,,,,,
fe8767dc-4a16-4859-a118-ad83343e0694,2026-03-27T17:11:22.481054+00:00,inference,playbook_selector,1.0.0,detection,DET-142460,cust-globex-003,0.81,pb-malware-response,0.634,192.9,FALSE,,,,,,,,cd0686ad-bc9c-4b23-af1b-da965f5c08bf,,2026-03-27T17:11:22.481003Z,,,,,,,,,,,
4aef42c5-318f-4d39-9e12-4e31edb51c10,2026-03-27T17:11:07.803849+00:00,inference,playbook_selector,1.0.0,detection,DET-142458,cust-globex-003,0.906,pb-brute-force-block,0.85,64.5,TRUE,,,,,,,,c3b181c0-33fb-405a-9d3a-5c43bdd4a53e,,2026-03-27T17:11:07.803798Z,,,,,,,,,,,
2948f097-b37a-43db-a4ce-4500a33d8362,2026-03-27T17:11:07.369872+00:00,inference,playbook_selector,1.0.0,detection,DET-142456,cust-globex-003,0.866,pb-ransomware-containment,0.885,102.2,TRUE,,,,,,,,6d80aa89-9e00-4ecd-bd37-2f0b004b3b59,,2026-03-27T17:11:07.369820Z,,,,,,,,,,,
45425f40-94dd-4ba8-86dd-9055b1eb5113,2026-03-27T17:10:52.910041+00:00,inference,playbook_selector,1.0.0,detection,DET-142455,cust-tekstream-001,0.79,pb-ransomware-containment,0.7,90.8,FALSE,,,,,,,,12dd2d6a-f142-4468-ae55-c8963c152268,,2026-03-27T17:10:52.909989Z,,,,,,,,,,,
71b7253d-dd44-444e-a413-06f4475e4ab0,2026-03-27T17:10:52.330807+00:00,inference,playbook_selector,1.0.0,detection,DET-142454,cust-globex-003,0.505,pb-data-exfil-investigate,0.956,168.7,FALSE,,,,,,,,23455af6-8065-43f6-ba1e-50e7c899aab1,,2026-03-27T17:10:52.330755Z,,,,,,,,,,,
cc21c019-1469-4b9c-890b-3911fa4bc797,2026-03-27T17:10:38.296185+00:00,inference,playbook_selector,1.0.0,detection,DET-142453,cust-globex-003,0.793,pb-phishing-triage,0.978,81.9,TRUE,,,,,,,,e9a44ea0-d5e1-4119-bbe8-41e8fa70170a,,2026-03-27T17:10:38.296134Z,,,,,,,,,,,
1a92e4f8-8acc-4f8d-b64b-7bf5dbace36a,2026-03-27T17:10:37.416896+00:00,inference,playbook_selector,1.0.0,detection,DET-142451,cust-acme-corp-002,0.904,pb-malware-response,0.826,79.7,FALSE,,,,,,,,e105235b-e051-4eb4-8856-a5cada48b443,,2026-03-27T17:10:37.416846Z,,,,,,,,,,,
d727fc8a-928e-4046-888a-9b271c5af987,2026-03-27T17:10:22.807388+00:00,inference,playbook_selector,1.0.0,detection,DET-142449,cust-acme-corp-002,0.872,pb-brute-force-block,0.849,113.9,FALSE,,,,,,,,a765bc1c-3c32-478b-b532-d528095de9d3,,2026-03-27T17:10:22.807337Z,,,,,,,,,,,
db2e2720-6479-4ba5-8d6f-6a70fe15bdf9,2026-03-27T17:10:08.015795+00:00,inference,playbook_selector,1.0.0,detection,DET-142446,cust-tekstream-001,0.746,pb-lateral-movement,0.833,27.9,TRUE,,,,,,,,7f4a9699-5d5f-446d-bed5-4d64517faeac,,2026-03-27T17:10:08.015740Z,,,,,,,,,,,
391e55f1-e748-4fab-b559-0eeb0a7385b6,2026-03-27T17:10:07.347590+00:00,inference,playbook_selector,1.0.0,detection,DET-142444,cust-acme-corp-002,0.853,pb-malware-response,0.904,134.4,FALSE,,,,,,,,a5ce92d0-8d49-40bc-b1ba-622b2362b1ea,,2026-03-27T17:10:07.347539Z,,,,,,,,,,,
b8229a2c-a969-43f2-bea1-81b33eea1778,2026-03-27T17:09:37.754669+00:00,inference,playbook_selector,1.0.0,detection,DET-142439,cust-tekstream-001,0.808,pb-data-exfil-investigate,0.742,119.5,FALSE,,,,,,,,4d87f716-4701-48e7-b21b-21a05af21f25,,2026-03-27T17:09:37.754619Z,,,,,,,,,,,
50f7ce57-aa14-4924-9b5c-9158e6b5af7b,2026-03-27T17:09:22.416032+00:00,inference,playbook_selector,1.0.0,detection,DET-142435,cust-tekstream-001,0.896,pb-ransomware-containment,0.922,92.9,TRUE,,,,,,,,96364683-c6f9-4dd1-aead-2452ae8501c8,,2026-03-27T17:09:22.415980Z,,,,,,,,,,,
1d0e837a-d380-4744-8e13-3f66637deb22,2026-03-27T17:09:08.439258+00:00,inference,playbook_selector,1.0.0,detection,DET-142434,cust-acme-corp-002,0.534,pb-brute-force-block,0.824,102.1,FALSE,,,,,,,,b0fb8028-13d8-4979-8c9a-f3923b711d19,,2026-03-27T17:09:08.439207Z,,,,,,,,,,,
d510f03d-0430-4563-97f3-e2cba86de070,2026-03-27T17:09:07.829231+00:00,inference,playbook_selector,1.0.0,detection,DET-142432,cust-tekstream-001,0.514,pb-malware-response,0.736,108.2,FALSE,,,,,,,,5b4cc739-da82-448e-a86d-b2c3bb71e4b1,,2026-03-27T17:09:07.829180Z,,,,,,,,,,,
500cf046-ce8b-4efa-97a1-1c0da64b57ef,2026-03-27T17:09:07.420553+00:00,inference,playbook_selector,1.0.0,detection,DET-142431,cust-tekstream-001,0.807,pb-malware-response,0.87,118.8,TRUE,,,,,,,,a83aa506-3566-49a1-ac27-8230ecf7abe9,,2026-03-27T17:09:07.420488Z,,,,,,,,,,,
68dfc695-53e5-4444-9a4d-72491ce29908,2026-03-27T17:08:53.478940+00:00,inference,playbook_selector,1.0.0,detection,DET-142430,cust-globex-003,0.841,pb-phishing-triage,0.971,53.6,FALSE,,,,,,,,4015f746-59a3-4741-8bf4-386262320289,,2026-03-27T17:08:53.478888Z,,,,,,,,,,,
54f5d119-cc88-40df-97d3-5db6f75b18b7,2026-03-27T17:08:52.485485+00:00,inference,playbook_selector,1.0.0,detection,DET-142427,cust-globex-003,0.526,pb-phishing-triage,0.939,83.2,FALSE,,,,,,,,223a7eff-9524-46c7-a95a-d68f594fb8c2,,2026-03-27T17:08:52.485437Z,,,,,,,,,,,
66c29b60-cc1a-4e10-aaac-c14763e145db,2026-03-27T17:08:23.530158+00:00,inference,playbook_selector,1.0.0,detection,DET-142425,cust-acme-corp-002,0.818,pb-ransomware-containment,0.702,84,FALSE,,,,,,,,50ff0df1-47a1-4d03-80cb-90295fff0c7d,,2026-03-27T17:08:23.530105Z,,,,,,,,,,,
eade0b67-59f4-40d2-a562-3ff2d679e1e4,2026-03-27T17:08:23.104535+00:00,inference,playbook_selector,1.0.0,detection,DET-142423,cust-acme-corp-002,0.696,pb-ransomware-containment,0.864,56.9,FALSE,,,,,,,,6f8d67c8-992a-4185-850d-83eae31c970f,,2026-03-27T17:08:23.104480Z,,,,,,,,,,,
fd595b06-e43d-4576-a081-0c9b516e7887,2026-03-27T17:08:22.635075+00:00,inference,playbook_selector,1.0.0,detection,DET-142422,cust-acme-corp-002,0.644,pb-data-exfil-investigate,0.689,113.9,FALSE,,,,,,,,60f72237-3d5a-4992-b0b0-a1fcea371b50,,2026-03-27T17:08:22.635026Z,,,,,,,,,,,
b1562841-c1ce-4815-9c92-d9356ee4b646,2026-03-27T17:08:08.258140+00:00,inference,playbook_selector,1.0.0,detection,DET-142421,cust-acme-corp-002,0.572,pb-brute-force-block,0.663,172.9,FALSE,,,,,,,,472979d0-e651-4408-a99d-cb9ac436c782,,2026-03-27T17:08:08.258089Z,,,,,,,,,,,
51ae4211-ebab-4cc9-b951-a0e7bddc59b0,2026-03-27T17:08:08.027291+00:00,inference,playbook_selector,1.0.0,detection,DET-142420,cust-globex-003,0.512,pb-lateral-movement,0.556,120.7,FALSE,,,,,,,,24b126d9-1d13-4a0f-9601-176252d8fff0,,2026-03-27T17:08:08.027241Z,,,,,,,,,,,
0a0e7620-007a-4f1b-833e-a79dca464554,2026-03-27T17:08:07.827459+00:00,inference,playbook_selector,1.0.0,detection,DET-142419,cust-globex-003,0.636,pb-brute-force-block,0.5,37.2,FALSE,,,,,,,,8d0137ad-84e2-4b4f-aa8e-4672711600ee,,2026-03-27T17:08:07.827406Z,,,,,,,,,,,
40172837-f96b-4e72-9366-99864d13ef19,2026-03-27T17:08:07.368261+00:00,inference,playbook_selector,1.0.0,detection,DET-142418,cust-globex-003,0.544,pb-ransomware-containment,0.868,171.1,FALSE,,,,,,,,e5f0cea9-0a20-488b-b1f3-172084434186,,2026-03-27T17:08:07.368209Z,,,,,,,,,,,
eef3a25a-da1d-4468-8855-6de9e4042fd6,2026-03-27T17:07:52.799975+00:00,inference,playbook_selector,1.0.0,detection,DET-142417,cust-acme-corp-002,0.562,pb-ransomware-containment,0.54,158.1,TRUE,,,,,,,,4331681b-1272-48ca-917e-6046d5f191c9,,2026-03-27T17:07:52.799924Z,,,,,,,,,,,
1cc6dc12-6ab1-4985-b11b-b34ba840fece,2026-03-27T17:07:52.397721+00:00,inference,playbook_selector,1.0.0,detection,DET-142416,cust-tekstream-001,0.613,pb-phishing-triage,0.982,117.4,FALSE,,,,,,,,6ca25945-9acb-4fa1-a429-3cbf15c25e1b,,2026-03-27T17:07:52.397660Z,,,,,,,,,,,
71424974-ff2c-470f-94b0-527d347bd7d8,2026-03-27T17:07:22.241319+00:00,inference,playbook_selector,1.0.0,detection,DET-142414,cust-tekstream-001,0.828,pb-phishing-triage,0.947,159.9,FALSE,,,,,,,,8b2c4471-cb7e-4800-8c9e-97e8383b1006,,2026-03-27T17:07:22.241264Z,,,,,,,,,,,
fbd2f7ef-dffb-4340-86e1-096ef401edbe,2026-03-27T17:07:07.233010+00:00,inference,playbook_selector,1.0.0,detection,DET-142413,cust-globex-003,0.657,pb-malware-response,0.701,133.5,FALSE,,,,,,,,a37a4247-fb96-48af-a8e3-203b6d985c00,,2026-03-27T17:07:07.232958Z,,,,,,,,,,,
aeb26c64-626e-4dca-a82f-5a961fca89ad,2026-03-27T17:06:53.362750+00:00,inference,playbook_selector,1.0.0,detection,DET-142412,cust-tekstream-001,0.864,pb-brute-force-block,0.77,136.5,TRUE,,,,,,,,94c8c58b-a89e-4ea7-8388-09450d26bd7d,,2026-03-27T17:06:53.362699Z,,,,,,,,,,,
30ca2370-cbb2-48b5-9439-08b5eaba1cbb,2026-03-27T17:06:52.705470+00:00,inference,playbook_selector,1.0.0,detection,DET-142410,cust-globex-003,0.538,pb-data-exfil-investigate,0.661,17.7,FALSE,,,,,,,,f78d176c-cd38-4766-8159-f1fda8c0a804,,2026-03-27T17:06:52.705419Z,,,,,,,,,,,
7c7d5ed2-c3e9-44a3-91a4-f18d6c11f4ba,2026-03-27T17:06:22.331359+00:00,inference,playbook_selector,1.0.0,detection,DET-142407,cust-acme-corp-002,0.748,pb-malware-response,0.815,39.3,FALSE,,,,,,,,ec38e3af-1afa-4871-b2be-a9c8de98a5aa,,2026-03-27T17:06:22.331309Z,,,,,,,,,,,
1633cb09-23c0-4372-914b-57dc90a10192,2026-03-27T17:06:07.299248+00:00,inference,playbook_selector,1.0.0,detection,DET-142405,cust-tekstream-001,0.655,pb-data-exfil-investigate,0.64,138.5,FALSE,,,,,,,,45007457-dcc7-4390-8b16-643bdca007b6,,2026-03-27T17:06:07.299197Z,,,,,,,,,,,
f9aae0ee-9c46-4eb9-a4d8-d8f6afb8ef89,2026-03-27T17:05:53.140757+00:00,inference,playbook_selector,1.0.0,detection,DET-142404,cust-tekstream-001,0.91,pb-phishing-triage,0.933,158.9,FALSE,,,,,,,,aae6cf72-cd2d-44aa-a044-b99b15c2ae56,,2026-03-27T17:05:53.140703Z,,,,,,,,,,,
41393167-e17d-4b0e-97fd-905a7fe31c79,2026-03-27T17:05:52.595133+00:00,inference,playbook_selector,1.0.0,detection,DET-142403,cust-acme-corp-002,0.624,pb-brute-force-block,0.824,194.9,FALSE,,,,,,,,ea6b2472-97b0-42b1-a1b0-f3a42d75427b,,2026-03-27T17:05:52.595082Z,,,,,,,,,,,
bc660a87-64c2-4bd6-8b16-851c077e4964,2026-03-27T17:05:52.430998+00:00,inference,playbook_selector,1.0.0,detection,DET-142402,cust-globex-003,0.733,pb-lateral-movement,0.588,73.4,FALSE,,,,,,,,06ed874b-e3ba-417f-bcf0-5892e040ddc3,,2026-03-27T17:05:52.430948Z,,,,,,,,,,,
1c0d14f1-c82f-4e34-81cd-15a6a19de669,2026-03-27T17:05:37.784744+00:00,inference,playbook_selector,1.0.0,detection,DET-142401,cust-acme-corp-002,0.871,pb-brute-force-block,0.574,54.4,FALSE,,,,,,,,dc86a394-c8bf-4f3d-86a6-3f5c228f3332,,2026-03-27T17:05:37.784695Z,,,,,,,,,,,
78b68f0b-d9bc-40ae-a5d0-7bccf34ccf0f,2026-03-27T17:05:37.396834+00:00,inference,playbook_selector,1.0.0,detection,DET-142400,cust-acme-corp-002,0.529,pb-phishing-triage,0.585,175.2,FALSE,,,,,,,,6c430e03-f53b-4af4-a51e-4e15b7b78bc6,,2026-03-27T17:05:37.396781Z,,,,,,,,,,,
f4d7e8bf-6146-4faa-8e2a-a6f127f916f5,2026-03-27T17:05:23.164806+00:00,inference,playbook_selector,1.0.0,detection,DET-142399,cust-acme-corp-002,0.972,pb-data-exfil-investigate,0.932,89.7,FALSE,,,,,,,,7eb94a3b-0c43-4e98-85f9-12996a1d04b4,,2026-03-27T17:05:23.164756Z,,,,,,,,,,,
a00927a2-3b19-4cd0-ac19-18d9a5a5ba0e,2026-03-27T17:05:22.608631+00:00,inference,playbook_selector,1.0.0,detection,DET-142397,cust-acme-corp-002,0.554,pb-phishing-triage,0.683,78.5,FALSE,,,,,,,,8a6c7863-5e6a-4bbd-a322-1e238608c7a7,,2026-03-27T17:05:22.608572Z,,,,,,,,,,,
c1a69577-6dfd-48ce-8394-7690072d1b5b,2026-03-27T17:05:22.268482+00:00,inference,playbook_selector,1.0.0,detection,DET-142396,cust-tekstream-001,0.741,pb-ransomware-containment,0.982,145.5,FALSE,,,,,,,,5b5aa355-bf86-4045-a0c7-4d7bb721e55a,,2026-03-27T17:05:22.268422Z,,,,,,,,,,,
e2e677d5-df02-4b8b-99d0-5bc09ff7b287,2026-03-27T17:05:08.004025+00:00,inference,playbook_selector,1.0.0,detection,DET-142395,cust-tekstream-001,0.836,pb-malware-response,0.83,134.7,TRUE,,,,,,,,d857cd59-5b7c-4054-8735-e90d39487b69,,2026-03-27T17:05:08.003972Z,,,,,,,,,,,
2a00099b-2645-442f-84f5-34a14080a756,2026-03-27T17:05:07.248085+00:00,inference,playbook_selector,1.0.0,detection,DET-142394,cust-globex-003,0.676,pb-ransomware-containment,0.719,177.7,FALSE,,,,,,,,6ad52608-7e03-4c94-a647-7be99c46a9a3,,2026-03-27T17:05:07.248028Z,,,,,,,,,,,
6bf68dce-9f9b-4e8c-ae23-abb2c57db22a,2026-03-27T17:04:53.628918+00:00,inference,playbook_selector,1.0.0,detection,DET-142393,cust-tekstream-001,0.792,pb-malware-response,0.544,14.9,FALSE,,,,,,,,f815ddcc-546b-4d7e-a302-3a6d1556e5d4,,2026-03-27T17:04:53.628864Z,,,,,,,,,,,
86c65e9d-54c8-4c6b-abd4-5b42061c3e09,2026-03-27T17:04:22.823603+00:00,inference,playbook_selector,1.0.0,detection,DET-142389,cust-acme-corp-002,0.687,pb-phishing-triage,0.623,99.8,FALSE,,,,,,,,6bf29d15-6347-4134-a9a2-29d42fcbb41a,,2026-03-27T17:04:22.823551Z,,,,,,,,,,,
81ebf14d-5f63-4fa9-8dde-0770da19e7bd,2026-03-27T17:04:08.134034+00:00,inference,playbook_selector,1.0.0,detection,DET-142388,cust-globex-003,0.838,pb-phishing-triage,0.654,101.4,FALSE,,,,,,,,25f4f66f-ae9e-4b0a-b1c6-b0504b3eb340,,2026-03-27T17:04:08.133981Z,,,,,,,,,,,
0078b0e9-8460-48ba-a6f5-084e430b061c,2026-03-27T17:04:07.799113+00:00,inference,playbook_selector,1.0.0,detection,DET-142387,cust-acme-corp-002,0.639,pb-malware-response,0.773,123.3,FALSE,,,,,,,,37f12107-3ea3-4ac3-975b-bd94f0752b4b,,2026-03-27T17:04:07.799061Z,,,,,,,,,,,
b081bad0-5247-4486-a85e-b3738be2271d,2026-03-27T17:03:52.306799+00:00,inference,playbook_selector,1.0.0,detection,DET-142385,cust-globex-003,0.658,pb-phishing-triage,0.564,37.3,FALSE,,,,,,,,1cbc43ce-8752-4f84-b113-7dadbf57a864,,2026-03-27T17:03:52.306747Z,,,,,,,,,,,
1faaa75e-f5ca-470b-bb83-2429101aab7d,2026-03-27T17:03:37.383761+00:00,inference,playbook_selector,1.0.0,detection,DET-142381,cust-tekstream-001,0.9,pb-phishing-triage,0.666,80.9,FALSE,,,,,,,,4c4006e1-90e7-433a-ad24-ced5afac6cbf,,2026-03-27T17:03:37.383709Z,,,,,,,,,,,
1b9c5b14-22a5-49e2-9848-571e7d8bee29,2026-03-27T17:03:22.236028+00:00,inference,playbook_selector,1.0.0,detection,DET-142380,cust-acme-corp-002,0.654,pb-brute-force-block,0.757,81.3,FALSE,,,,,,,,60f6a7f0-9172-4a98-a6fc-7a53921d9211,,2026-03-27T17:03:22.235974Z,,,,,,,,,,,
1d1955fd-8598-4848-9c13-5eb13500c028,2026-03-27T17:03:07.247264+00:00,inference,playbook_selector,1.0.0,detection,DET-142378,cust-tekstream-001,0.743,pb-data-exfil-investigate,0.948,158.9,FALSE,,,,,,,,b140f7ee-3daf-4108-8fa9-ffeb3b08727f,,2026-03-27T17:03:07.247210Z,,,,,,,,,,,
1bc27dd8-ab51-4c37-be6c-6ee4d9f8215f,2026-03-27T17:02:52.658930+00:00,inference,playbook_selector,1.0.0,detection,DET-142377,cust-globex-003,0.952,pb-phishing-triage,0.678,194.4,FALSE,,,,,,,,3a580919-6e5c-476e-b051-d91c4479cace,,2026-03-27T17:02:52.658879Z,,,,,,,,,,,
759baeec-d3f7-4477-aa70-03f56f2d49e5,2026-03-27T17:02:52.318426+00:00,inference,playbook_selector,1.0.0,detection,DET-142376,cust-acme-corp-002,0.576,pb-malware-response,0.64,180.6,TRUE,,,,,,,,de1e42c3-ab1d-4b32-8c68-e7568cb8b7b5,,2026-03-27T17:02:52.318375Z,,,,,,,,,,,
bb5d7dbb-ee10-4255-8e1a-17e4f07af9ef,2026-03-27T17:02:22.703063+00:00,inference,playbook_selector,1.0.0,detection,DET-142373,cust-acme-corp-002,0.841,pb-malware-response,0.718,118.8,FALSE,,,,,,,,895398f9-ea73-4f46-86d7-09f522c8a694,,2026-03-27T17:02:22.703011Z,,,,,,,,,,,
55ec6582-c959-4262-91a4-36ea49e86de0,2026-03-27T17:02:22.229717+00:00,inference,playbook_selector,1.0.0,detection,DET-142372,cust-tekstream-001,0.74,pb-lateral-movement,0.664,119.2,FALSE,,,,,,,,aea4621f-f450-46f5-8e89-b665c40352cc,,2026-03-27T17:02:22.229659Z,,,,,,,,,,,
429fc875-7644-4449-8f14-09535b83b393,2026-03-27T17:02:07.375355+00:00,inference,playbook_selector,1.0.0,detection,DET-142371,cust-globex-003,0.592,pb-lateral-movement,0.628,196,FALSE,,,,,,,,f6b7c187-18d6-4fd1-96d3-f76cee8bb295,,2026-03-27T17:02:07.375303Z,,,,,,,,,,,
4250654d-14ee-45e8-9d5c-d15f6765e7dc,2026-03-27T17:01:52.626027+00:00,inference,playbook_selector,1.0.0,detection,DET-142370,cust-tekstream-001,0.75,pb-malware-response,0.821,19.5,FALSE,,,,,,,,3a01d6a4-90d1-437c-b0fb-336866b6eee5,,2026-03-27T17:01:52.625970Z,,,,,,,,,,,
10ce4c2f-6e79-4a65-8f97-c16ebd75a7e6,2026-03-27T17:01:38.175202+00:00,inference,playbook_selector,1.0.0,detection,DET-142368,cust-globex-003,0.52,pb-ransomware-containment,0.72,160.4,FALSE,,,,,,,,32746cb3-e34d-4442-b0e7-4e99ea20fbc8,,2026-03-27T17:01:38.175149Z,,,,,,,,,,,
3b6f8b3f-026b-4f0b-9ee1-d706a68819f8,2026-03-27T17:01:37.823457+00:00,inference,playbook_selector,1.0.0,detection,DET-142367,cust-tekstream-001,0.847,pb-ransomware-containment,0.584,172.9,FALSE,,,,,,,,d1d01cb3-35c8-4323-bf2e-cbccdd5071e6,,2026-03-27T17:01:37.823404Z,,,,,,,,,,,
bf4a0523-5f6c-4433-89d6-f3c84400c0cb,2026-03-27T17:01:37.391110+00:00,inference,playbook_selector,1.0.0,detection,DET-142365,cust-tekstream-001,0.873,pb-brute-force-block,0.569,129.5,TRUE,,,,,,,,56f6d1e6-50c2-4d84-9adf-a1be4c082636,,2026-03-27T17:01:37.391056Z,,,,,,,,,,,
bc84c99f-2a27-4767-95d0-493e235ab4b6,2026-03-27T17:01:23.586709+00:00,inference,playbook_selector,1.0.0,detection,DET-142364,cust-tekstream-001,0.879,pb-brute-force-block,0.966,22.7,FALSE,,,,,,,,485cf9a3-18d9-442a-b629-80e84c7b612d,,2026-03-27T17:01:23.586641Z,,,,,,,,,,,
682d9228-a9db-4a24-8c61-fd06e1781237,2026-03-27T17:01:23.059052+00:00,inference,playbook_selector,1.0.0,detection,DET-142363,cust-acme-corp-002,0.873,pb-brute-force-block,0.724,8.5,FALSE,,,,,,,,92ad3c24-3e15-4e09-8f8f-9a984af5daa2,,2026-03-27T17:01:23.059001Z,,,,,,,,,,,
e57d0703-4101-42bf-8ba2-8ef0179e9866,2026-03-27T17:01:22.860573+00:00,inference,playbook_selector,1.0.0,detection,DET-142362,cust-acme-corp-002,0.703,pb-brute-force-block,0.829,181.6,TRUE,,,,,,,,77ba697f-7696-4844-9d78-d82c0f04309b,,2026-03-27T17:01:22.860513Z,,,,,,,,,,,
a57c2157-1b0b-40da-aae6-a6accc571c5e,2026-03-27T17:01:22.142434+00:00,inference,playbook_selector,1.0.0,detection,DET-142361,cust-acme-corp-002,0.768,pb-phishing-triage,0.566,87.8,FALSE,,,,,,,,cefcb2b0-1eed-435b-914d-51a6193776a3,,2026-03-27T17:01:22.142377Z,,,,,,,,,,,
95add6e3-5241-446f-95ec-811e739769d1,2026-03-27T17:01:21.322709+00:00,inference,playbook_selector,1.0.0,detection,DET-142359,cust-globex-003,0.628,pb-lateral-movement,0.949,158.5,FALSE,,,,,,,,98dc736b-2217-44ec-a6cf-ee86bfaa12ad,,2026-03-27T17:01:21.322659Z,,,,,,,,,,,
f5649093-09c3-47e2-8b6d-a8dee9610fd7,2026-03-27T17:00:51.352273+00:00,inference,playbook_selector,1.0.0,detection,DET-142356,cust-acme-corp-002,0.826,pb-data-exfil-investigate,0.871,124.9,TRUE,,,,,,,,cbf7475a-a4ef-4fbd-84e2-7a454d2feb59,,2026-03-27T17:00:51.352221Z,,,,,,,,,,,
be906f26-31c6-4df2-b538-d0a2b7e44fcf,2026-03-27T17:00:51.040617+00:00,inference,playbook_selector,1.0.0,detection,DET-142355,cust-tekstream-001,0.76,pb-brute-force-block,0.687,47.4,FALSE,,,,,,,,9d5d31e4-cbcf-4495-843e-bdc62f0c943a,,2026-03-27T17:00:51.040548Z,,,,,,,,,,,
67a9bcab-fff3-4812-b921-55196f70063a,2026-03-27T17:00:21.018884+00:00,inference,playbook_selector,1.0.0,detection,DET-142353,cust-globex-003,0.918,pb-phishing-triage,0.985,28.3,FALSE,,,,,,,,c9221c9d-248b-4ba9-a036-9db328a346aa,,2026-03-27T17:00:21.018830Z,,,,,,,,,,,
fe05f787-c32f-4214-b40f-85c7ad40cd3a,2026-03-27T16:59:51.533586+00:00,inference,playbook_selector,1.0.0,detection,DET-142350,cust-tekstream-001,0.936,pb-brute-force-block,0.951,162.8,TRUE,,,,,,,,3a185e2d-29c2-42e5-b376-e441439b913d,,2026-03-27T16:59:51.533533Z,,,,,,,,,,,
0b833565-9bf2-4098-96dc-0d0e457ff4e2,2026-03-27T16:59:51.008943+00:00,inference,playbook_selector,1.0.0,detection,DET-142349,cust-globex-003,0.742,pb-phishing-triage,0.906,149.2,TRUE,,,,,,,,cb28c640-b9f2-4242-b661-278327f8bf82,,2026-03-27T16:59:51.008890Z,,,,,,,,,,,
9cac7d8c-11af-42df-a952-c9e29e77159f,2026-03-27T16:59:36.845442+00:00,inference,playbook_selector,1.0.0,detection,DET-142347,cust-acme-corp-002,0.564,pb-lateral-movement,0.56,88.1,FALSE,,,,,,,,c1946187-c663-4703-870d-bd03d05e5171,,2026-03-27T16:59:36.845388Z,,,,,,,,,,,
87cc0130-24b6-46d1-a8fd-a1f1cedf9998,2026-03-27T16:59:36.326439+00:00,inference,playbook_selector,1.0.0,detection,DET-142346,cust-globex-003,0.688,pb-brute-force-block,0.756,117.6,FALSE,,,,,,,,30029e7e-1122-4bf0-bb09-37650414a8f1,,2026-03-27T16:59:36.326387Z,,,,,,,,,,,
118a1d30-4914-405a-9b01-788cc8f25a88,2026-03-27T16:59:36.043737+00:00,inference,playbook_selector,1.0.0,detection,DET-142345,cust-tekstream-001,0.659,pb-lateral-movement,0.965,169.1,FALSE,,,,,,,,3f5a7042-4a32-4205-a7e8-9524c3d110b2,,2026-03-27T16:59:36.043686Z,,,,,,,,,,,
7c9c4f59-d4c9-4203-ba72-e928dc82a06d,2026-03-27T16:59:21.693146+00:00,inference,playbook_selector,1.0.0,detection,DET-142344,cust-tekstream-001,0.549,pb-brute-force-block,0.942,12.9,FALSE,,,,,,,,9b615156-04ac-4102-a224-3fac8b47090c,,2026-03-27T16:59:21.693093Z,,,,,,,,,,,
b61fbd41-ea04-4202-ae95-789f19347ee8,2026-03-27T16:59:20.932814+00:00,inference,playbook_selector,1.0.0,detection,DET-142342,cust-tekstream-001,0.905,pb-phishing-triage,0.57,29.1,FALSE,,,,,,,,769e3df5-6734-470e-acda-f59d2d3596d3,,2026-03-27T16:59:20.932763Z,,,,,,,,,,,
91324a7f-5b8a-4af2-897d-cfe8c0345cab,2026-03-27T16:59:06.473861+00:00,inference,playbook_selector,1.0.0,detection,DET-142341,cust-globex-003,0.525,pb-phishing-triage,0.675,63.4,FALSE,,,,,,,,8e6b6aaf-c6e5-40e4-b9b1-8e0185a61578,,2026-03-27T16:59:06.473807Z,,,,,,,,,,,
6e5b5832-6b78-4033-981f-9f9c5911c670,2026-03-27T16:59:06.042958+00:00,inference,playbook_selector,1.0.0,detection,DET-142340,cust-acme-corp-002,0.817,pb-ransomware-containment,0.983,69.8,FALSE,,,,,,,,ad2a3743-2195-45e8-984a-e86b6b42c095,,2026-03-27T16:59:06.042905Z,,,,,,,,,,,
c04bcc78-4af3-4f76-864d-329b2b61b12d,2026-03-27T16:58:21.919407+00:00,inference,playbook_selector,1.0.0,detection,DET-142335,cust-acme-corp-002,0.688,pb-phishing-triage,0.595,121.7,FALSE,,,,,,,,8ad116d9-bf82-4f22-8aa7-4d3cb71979fa,,2026-03-27T16:58:21.919355Z,,,,,,,,,,,
f446b6a4-d15b-4001-9228-9053ca183171,2026-03-27T16:58:21.215007+00:00,inference,playbook_selector,1.0.0,detection,DET-142334,cust-acme-corp-002,0.526,pb-lateral-movement,0.954,77.9,TRUE,,,,,,,,55ee4ff7-cce7-4e97-9c20-d0fa2387cb00,,2026-03-27T16:58:21.214949Z,,,,,,,,,,,
1a050154-6c5c-4289-af7a-2e8d1e36b664,2026-03-27T16:58:06.545623+00:00,inference,playbook_selector,1.0.0,detection,DET-142332,cust-acme-corp-002,0.733,pb-ransomware-containment,0.649,147,FALSE,,,,,,,,e68cc781-62db-44a2-990d-306c575e7549,,2026-03-27T16:58:06.545571Z,,,,,,,,,,,
fa2ba4e1-df1e-413f-a53b-3e4564c1f5a3,2026-03-27T16:58:06.288488+00:00,inference,playbook_selector,1.0.0,detection,DET-142331,cust-tekstream-001,0.52,pb-brute-force-block,0.554,88.4,FALSE,,,,,,,,77aefa9a-09d9-45bf-a9fd-3800a2ab6972,,2026-03-27T16:58:06.288286Z,,,,,,,,,,,
6d21e624-5cb7-4f88-81ac-2abe21f42e21,2026-03-27T16:57:52.066520+00:00,inference,playbook_selector,1.0.0,detection,DET-142329,cust-tekstream-001,0.7,pb-lateral-movement,0.757,97.3,FALSE,,,,,,,,a1449603-c38c-4103-a25f-cda893fc774f,,2026-03-27T16:57:52.066468Z,,,,,,,,,,,
57981064-f01a-475b-9b6c-915420178186,2026-03-27T16:57:51.201867+00:00,inference,playbook_selector,1.0.0,detection,DET-142326,cust-globex-003,0.863,pb-ransomware-containment,0.694,195,FALSE,,,,,,,,d896232a-d777-4e61-9e0f-024219301b93,,2026-03-27T16:57:51.201813Z,,,,,,,,,,,
305e22ab-5355-4914-9af4-518f1d22bda3,2026-03-27T16:57:36.707600+00:00,inference,playbook_selector,1.0.0,detection,DET-142324,cust-tekstream-001,0.881,pb-brute-force-block,0.503,56.8,FALSE,,,,,,,,8a073417-5e9e-458a-a3ed-473891dbf115,,2026-03-27T16:57:36.707548Z,,,,,,,,,,,
0ba87ff6-553d-420f-8d99-b70bb7e3949c,2026-03-27T16:57:36.474362+00:00,inference,playbook_selector,1.0.0,detection,DET-142323,cust-globex-003,0.937,pb-malware-response,0.782,180.1,FALSE,,,,,,,,e53a162a-31b0-4b9e-b7d9-c8f8e9fb76f0,,2026-03-27T16:57:36.474306Z,,,,,,,,,,,
15d87b8b-2218-4a47-b2da-8ea2f0cc5611,2026-03-27T16:57:21.995615+00:00,inference,playbook_selector,1.0.0,detection,DET-142320,cust-acme-corp-002,0.57,pb-malware-response,0.556,94.4,FALSE,,,,,,,,02321218-6c03-4b67-b4b5-c40a899fd516,,2026-03-27T16:57:21.995561Z,,,,,,,,,,,
da7e5e6a-c56a-41b3-a456-a711a6f9a785,2026-03-27T16:57:21.478196+00:00,inference,playbook_selector,1.0.0,detection,DET-142319,cust-acme-corp-002,0.945,pb-malware-response,0.802,64.3,FALSE,,,,,,,,7e61461a-bd75-48d4-b9f0-56538e2f7a2f,,2026-03-27T16:57:21.478145Z,,,,,,,,,,,
7c6a599c-1842-41ea-bd04-dfc53c7fe1b3,2026-03-27T16:57:20.945936+00:00,inference,playbook_selector,1.0.0,detection,DET-142318,cust-tekstream-001,0.503,pb-brute-force-block,0.868,132.9,FALSE,,,,,,,,f8229a3d-81cb-482d-8ea4-d5d18c4afcb3,,2026-03-27T16:57:20.945882Z,,,,,,,,,,,
1f4228f3-f02e-4573-812b-333965553ccb,2026-03-27T16:57:07.193122+00:00,inference,playbook_selector,1.0.0,detection,DET-142317,cust-acme-corp-002,0.797,pb-malware-response,0.964,99.8,FALSE,,,,,,,,535aa994-6280-4062-a1ea-18e09e5ad128,,2026-03-27T16:57:07.193070Z,,,,,,,,,,,
15d2875d-f54d-45ff-884a-40fea95a2a71,2026-03-27T16:57:06.773646+00:00,inference,playbook_selector,1.0.0,detection,DET-142316,cust-acme-corp-002,0.732,pb-data-exfil-investigate,0.814,57.6,FALSE,,,,,,,,33d170fb-d0e5-40f3-b295-18140a42de6b,,2026-03-27T16:57:06.773593Z,,,,,,,,,,,
021a46e6-129b-40c0-bf41-026f9a2299b2,2026-03-27T16:57:06.019831+00:00,inference,playbook_selector,1.0.0,detection,DET-142314,cust-tekstream-001,0.921,pb-lateral-movement,0.862,111,FALSE,,,,,,,,9d8b8679-9956-459f-84d3-288be3876302,,2026-03-27T16:57:06.019776Z,,,,,,,,,,,
c39ba258-8702-489c-a786-c6da5cc70928,2026-03-27T16:56:51.457627+00:00,inference,playbook_selector,1.0.0,detection,DET-142313,cust-globex-003,0.661,pb-malware-response,0.727,187,FALSE,,,,,,,,676f23f7-fd37-4800-b342-19a8294d07d0,,2026-03-27T16:56:51.457575Z,,,,,,,,,,,
5b0a7a36-b9b1-4813-9652-ca28f5614adf,2026-03-27T16:55:52.260447+00:00,inference,playbook_selector,1.0.0,detection,DET-142305,cust-globex-003,0.933,pb-ransomware-containment,0.754,30.4,FALSE,,,,,,,,849653c1-3cf3-4f02-8236-88950edd715c,,2026-03-27T16:55:52.260386Z,,,,,,,,,,,
7c447fd8-fb17-42ad-bbcb-9d199251e9a6,2026-03-27T16:55:51.839465+00:00,inference,playbook_selector,1.0.0,detection,DET-142304,cust-globex-003,0.847,pb-phishing-triage,0.553,61.8,FALSE,,,,,,,,512ebaae-85ee-4185-a0db-b26037ed9141,,2026-03-27T16:55:51.839412Z,,,,,,,,,,,
ab8cb8fb-3c2d-4148-887d-332a9afc1717,2026-03-27T16:55:51.482735+00:00,inference,playbook_selector,1.0.0,detection,DET-142303,cust-acme-corp-002,0.646,pb-malware-response,0.62,92.8,FALSE,,,,,,,,c6d7e844-b1e7-44d6-835a-7487860e16c2,,2026-03-27T16:55:51.482685Z,,,,,,,,,,,
6abb50e0-617e-4838-b56f-b629751e6a31,2026-03-27T16:55:51.039490+00:00,inference,playbook_selector,1.0.0,detection,DET-142302,cust-acme-corp-002,0.701,pb-lateral-movement,0.865,55.9,FALSE,,,,,,,,2a989e52-7e5e-43e7-9fcf-2b37b83ca652,,2026-03-27T16:55:51.039433Z,,,,,,,,,,,
d3a63aa4-5bfe-4f15-be45-1b3576623591,2026-03-27T16:55:36.848743+00:00,inference,playbook_selector,1.0.0,detection,DET-142300,cust-globex-003,0.977,pb-malware-response,0.562,110.6,FALSE,,,,,,,,ec0524d9-8af6-4512-a832-d68d326c1a95,,2026-03-27T16:55:36.848690Z,,,,,,,,,,,
5e1a5e3e-3275-4e55-8f66-15dfbe225a54,2026-03-27T16:55:36.267843+00:00,inference,playbook_selector,1.0.0,detection,DET-142299,cust-globex-003,0.666,pb-data-exfil-investigate,0.577,199.7,FALSE,,,,,,,,ef9e1b69-cfe6-4175-8111-f91a305c53db,,2026-03-27T16:55:36.267791Z,,,,,,,,,,,
5d9faebf-428e-41af-b7d2-389c8465b800,2026-03-27T16:55:21.921595+00:00,inference,playbook_selector,1.0.0,detection,DET-142297,cust-acme-corp-002,0.628,pb-ransomware-containment,0.548,189.8,FALSE,,,,,,,,55ee19ec-9af9-49e2-95d3-39d540b03880,,2026-03-27T16:55:21.921541Z,,,,,,,,,,,
c729f65e-28ef-4134-b56f-b070d886f5b7,2026-03-27T16:55:21.769446+00:00,inference,playbook_selector,1.0.0,detection,DET-142296,cust-tekstream-001,0.98,pb-lateral-movement,0.896,151.6,FALSE,,,,,,,,c13da65f-1cb8-40fd-8689-c0333243318f,,2026-03-27T16:55:21.769396Z,,,,,,,,,,,
1e940989-092a-451f-99af-454b5babf1d7,2026-03-27T16:55:21.189469+00:00,inference,playbook_selector,1.0.0,detection,DET-142295,cust-tekstream-001,0.833,pb-phishing-triage,0.892,37.1,FALSE,,,,,,,,b08b9350-cc9b-4a15-9bbf-ffdcaad750d2,,2026-03-27T16:55:21.189418Z,,,,,,,,,,,
964a75a2-3a1d-4f48-a7b7-4457c7591fab,2026-03-27T16:55:05.930696+00:00,inference,playbook_selector,1.0.0,detection,DET-142294,cust-tekstream-001,0.636,pb-lateral-movement,0.59,63.9,FALSE,,,,,,,,e8c1acab-6c7d-4de7-8a70-f7b2d3a90228,,2026-03-27T16:55:05.930643Z,,,,,,,,,,,
fa52b5f3-31b1-48f6-9c06-b8116863ef08,2026-03-27T16:54:22.015968+00:00,inference,playbook_selector,1.0.0,detection,DET-142288,cust-acme-corp-002,0.83,pb-data-exfil-investigate,0.599,16.9,FALSE,,,,,,,,d3b6a973-f8f2-463c-82ed-38d9a9f81090,,2026-03-27T16:54:22.015917Z,,,,,,,,,,,
9ff0fc8a-a5f6-4fc7-a18e-68ad82f24446,2026-03-27T16:54:21.537675+00:00,inference,playbook_selector,1.0.0,detection,DET-142287,cust-globex-003,0.906,pb-brute-force-block,0.628,179.2,FALSE,,,,,,,,0481a6df-de25-49e5-8420-ea4d597292b4,,2026-03-27T16:54:21.537623Z,,,,,,,,,,,
d96c8727-1994-4c57-a95a-19477eb887e2,2026-03-27T16:54:20.953352+00:00,inference,playbook_selector,1.0.0,detection,DET-142286,cust-acme-corp-002,0.731,pb-data-exfil-investigate,0.602,169.6,TRUE,,,,,,,,568d3a8a-3279-4618-a796-e171b9d60dc2,,2026-03-27T16:54:20.953300Z,,,,,,,,,,,
cde05eef-ac03-481d-b66b-e49de438c877,2026-03-27T16:53:51.586356+00:00,inference,playbook_selector,1.0.0,detection,DET-142282,cust-globex-003,0.969,pb-data-exfil-investigate,0.671,32,FALSE,,,,,,,,354578a5-76df-4083-93da-c758c752607b,,2026-03-27T16:53:51.586255Z,,,,,,,,,,,
4388795a-ce13-478d-97f2-148308b1a830,2026-03-27T16:53:51.007857+00:00,inference,playbook_selector,1.0.0,detection,DET-142281,cust-acme-corp-002,0.762,pb-data-exfil-investigate,0.875,47.6,FALSE,,,,,,,,7a082e31-465d-4040-9f0a-475a956f66bd,,2026-03-27T16:53:51.007807Z,,,,,,,,,,,
e1f8d311-d35b-40ce-a06e-2cedfce06ffc,2026-03-27T16:53:35.939721+00:00,inference,playbook_selector,1.0.0,detection,DET-142280,cust-globex-003,0.868,pb-brute-force-block,0.734,60.1,FALSE,,,,,,,,ee58f7d0-17bc-42bf-9c96-580ea987c01e,,2026-03-27T16:53:35.939666Z,,,,,,,,,,,
fca92ced-9eb1-4b80-92c2-26130aec7987,2026-03-27T16:53:06.758729+00:00,inference,playbook_selector,1.0.0,detection,DET-142278,cust-tekstream-001,0.774,pb-phishing-triage,0.575,103.3,TRUE,,,,,,,,abdeffe5-4694-4282-a504-4cc7c6957e33,,2026-03-27T16:53:06.758680Z,,,,,,,,,,,
678ed3ac-ee0b-4ed4-b95a-b6e70260e75c,2026-03-27T16:52:51.203796+00:00,inference,playbook_selector,1.0.0,detection,DET-142274,cust-acme-corp-002,0.769,pb-lateral-movement,0.83,163.9,FALSE,,,,,,,,85089a47-52d0-40c9-bc89-032425b78870,,2026-03-27T16:52:51.203743Z,,,,,,,,,,,
f0c0a057-7b3b-462a-a7d4-369e136d2875,2026-03-27T16:52:22.033290+00:00,inference,playbook_selector,1.0.0,detection,DET-142271,cust-globex-003,0.634,pb-lateral-movement,0.834,173.6,FALSE,,,,,,,,3a0fe211-963d-4870-9954-38df62f1f785,,2026-03-27T16:52:22.033237Z,,,,,,,,,,,
7fe38505-cdb9-45e9-82fe-a288afa6cefc,2026-03-27T16:52:21.716669+00:00,inference,playbook_selector,1.0.0,detection,DET-142270,cust-tekstream-001,0.818,pb-ransomware-containment,0.664,182.3,FALSE,,,,,,,,c4129262-a5bb-4e70-bce5-99529314390e,,2026-03-27T16:52:21.716615Z,,,,,,,,,,,
28acedd8-db65-4986-ae0f-7428b7e5782a,2026-03-27T16:52:06.758057+00:00,inference,playbook_selector,1.0.0,detection,DET-142268,cust-globex-003,0.624,pb-lateral-movement,0.861,47.6,TRUE,,,,,,,,5c722974-d93f-4cf8-a9fa-2e3ab2182eb3,,2026-03-27T16:52:06.758006Z,,,,,,,,,,,
86bac7e2-3e57-49b3-b6e4-d103a5a0b2b8,2026-03-27T16:52:06.301937+00:00,inference,playbook_selector,1.0.0,detection,DET-142267,cust-acme-corp-002,0.979,pb-malware-response,0.662,138.2,TRUE,,,,,,,,74f5eec7-7e57-4924-9ce9-6f22546a97d1,,2026-03-27T16:52:06.301886Z,,,,,,,,,,,
a50a77a4-6fc7-4a07-90a3-02cd5fa22a6e,2026-03-27T16:51:51.125046+00:00,inference,playbook_selector,1.0.0,detection,DET-142265,cust-tekstream-001,0.71,pb-malware-response,0.76,109.3,FALSE,,,,,,,,5b654125-fe3c-44c1-bf68-83dfdfb6fe8e,,2026-03-27T16:51:51.124992Z,,,,,,,,,,,
f7a22555-461d-4572-b850-e9872577db0d,2026-03-27T16:51:35.927902+00:00,inference,playbook_selector,1.0.0,detection,DET-142262,cust-tekstream-001,0.87,pb-malware-response,0.698,47.7,FALSE,,,,,,,,e970913e-ba74-40b5-b832-2f2bd139a37e,,2026-03-27T16:51:35.927850Z,,,,,,,,,,,
f98b0fcf-7434-4a8f-8b97-89b2d6125d60,2026-03-27T16:51:21.590843+00:00,inference,playbook_selector,1.0.0,detection,DET-142261,cust-globex-003,0.723,pb-ransomware-containment,0.707,126.2,TRUE,,,,,,,,f3558e5e-c97f-4909-b87a-415875224fe2,,2026-03-27T16:51:21.590792Z,,,,,,,,,,,
93bd709b-792b-43b6-aedd-cad0f08bfa07,2026-03-27T16:51:21.223753+00:00,inference,playbook_selector,1.0.0,detection,DET-142260,cust-globex-003,0.581,pb-phishing-triage,0.668,95.2,FALSE,,,,,,,,a1a36bda-2d7b-4b01-888c-38b06d2dbfc3,,2026-03-27T16:51:21.223703Z,,,,,,,,,,,
7cd07011-6b95-4622-9bd2-9369a829291d,2026-03-27T16:51:06.070016+00:00,inference,playbook_selector,1.0.0,detection,DET-142257,cust-acme-corp-002,0.668,pb-data-exfil-investigate,0.618,79.6,FALSE,,,,,,,,14600093-2ca3-4797-a162-ae233b7e8f2d,,2026-03-27T16:51:06.069964Z,,,,,,,,,,,
8b9edbc1-c985-45bd-86b8-b5628983143a,2026-03-27T16:50:51.507109+00:00,inference,playbook_selector,1.0.0,detection,DET-142256,cust-tekstream-001,0.506,pb-lateral-movement,0.866,185,FALSE,,,,,,,,91e1f0e8-a9d6-4126-96cf-47aa1b84b208,,2026-03-27T16:50:51.507058Z,,,,,,,,,,,
3c2d151d-0a47-4c6e-b334-53192355dfd0,2026-03-27T16:50:51.080086+00:00,inference,playbook_selector,1.0.0,detection,DET-142255,cust-acme-corp-002,0.737,pb-ransomware-containment,0.505,53.1,FALSE,,,,,,,,33ed1192-f978-412f-8e1f-a81e76e8e014,,2026-03-27T16:50:51.080034Z,,,,,,,,,,,
65685ed0-cead-48dc-84fe-c645632bcfd2,2026-03-27T16:50:21.159575+00:00,inference,playbook_selector,1.0.0,detection,DET-142252,cust-acme-corp-002,0.938,pb-malware-response,0.577,83.2,TRUE,,,,,,,,07df15e5-a387-41d6-b15c-290b74b89585,,2026-03-27T16:50:21.159522Z,,,,,,,,,,,
78d5fe32-abad-4b83-91c8-392e416853e1,2026-03-27T16:50:06.297186+00:00,inference,playbook_selector,1.0.0,detection,DET-142251,cust-tekstream-001,0.976,pb-brute-force-block,0.529,76.9,FALSE,,,,,,,,bbb48407-f52b-47c5-9f65-06961cb2ae32,,2026-03-27T16:50:06.297134Z,,,,,,,,,,,
fde3c0d1-7fc4-4b23-bd30-e074b768108c,2026-03-27T16:50:05.846699+00:00,inference,playbook_selector,1.0.0,detection,DET-142250,cust-globex-003,0.605,pb-lateral-movement,0.715,189.1,TRUE,,,,,,,,eecbc6a8-00f0-4703-9b55-a4b2cb4e85a9,,2026-03-27T16:50:05.846645Z,,,,,,,,,,,
9afa37a1-65c9-443d-8770-d70e6e4d231c,2026-03-27T16:49:51.187925+00:00,inference,playbook_selector,1.0.0,detection,DET-142247,cust-acme-corp-002,0.918,pb-phishing-triage,0.766,145.1,FALSE,,,,,,,,cc41a7ba-5254-4ab4-8d15-1f9dc39de9f5,,2026-03-27T16:49:51.187873Z,,,,,,,,,,,
ae2c0c98-213e-44df-9f1a-dcba91d8fb12,2026-03-27T16:49:21.238586+00:00,inference,playbook_selector,1.0.0,detection,DET-142244,cust-tekstream-001,0.97,pb-malware-response,0.858,73.9,FALSE,,,,,,,,d6cf7668-1293-4a85-a472-2fcb6cbd6143,,2026-03-27T16:49:21.238536Z,,,,,,,,,,,
566b2a11-6340-4e95-abe2-0a51da86628e,2026-03-27T16:49:20.852657+00:00,inference,playbook_selector,1.0.0,detection,DET-142243,cust-globex-003,0.917,pb-lateral-movement,0.748,19,FALSE,,,,,,,,63e313af-d53e-4918-aece-033df7517d47,,2026-03-27T16:49:20.852608Z,,,,,,,,,,,
1b399cc6-bf7e-4206-b1b6-4b4211f86ccb,2026-03-27T16:49:06.459680+00:00,inference,playbook_selector,1.0.0,detection,DET-142241,cust-globex-003,0.618,pb-phishing-triage,0.944,55.3,FALSE,,,,,,,,6bf7823a-6e8e-4deb-b4ad-ba7d5906af8d,,2026-03-27T16:49:06.459630Z,,,,,,,,,,,
d3e38fa9-e6dd-477a-8fe8-8a72a362c2be,2026-03-27T16:49:05.979241+00:00,inference,playbook_selector,1.0.0,detection,DET-142240,cust-acme-corp-002,0.529,pb-data-exfil-investigate,0.559,153.3,FALSE,,,,,,,,f1db0e35-2b4d-4eb8-a143-80dfd7b03822,,2026-03-27T16:49:05.979189Z,,,,,,,,,,,
1db3c792-4614-4854-93c1-3b160828aec5,2026-03-27T16:48:51.233053+00:00,inference,playbook_selector,1.0.0,detection,DET-142237,cust-tekstream-001,0.698,pb-phishing-triage,0.748,103,FALSE,,,,,,,,efa5bc97-a406-4a79-96ce-2eb6fa1ba2ba,,2026-03-27T16:48:51.232995Z,,,,,,,,,,,
9fe27fe4-2f87-4129-8cb1-72401b01f029,2026-03-27T16:48:50.864816+00:00,inference,playbook_selector,1.0.0,detection,DET-142236,cust-acme-corp-002,0.508,pb-ransomware-containment,0.5,11.7,FALSE,,,,,,,,20c4b61b-d721-4059-8d1f-b036a081dbd7,,2026-03-27T16:48:50.864763Z,,,,,,,,,,,
d7d62a45-e92a-40e7-8ffb-9caaa6e50ddb,2026-03-27T16:48:36.474094+00:00,inference,playbook_selector,1.0.0,detection,DET-142235,cust-globex-003,0.524,pb-ransomware-containment,0.795,15.7,FALSE,,,,,,,,37ad0738-c271-442e-b2fb-91b5b1e2e017,,2026-03-27T16:48:36.474044Z,,,,,,,,,,,
bc757f76-636b-42d3-a558-5281a16a8150,2026-03-27T16:48:21.790909+00:00,inference,playbook_selector,1.0.0,detection,DET-142232,cust-tekstream-001,0.655,pb-data-exfil-investigate,0.6,37,FALSE,,,,,,,,a95693e3-7fff-4c74-8408-ed0319e2baac,,2026-03-27T16:48:21.790855Z,,,,,,,,,,,
f165f4a9-86e4-473b-8ffd-6a681c1126ca,2026-03-27T16:48:06.782590+00:00,inference,playbook_selector,1.0.0,detection,DET-142229,cust-globex-003,0.946,pb-brute-force-block,0.614,158.6,TRUE,,,,,,,,6fcf980b-27be-4bf0-9292-ac9c9d8659c2,,2026-03-27T16:48:06.782537Z,,,,,,,,,,,
81689466-316d-4a2c-923b-beaad8b88d32,2026-03-27T16:47:51.476957+00:00,inference,playbook_selector,1.0.0,detection,DET-142225,cust-tekstream-001,0.591,pb-lateral-movement,0.729,60.1,FALSE,,,,,,,,2bb6108c-646c-46ed-af70-12df74b4198d,,2026-03-27T16:47:51.476902Z,,,,,,,,,,,
3e50e543-2621-4686-9327-a4cef1c3dff5,2026-03-27T16:47:51.172147+00:00,inference,playbook_selector,1.0.0,detection,DET-142224,cust-tekstream-001,0.898,pb-brute-force-block,0.639,152.6,FALSE,,,,,,,,dd52a9e6-94e7-4728-8d0e-30dd8e019feb,,2026-03-27T16:47:51.172067Z,,,,,,,,,,,
ee080d05-5bdf-452a-99ee-b5a2b61a67bc,2026-03-27T16:47:36.018622+00:00,inference,playbook_selector,1.0.0,detection,DET-142222,cust-acme-corp-002,0.557,pb-lateral-movement,0.748,196,FALSE,,,,,,,,86a82a23-10ec-4863-9b57-f9d5f0c1e23c,,2026-03-27T16:47:36.018567Z,,,,,,,,,,,
0051a3ad-a753-4304-b467-135ec6f0879f,2026-03-27T16:47:21.752588+00:00,inference,playbook_selector,1.0.0,detection,DET-142220,cust-acme-corp-002,0.832,pb-brute-force-block,0.653,100.1,FALSE,,,,,,,,3d4b7203-0782-4818-b496-51165c899d72,,2026-03-27T16:47:21.752532Z,,,,,,,,,,,
a40654a2-ea80-487f-8949-25dd8fbe59aa,2026-03-27T16:47:21.383397+00:00,inference,playbook_selector,1.0.0,detection,DET-142219,cust-tekstream-001,0.91,pb-phishing-triage,0.961,75.3,FALSE,,,,,,,,46913a29-ef46-436d-b602-3b3712558136,,2026-03-27T16:47:21.383347Z,,,,,,,,,,,
34af1c74-5a68-4e24-a860-8759ee47c1ce,2026-03-27T16:47:06.739904+00:00,inference,playbook_selector,1.0.0,detection,DET-142217,cust-acme-corp-002,0.907,pb-phishing-triage,0.909,31.9,FALSE,,,,,,,,764595ab-cfb4-46b7-85a3-bfde803d6513,,2026-03-27T16:47:06.739853Z,,,,,,,,,,,
6374e5df-11ed-4705-a8d5-f70ca7054cf1,2026-03-27T16:46:50.993604+00:00,inference,playbook_selector,1.0.0,detection,DET-142214,cust-acme-corp-002,0.819,pb-malware-response,0.909,16.7,FALSE,,,,,,,,52abc526-8bc7-4ce5-8568-a0eccbc0d11c,,2026-03-27T16:46:50.993544Z,,,,,,,,,,,
1b94377b-1387-45bc-ae26-2d984988a85d,2026-03-27T16:46:22.220017+00:00,inference,playbook_selector,1.0.0,detection,DET-142212,cust-acme-corp-002,0.774,pb-lateral-movement,0.591,156.3,FALSE,,,,,,,,070db6f1-71aa-48a3-90a6-ff0ae9a13af1,,2026-03-27T16:46:22.219964Z,,,,,,,,,,,
a8d44cb9-26c4-495c-b809-d4b4a4578736,2026-03-27T16:46:21.702057+00:00,inference,playbook_selector,1.0.0,detection,DET-142211,cust-tekstream-001,0.597,pb-phishing-triage,0.887,84.6,FALSE,,,,,,,,06bd7178-64f5-4707-ac5f-72f52b36e772,,2026-03-27T16:46:21.702004Z,,,,,,,,,,,
52ba6e71-e863-4f1a-83b6-5d8c7a79e70e,2026-03-27T16:46:21.390811+00:00,inference,playbook_selector,1.0.0,detection,DET-142210,cust-tekstream-001,0.886,pb-malware-response,0.628,137.3,FALSE,,,,,,,,656f2395-9deb-4ab5-9843-cc0bdb2a778e,,2026-03-27T16:46:21.390761Z,,,,,,,,,,,
fdaba8de-1ac4-47da-b3bc-b8253f061309,2026-03-27T16:45:36.317360+00:00,inference,playbook_selector,1.0.0,detection,DET-142203,cust-globex-003,0.916,pb-malware-response,0.907,154.5,FALSE,,,,,,,,c395feb8-2caf-45aa-827e-109514bfa971,,2026-03-27T16:45:36.317308Z,,,,,,,,,,,
664e74e4-1260-489e-96fc-c90584a020aa,2026-03-27T16:45:35.928655+00:00,inference,playbook_selector,1.0.0,detection,DET-142202,cust-globex-003,0.641,pb-data-exfil-investigate,0.567,142.5,FALSE,,,,,,,,957a5611-8fab-47d8-a6ee-03cb965cff06,,2026-03-27T16:45:35.928595Z,,,,,,,,,,,
a08be56f-cfac-47ee-a82e-21d882a2c8eb,2026-03-27T16:45:22.024520+00:00,inference,playbook_selector,1.0.0,detection,DET-142201,cust-tekstream-001,0.547,pb-malware-response,0.944,9.2,FALSE,,,,,,,,783f23e8-12f2-4612-9c0e-07aeec15cc36,,2026-03-27T16:45:22.024450Z,,,,,,,,,,,
169f59a9-b222-4cae-b890-3eef9ccd6dda,2026-03-27T16:45:21.545225+00:00,inference,playbook_selector,1.0.0,detection,DET-142200,cust-acme-corp-002,0.772,pb-data-exfil-investigate,0.814,162.4,FALSE,,,,,,,,8834d14c-96b2-4d56-9304-92b55a3c7963,,2026-03-27T16:45:21.545174Z,,,,,,,,,,,
b9ffe796-a921-45bc-b7f4-e363512df775,2026-03-27T16:45:21.193983+00:00,inference,playbook_selector,1.0.0,detection,DET-142199,cust-acme-corp-002,0.975,pb-data-exfil-investigate,0.524,121.4,TRUE,,,,,,,,548de9f1-bb61-44ef-becf-e97c36a35e15,,2026-03-27T16:45:21.193932Z,,,,,,,,,,,
d354c79b-117f-42db-bce9-5ba30fe6bc80,2026-03-27T16:45:21.067730+00:00,inference,playbook_selector,1.0.0,detection,DET-142198,cust-globex-003,0.97,pb-malware-response,0.604,70.7,FALSE,,,,,,,,25ed4eb3-d94a-4e42-93c6-edd27ee36264,,2026-03-27T16:45:21.067650Z,,,,,,,,,,,
5c84c826-8998-4ad1-b0cb-60b785288237,2026-03-27T16:45:06.208498+00:00,inference,playbook_selector,1.0.0,detection,DET-142194,cust-globex-003,0.731,pb-malware-response,0.761,169.6,FALSE,,,,,,,,3e9d7017-1ad0-4e98-b2a1-20903210a70b,,2026-03-27T16:45:06.208440Z,,,,,,,,,,,
27076063-711c-4d52-95e5-c7349022f20c,2026-03-27T16:44:52.199800+00:00,inference,playbook_selector,1.0.0,detection,DET-142193,cust-globex-003,0.607,pb-malware-response,0.73,130.5,FALSE,,,,,,,,5479a7ce-4fae-499a-892c-97b7f63e3b26,,2026-03-27T16:44:52.199746Z,,,,,,,,,,,
e9fcfd31-83b6-42ef-8d05-79126d66d48f,2026-03-27T16:44:51.476825+00:00,inference,playbook_selector,1.0.0,detection,DET-142192,cust-acme-corp-002,0.942,pb-phishing-triage,0.881,105.1,FALSE,,,,,,,,69c46ee4-ea3e-462d-b30e-98e73efb0318,,2026-03-27T16:44:51.476771Z,,,,,,,,,,,
534cca09-afd7-456a-987d-35bea6a056bc,2026-03-27T16:44:36.033666+00:00,inference,playbook_selector,1.0.0,detection,DET-142190,cust-acme-corp-002,0.889,pb-ransomware-containment,0.987,128.9,TRUE,,,,,,,,3e56a60f-57a9-4b6a-8595-e5af1db42f55,,2026-03-27T16:44:36.033609Z,,,,,,,,,,,
20ca33bd-eb31-427d-afd5-b199ce8fcb90,2026-03-27T16:43:51.355151+00:00,inference,playbook_selector,1.0.0,detection,DET-142186,cust-tekstream-001,0.957,pb-malware-response,0.81,30.2,FALSE,,,,,,,,9958d702-88da-4257-8003-9a9a7116d4f6,,2026-03-27T16:43:51.355083Z,,,,,,,,,,,
3f27183e-05fc-42ab-b497-ec641cbd4266,2026-03-27T16:43:51.071887+00:00,inference,playbook_selector,1.0.0,detection,DET-142185,cust-acme-corp-002,0.579,pb-brute-force-block,0.732,150.1,FALSE,,,,,,,,7936423d-8f4b-4d77-8840-4f6095c0389b,,2026-03-27T16:43:51.071835Z,,,,,,,,,,,
61f079e3-78cc-4474-bc90-7d058c8f1be5,2026-03-27T16:43:35.835493+00:00,inference,playbook_selector,1.0.0,detection,DET-142184,cust-globex-003,0.871,pb-brute-force-block,0.561,35.8,FALSE,,,,,,,,c1589db7-652e-46f2-b7b2-48de9d7939c2,,2026-03-27T16:43:35.835441Z,,,,,,,,,,,
1aa4424c-1e31-413a-baa0-ceb04c4ca615,2026-03-27T16:43:21.919399+00:00,inference,playbook_selector,1.0.0,detection,DET-142183,cust-globex-003,0.627,pb-ransomware-containment,0.929,143,TRUE,,,,,,,,6b0f2afb-a515-41e1-bd2b-dc3dd7c78edc,,2026-03-27T16:43:21.919348Z,,,,,,,,,,,
d5f0f5d8-5226-4379-9eb9-74834f432054,2026-03-27T16:43:21.291240+00:00,inference,playbook_selector,1.0.0,detection,DET-142181,cust-acme-corp-002,0.962,pb-brute-force-block,0.569,115.1,FALSE,,,,,,,,a6b025bd-ec33-43cc-a561-8383dcf2045b,,2026-03-27T16:43:21.291186Z,,,,,,,,,,,
3c2a59e7-a454-4fc3-819d-6b66dba8ef8f,2026-03-27T16:43:06.950245+00:00,inference,playbook_selector,1.0.0,detection,DET-142179,cust-tekstream-001,0.846,pb-brute-force-block,0.589,21.4,TRUE,,,,,,,,500e99dd-99b9-44e2-afbb-b5e41eeeef0f,,2026-03-27T16:43:06.950185Z,,,,,,,,,,,
2a633352-68a0-4468-87b1-524b48938766,2026-03-27T16:43:06.139549+00:00,inference,playbook_selector,1.0.0,detection,DET-142176,cust-acme-corp-002,0.599,pb-brute-force-block,0.663,150.5,TRUE,,,,,,,,83f2f1d3-9703-4b14-93d5-d89c3c75578c,,2026-03-27T16:43:06.139499Z,,,,,,,,,,,
7a0b03c9-bb50-4c1f-a534-e41daad1e0a4,2026-03-27T16:42:51.753680+00:00,inference,playbook_selector,1.0.0,detection,DET-142175,cust-globex-003,0.886,pb-malware-response,0.594,29.3,FALSE,,,,,,,,d17fa1f9-2313-4c6c-93d1-d417a87d0708,,2026-03-27T16:42:51.753626Z,,,,,,,,,,,
b0c28b35-251e-40ab-ad70-67abe2509948,2026-03-27T16:42:51.054201+00:00,inference,playbook_selector,1.0.0,detection,DET-142173,cust-tekstream-001,0.924,pb-malware-response,0.528,41.6,TRUE,,,,,,,,06ea174e-c426-4028-96e5-e15908903f2f,,2026-03-27T16:42:51.054147Z,,,,,,,,,,,
2f0a9ba6-be65-4d55-ac26-416c041b07c4,2026-03-27T16:42:36.207558+00:00,inference,playbook_selector,1.0.0,detection,DET-142171,cust-globex-003,0.841,pb-ransomware-containment,0.95,37,FALSE,,,,,,,,529122b5-9995-44ec-bbab-9acee56f7dd7,,2026-03-27T16:42:36.207507Z,,,,,,,,,,,
ba4282cc-f7c2-4750-a6ba-75a8fd1af5ab,2026-03-27T16:42:35.824647+00:00,inference,playbook_selector,1.0.0,detection,DET-142170,cust-tekstream-001,0.6,pb-malware-response,0.874,182.7,FALSE,,,,,,,,cd3eab2d-411c-4829-9369-e21e5dbf1a54,,2026-03-27T16:42:35.824594Z,,,,,,,,,,,
b6782749-99d5-425c-8911-ce07b818273e,2026-03-27T16:42:21.396889+00:00,inference,playbook_selector,1.0.0,detection,DET-142169,cust-tekstream-001,0.813,pb-ransomware-containment,0.9,28.8,FALSE,,,,,,,,19504ccc-f1b0-4789-af5a-634b96a34049,,2026-03-27T16:42:21.396839Z,,,,,,,,,,,
8203720d-5227-4598-a0fd-b9ca31c6984d,2026-03-27T16:42:20.911409+00:00,inference,playbook_selector,1.0.0,detection,DET-142168,cust-globex-003,0.66,pb-lateral-movement,0.72,164.8,FALSE,,,,,,,,a840cd50-2225-4926-b3e6-2765d0c6d836,,2026-03-27T16:42:20.911358Z,,,,,,,,,,,
eb58a9c9-70d6-4123-a904-2647ecf6aba6,2026-03-27T16:42:06.627733+00:00,inference,playbook_selector,1.0.0,detection,DET-142166,cust-tekstream-001,0.596,pb-phishing-triage,0.725,117.3,TRUE,,,,,,,,189321b9-f2e0-4c19-80ba-1f8826907ac0,,2026-03-27T16:42:06.627680Z,,,,,,,,,,,
d1a03451-22b7-4f9c-a64d-f41c2c697285,2026-03-27T16:42:05.914670+00:00,inference,playbook_selector,1.0.0,detection,DET-142164,cust-tekstream-001,0.725,pb-data-exfil-investigate,0.678,195.2,FALSE,,,,,,,,0eb59cf6-e3f3-4562-9f77-9cb464243cc0,,2026-03-27T16:42:05.914618Z,,,,,,,,,,,
689248f8-a370-4c39-9d0c-e19ec0e727d2,2026-03-27T16:41:51.265775+00:00,inference,playbook_selector,1.0.0,detection,DET-142163,cust-tekstream-001,0.892,pb-data-exfil-investigate,0.825,190.3,FALSE,,,,,,,,503ab4f1-6991-4f2b-b4de-91ca15381d2c,,2026-03-27T16:41:51.265726Z,,,,,,,,,,,
65bae7c3-3f4a-4ff1-a74a-88dfda99239b,2026-03-27T16:41:36.518734+00:00,inference,playbook_selector,1.0.0,detection,DET-142160,cust-tekstream-001,0.945,pb-data-exfil-investigate,0.79,145.3,TRUE,,,,,,,,87363ddd-ca1d-45b9-89ca-fd148088d119,,2026-03-27T16:41:36.518682Z,,,,,,,,,,,
0af29e77-cd35-4517-a1cb-c61295fb4603,2026-03-27T16:41:36.177773+00:00,inference,playbook_selector,1.0.0,detection,DET-142159,cust-tekstream-001,0.698,pb-lateral-movement,0.544,111.9,TRUE,,,,,,,,c63c9a2c-c976-4abf-abd2-89c0579cc468,,2026-03-27T16:41:36.177720Z,,,,,,,,,,,
0b50e410-af12-4333-8e96-68fb348b6641,2026-03-27T16:41:35.978419+00:00,inference,playbook_selector,1.0.0,detection,DET-142158,cust-acme-corp-002,0.721,pb-phishing-triage,0.914,142.3,FALSE,,,,,,,,1b11e616-df61-4ce7-b9d0-6ca5cddabe99,,2026-03-27T16:41:35.978353Z,,,,,,,,,,,
d9b6fd4a-3257-410e-bbcb-8413f3663380,2026-03-27T16:41:21.078181+00:00,inference,playbook_selector,1.0.0,detection,DET-142157,cust-globex-003,0.96,pb-brute-force-block,0.823,198.9,FALSE,,,,,,,,b0a687ab-d66c-4013-837d-221ba470b4ac,,2026-03-27T16:41:21.078128Z,,,,,,,,,,,
9a078313-4830-425c-8972-04e2e8613909,2026-03-27T16:40:51.194559+00:00,inference,playbook_selector,1.0.0,detection,DET-142153,cust-globex-003,0.683,pb-brute-force-block,0.6,110.2,TRUE,,,,,,,,547af3e3-ed93-4100-be4f-e3da42ded591,,2026-03-27T16:40:51.194508Z,,,,,,,,,,,
7fe92c97-0da0-4dc9-b432-61a765c73058,2026-03-27T16:40:50.974358+00:00,inference,playbook_selector,1.0.0,detection,DET-142152,cust-acme-corp-002,0.785,pb-brute-force-block,0.899,139.4,FALSE,,,,,,,,4056ca51-d675-4b48-9c7e-6db44989bac2,,2026-03-27T16:40:50.974309Z,,,,,,,,,,,
9efea830-a9f4-46f2-ba53-1136fbcf29a1,2026-03-27T16:40:37.561662+00:00,inference,playbook_selector,1.0.0,detection,DET-142151,cust-globex-003,0.547,pb-ransomware-containment,0.733,47.1,FALSE,,,,,,,,4ed2d3bb-5c80-424e-92a9-5a3468ad69c3,,2026-03-27T16:40:37.561609Z,,,,,,,,,,,
5463883e-8417-4932-bdbe-a847ab057374,2026-03-27T16:40:36.732805+00:00,inference,playbook_selector,1.0.0,detection,DET-142150,cust-tekstream-001,0.893,pb-brute-force-block,0.748,89.9,FALSE,,,,,,,,13e48593-1245-4ca9-9398-4dfbe022cc67,,2026-03-27T16:40:36.732754Z,,,,,,,,,,,
a226253a-a719-4e8c-acdc-7e3bc0757a0b,2026-03-27T16:40:36.447943+00:00,inference,playbook_selector,1.0.0,detection,DET-142149,cust-globex-003,0.909,pb-ransomware-containment,0.639,163.6,FALSE,,,,,,,,67e73b7b-0d59-4ead-9f64-bda2cf0bbcec,,2026-03-27T16:40:36.447893Z,,,,,,,,,,,
0a047dff-d726-4cee-b502-986eeca064d6,2026-03-27T16:40:36.091139+00:00,inference,playbook_selector,1.0.0,detection,DET-142148,cust-acme-corp-002,0.628,pb-ransomware-containment,0.671,193,FALSE,,,,,,,,d3aced43-a137-45d0-93e8-d18c9cb34e06,,2026-03-27T16:40:36.091086Z,,,,,,,,,,,
1daeb7c5-e9db-4c56-9b62-a657045aed0c,2026-03-27T16:40:21.280033+00:00,inference,playbook_selector,1.0.0,detection,DET-142146,cust-globex-003,0.762,pb-phishing-triage,0.938,89.1,FALSE,,,,,,,,7f00b5d0-bd6b-4968-989c-c42b57013e2d,,2026-03-27T16:40:21.279982Z,,,,,,,,,,,
d9d33c55-a325-4659-bf98-e456b47c1679,2026-03-27T16:40:07.430147+00:00,inference,playbook_selector,1.0.0,detection,DET-142144,cust-tekstream-001,0.839,pb-data-exfil-investigate,0.978,102,FALSE,,,,,,,,296d6287-bd5b-4e18-bb3e-b19e7c1df077,,2026-03-27T16:40:07.430077Z,,,,,,,,,,,
f196b49a-0c8c-4a28-b17b-e856874dba60,2026-03-27T16:40:06.908668+00:00,inference,playbook_selector,1.0.0,detection,DET-142143,cust-acme-corp-002,0.605,pb-malware-response,0.975,43.4,FALSE,,,,,,,,5f6ae110-f889-43da-9a7d-10ee4097f26a,,2026-03-27T16:40:06.908617Z,,,,,,,,,,,
1650d643-1eb4-4f99-9fcf-9c2793760430,2026-03-27T16:40:05.843713+00:00,inference,playbook_selector,1.0.0,detection,DET-142141,cust-tekstream-001,0.618,pb-brute-force-block,0.681,167.2,TRUE,,,,,,,,77042cae-fdf7-4f46-a630-cf33fb05edcc,,2026-03-27T16:40:05.843658Z,,,,,,,,,,,
1adb1e94-d17d-4481-855d-3231726842d6,2026-03-27T16:39:51.362581+00:00,inference,playbook_selector,1.0.0,detection,DET-142139,cust-tekstream-001,0.509,pb-ransomware-containment,0.681,117.6,FALSE,,,,,,,,dfbb627c-39c8-4d6e-99a8-c8391edb7035,,2026-03-27T16:39:51.362530Z,,,,,,,,,,,
c8f2c043-f1c6-45ab-a62f-2d82805277a4,2026-03-27T16:39:51.165073+00:00,inference,playbook_selector,1.0.0,detection,DET-142138,cust-tekstream-001,0.743,pb-malware-response,0.873,193.6,FALSE,,,,,,,,218b1d44-4d07-447e-9baa-ad6f130b6017,,2026-03-27T16:39:51.165022Z,,,,,,,,,,,
ccf29dda-3bd1-424d-9491-4d9e30ffba01,2026-03-27T16:39:21.676508+00:00,inference,playbook_selector,1.0.0,detection,DET-142135,cust-acme-corp-002,0.865,pb-data-exfil-investigate,0.683,152.9,FALSE,,,,,,,,cb81ad71-a910-43f6-b541-8f7cb10da88e,,2026-03-27T16:39:21.676447Z,,,,,,,,,,,
26523257-05c3-4ceb-ab6d-b21bd4927af3,2026-03-27T16:39:21.198217+00:00,inference,playbook_selector,1.0.0,detection,DET-142134,cust-acme-corp-002,0.652,pb-phishing-triage,0.71,45.5,FALSE,,,,,,,,d77e2135-8506-4dbc-9aa9-0ea6b1ba0dcc,,2026-03-27T16:39:21.198164Z,,,,,,,,,,,
8880c33c-54fc-481e-b283-8b9c8687e607,2026-03-27T16:39:06.979100+00:00,inference,playbook_selector,1.0.0,detection,DET-142132,cust-acme-corp-002,0.764,pb-ransomware-containment,0.755,66.2,FALSE,,,,,,,,bff54e77-d4df-4c0d-be0a-99cb940d8bca,,2026-03-27T16:39:06.979048Z,,,,,,,,,,,
9d2363e7-1c5a-443f-8005-e221d707926f,2026-03-27T16:39:06.759414+00:00,inference,playbook_selector,1.0.0,detection,DET-142131,cust-globex-003,0.602,pb-ransomware-containment,0.807,99.9,FALSE,,,,,,,,705d734a-efee-48bc-977c-83c823cf46c2,,2026-03-27T16:39:06.759362Z,,,,,,,,,,,
7489f97c-7b03-48b5-bca7-f3183c76c034,2026-03-27T16:39:06.186552+00:00,inference,playbook_selector,1.0.0,detection,DET-142130,cust-tekstream-001,0.748,pb-lateral-movement,0.511,77.6,FALSE,,,,,,,,7220176a-45e3-47d4-a6d8-842f1c3c77ff,,2026-03-27T16:39:06.186499Z,,,,,,,,,,,
bdcb8a10-c16d-4fef-84f7-ace0380646e8,2026-03-27T16:38:51.664804+00:00,inference,playbook_selector,1.0.0,detection,DET-142129,cust-globex-003,0.628,pb-malware-response,0.765,26.5,FALSE,,,,,,,,9c05c3c0-ce09-40d3-a3fb-5cb755bb2fa7,,2026-03-27T16:38:51.664753Z,,,,,,,,,,,
2b15fe1f-05c4-4065-9596-ea3d571678dd,2026-03-27T16:38:36.236194+00:00,inference,playbook_selector,1.0.0,detection,DET-142124,cust-acme-corp-002,0.923,pb-brute-force-block,0.858,193,FALSE,,,,,,,,eda16b53-b5b8-4d05-9dc5-34b34d907d57,,2026-03-27T16:38:36.236142Z,,,,,,,,,,,
ac8ecc72-a810-4f9b-9792-7dab8655944a,2026-03-27T16:38:21.171921+00:00,inference,playbook_selector,1.0.0,detection,DET-142121,cust-globex-003,0.817,pb-data-exfil-investigate,0.691,124.7,TRUE,,,,,,,,6da01f44-7731-4e5a-ac80-c3c3dec902e3,,2026-03-27T16:38:21.171842Z,,,,,,,,,,,
449606a5-b320-4d04-bd04-c64e4fa8178b,2026-03-27T16:38:07.068614+00:00,inference,playbook_selector,1.0.0,detection,DET-142118,cust-globex-003,0.954,pb-ransomware-containment,0.667,120.6,FALSE,,,,,,,,0755db2d-9018-4359-ab18-f3fb17bb6b80,,2026-03-27T16:38:07.068557Z,,,,,,,,,,,
e80a47c5-eaa9-433e-8c19-d1f6c94eb7cb,2026-03-27T16:38:06.498309+00:00,inference,playbook_selector,1.0.0,detection,DET-142117,cust-acme-corp-002,0.534,pb-brute-force-block,0.544,175.6,FALSE,,,,,,,,5f7fcfd0-2558-45bb-ad8a-ae06df7dc287,,2026-03-27T16:38:06.498257Z,,,,,,,,,,,
4437bf33-78d1-40c5-aba5-1cb149ea8f7a,2026-03-27T16:37:51.496775+00:00,inference,playbook_selector,1.0.0,detection,DET-142116,cust-globex-003,0.724,pb-lateral-movement,0.742,44.9,FALSE,,,,,,,,e87bc59c-e4a3-4017-824e-cece8ab607b2,,2026-03-27T16:37:51.496019Z,,,,,,,,,,,
ba0b0349-2657-4ec3-ac71-b88fbb4d877b,2026-03-27T16:37:50.863999+00:00,inference,playbook_selector,1.0.0,detection,DET-142115,cust-acme-corp-002,0.741,pb-ransomware-containment,0.983,132.5,FALSE,,,,,,,,4af3301a-ebd8-4ab0-aa44-3d4155427c86,,2026-03-27T16:37:50.863948Z,,,,,,,,,,,
58d01055-45ed-4a28-9ad9-b3dac89cf797,2026-03-27T16:37:36.725980+00:00,inference,playbook_selector,1.0.0,detection,DET-142114,cust-acme-corp-002,0.929,pb-data-exfil-investigate,0.886,80.8,FALSE,,,,,,,,375107fe-18d4-4ae7-ace2-5e6a4fa43f21,,2026-03-27T16:37:36.725924Z,,,,,,,,,,,
5f96032f-9b80-419c-9a14-82a326dd9223,2026-03-27T16:37:21.929162+00:00,inference,playbook_selector,1.0.0,detection,DET-142111,cust-globex-003,0.531,pb-lateral-movement,0.952,135.8,FALSE,,,,,,,,0b38eb9f-a698-4b90-9268-657a673d3540,,2026-03-27T16:37:21.929102Z,,,,,,,,,,,
f9e14f35-0603-434d-a354-36ca61b67a8c,2026-03-27T16:37:21.583834+00:00,inference,playbook_selector,1.0.0,detection,DET-142110,cust-tekstream-001,0.521,pb-phishing-triage,0.531,60.4,FALSE,,,,,,,,687b7179-41eb-4086-b09a-4b969a15891a,,2026-03-27T16:37:21.583782Z,,,,,,,,,,,
c71faa80-4103-4389-877a-3b43b89c2369,2026-03-27T16:37:20.702204+00:00,inference,playbook_selector,1.0.0,detection,DET-142108,cust-globex-003,0.504,pb-malware-response,0.922,163.6,FALSE,,,,,,,,db4e64e1-a9ac-4d15-af98-b61bbe07c747,,2026-03-27T16:37:20.702153Z,,,,,,,,,,,
c62ebbad-a033-4c48-a719-0e1495c86183,2026-03-27T16:37:05.955198+00:00,inference,playbook_selector,1.0.0,detection,DET-142107,cust-acme-corp-002,0.802,pb-malware-response,0.608,32.6,FALSE,,,,,,,,a43b9a73-f3eb-489d-b3ad-25429e115e70,,2026-03-27T16:37:05.955145Z,,,,,,,,,,,
fe7d522d-d67d-4117-9315-53dab366d9b0,2026-03-27T16:36:36.827021+00:00,inference,playbook_selector,1.0.0,detection,DET-142105,cust-globex-003,0.663,pb-malware-response,0.664,7.5,TRUE,,,,,,,,0e625203-b33e-420f-9817-9112789d253b,,2026-03-27T16:36:36.826970Z,,,,,,,,,,,
eecca91f-a804-4f09-9251-340eb1d68c27,2026-03-27T16:36:36.178240+00:00,inference,playbook_selector,1.0.0,detection,DET-142103,cust-tekstream-001,0.722,pb-malware-response,0.58,119.2,FALSE,,,,,,,,a01afd17-1ae6-404d-922c-da1806d2d6d6,,2026-03-27T16:36:36.178188Z,,,,,,,,,,,
567a3299-659a-40c4-8327-f990a3cbefd2,2026-03-27T16:36:21.365238+00:00,inference,playbook_selector,1.0.0,detection,DET-142101,cust-acme-corp-002,0.77,pb-data-exfil-investigate,0.524,136.8,FALSE,,,,,,,,5247dad1-fdbd-4e34-8b46-c353a04ede42,,2026-03-27T16:36:21.365187Z,,,,,,,,,,,
d93ffa4c-6bd1-4f6b-87c7-a63e5361495f,2026-03-27T16:36:20.776631+00:00,inference,playbook_selector,1.0.0,detection,DET-142100,cust-globex-003,0.53,pb-phishing-triage,0.604,54.7,FALSE,,,,,,,,cf9131b0-4aa4-4a13-947a-7f3855ea6aaa,,2026-03-27T16:36:20.776561Z,,,,,,,,,,,
6767f205-9f30-4dac-8667-d025a4f835db,2026-03-27T16:36:06.028027+00:00,inference,playbook_selector,1.0.0,detection,DET-142098,cust-globex-003,0.619,pb-data-exfil-investigate,0.832,131,FALSE,,,,,,,,42344679-9901-4a7b-a203-3093028dd243,,2026-03-27T16:36:06.027969Z,,,,,,,,,,,
3d32f8d0-31f7-4c91-8421-92e3c6c68001,2026-03-27T16:35:51.787422+00:00,inference,playbook_selector,1.0.0,detection,DET-142096,cust-tekstream-001,0.621,pb-ransomware-containment,0.983,97.5,FALSE,,,,,,,,d5e898f4-7078-409c-885a-1c6d04af1490,,2026-03-27T16:35:51.787369Z,,,,,,,,,,,
9f487242-7a00-4005-974e-0bcdd788c4d9,2026-03-27T16:35:51.498530+00:00,inference,playbook_selector,1.0.0,detection,DET-142095,cust-tekstream-001,0.702,pb-data-exfil-investigate,0.728,145.1,FALSE,,,,,,,,9f4f36e2-b1f9-4e30-b919-3fd162044b86,,2026-03-27T16:35:51.498478Z,,,,,,,,,,,
9741a74e-080a-4255-b007-3b3f9a97583a,2026-03-27T16:35:51.235992+00:00,inference,playbook_selector,1.0.0,detection,DET-142094,cust-globex-003,0.935,pb-data-exfil-investigate,0.898,108,FALSE,,,,,,,,4ebb12fc-84b8-44ff-a4de-f71c6b75eb90,,2026-03-27T16:35:51.235941Z,,,,,,,,,,,
c449babf-d8a8-4ff7-85ec-389471961dbe,2026-03-27T16:35:50.856979+00:00,inference,playbook_selector,1.0.0,detection,DET-142093,cust-acme-corp-002,0.556,pb-malware-response,0.731,126,TRUE,,,,,,,,8675380b-b19f-4fb4-a458-8e81246ddfc0,,2026-03-27T16:35:50.856928Z,,,,,,,,,,,
d480d274-ad55-4ab5-bacc-b009be8331e7,2026-03-27T16:35:35.822480+00:00,inference,playbook_selector,1.0.0,detection,DET-142090,cust-globex-003,0.881,pb-lateral-movement,0.659,108.1,TRUE,,,,,,,,6b7123e7-e4fd-4272-85c8-8ddf6da5a801,,2026-03-27T16:35:35.822427Z,,,,,,,,,,,
b75687ae-bc14-4176-b908-308c2438c78b,2026-03-27T16:35:06.581973+00:00,inference,playbook_selector,1.0.0,detection,DET-142086,cust-tekstream-001,0.695,pb-phishing-triage,0.646,181.8,FALSE,,,,,,,,caf3c5d1-d6db-45ce-9d9c-f2c00fb44649,,2026-03-27T16:35:06.581926Z,,,,,,,,,,,
32c2f1d8-1464-407c-bfd9-967e46b0da88,2026-03-27T16:35:05.785086+00:00,inference,playbook_selector,1.0.0,detection,DET-142084,cust-tekstream-001,0.957,pb-malware-response,0.91,135,FALSE,,,,,,,,e6f3091d-65d7-4bcb-96e8-17301255aa04,,2026-03-27T16:35:05.785033Z,,,,,,,,,,,
27e8e245-715c-4776-a3fe-db8d8c3e4c15,2026-03-27T16:34:50.783481+00:00,inference,playbook_selector,1.0.0,detection,DET-142083,cust-globex-003,0.911,pb-ransomware-containment,0.824,82.6,TRUE,,,,,,,,b29d134d-db25-4e53-9d96-f5b209b7a697,,2026-03-27T16:34:50.783430Z,,,,,,,,,,,
6b473f1f-0a52-42f4-9c7c-ab9568458ed1,2026-03-27T16:34:22.185687+00:00,inference,playbook_selector,1.0.0,detection,DET-142081,cust-globex-003,0.843,pb-lateral-movement,0.96,34.2,FALSE,,,,,,,,136310de-320e-4193-882a-9641d5631407,,2026-03-27T16:34:22.185635Z,,,,,,,,,,,
11fdcccd-37ab-456a-ace8-9157299f8fdf,2026-03-27T16:34:21.290793+00:00,inference,playbook_selector,1.0.0,detection,DET-142079,cust-tekstream-001,0.545,pb-ransomware-containment,0.793,109.5,FALSE,,,,,,,,e834c5de-d6cb-4a13-b47b-bdc2b10767ee,,2026-03-27T16:34:21.290742Z,,,,,,,,,,,
2d90012b-fe42-44c8-a4ae-40ea56a777d4,2026-03-27T16:34:06.749389+00:00,inference,playbook_selector,1.0.0,detection,DET-142077,cust-acme-corp-002,0.758,pb-ransomware-containment,0.891,94.5,FALSE,,,,,,,,5363530b-97f1-4592-8b81-c895d1900a4b,,2026-03-27T16:34:06.749336Z,,,,,,,,,,,
91316e72-abaf-4bde-8436-2b22f3d5235e,2026-03-27T16:34:06.464653+00:00,inference,playbook_selector,1.0.0,detection,DET-142076,cust-globex-003,0.719,pb-ransomware-containment,0.573,19.4,FALSE,,,,,,,,ad6c40da-a4fe-4e80-9d64-58bf8d9b1149,,2026-03-27T16:34:06.464601Z,,,,,,,,,,,
af5b892d-469b-44e5-89cf-729de035fca3,2026-03-27T16:34:05.858483+00:00,inference,playbook_selector,1.0.0,detection,DET-142075,cust-acme-corp-002,0.884,pb-brute-force-block,0.787,52.6,FALSE,,,,,,,,3d4f9235-743a-491d-84e1-eba6bbff13b6,,2026-03-27T16:34:05.858433Z,,,,,,,,,,,
37f84d85-5c2a-4373-93c2-f5feddab7a5d,2026-03-27T16:33:51.812634+00:00,inference,playbook_selector,1.0.0,detection,DET-142074,cust-tekstream-001,0.517,pb-ransomware-containment,0.871,83.9,FALSE,,,,,,,,5fb5441b-d85e-4e67-b8eb-95b090fa35c1,,2026-03-27T16:33:51.812581Z,,,,,,,,,,,
15d6ee6d-ea59-4abf-b2ba-6061ef5b9900,2026-03-27T16:33:51.509589+00:00,inference,playbook_selector,1.0.0,detection,DET-142073,cust-globex-003,0.862,pb-lateral-movement,0.889,155.3,TRUE,,,,,,,,dcce45aa-6679-4311-b473-2084de29c061,,2026-03-27T16:33:51.509537Z,,,,,,,,,,,
de4b8e66-98ac-4c3c-9c34-f267133641bb,2026-03-27T16:33:05.925759+00:00,inference,playbook_selector,1.0.0,detection,DET-142067,cust-globex-003,0.551,pb-malware-response,0.56,194.5,FALSE,,,,,,,,98e848f3-b07a-46a3-9cf7-7b90154f8c64,,2026-03-27T16:33:05.925703Z,,,,,,,,,,,
5e5e10b7-4209-4ec2-8a5c-c68ab8c576b4,2026-03-27T16:32:51.942136+00:00,inference,playbook_selector,1.0.0,detection,DET-142066,cust-tekstream-001,0.757,pb-data-exfil-investigate,0.971,103.7,FALSE,,,,,,,,575bbf01-27bd-4bbf-a59a-1df501f63944,,2026-03-27T16:32:51.942083Z,,,,,,,,,,,
80f625fd-c051-4f74-a4da-110359618fef,2026-03-27T16:32:51.496079+00:00,inference,playbook_selector,1.0.0,detection,DET-142064,cust-tekstream-001,0.541,pb-ransomware-containment,0.684,99.8,FALSE,,,,,,,,0428e6cb-0952-4216-9298-e021f3e3c700,,2026-03-27T16:32:51.496026Z,,,,,,,,,,,
beceaf30-d5f4-4c1b-8be5-69790b2fae26,2026-03-27T16:32:50.854396+00:00,inference,playbook_selector,1.0.0,detection,DET-142063,cust-globex-003,0.928,pb-malware-response,0.692,53,TRUE,,,,,,,,a740db53-4a8d-438a-bf24-9458fee41fb4,,2026-03-27T16:32:50.854347Z,,,,,,,,,,,
c946d7f7-fd65-4617-8f03-e26faa711d43,2026-03-27T16:32:36.327392+00:00,inference,playbook_selector,1.0.0,detection,DET-142062,cust-acme-corp-002,0.514,pb-phishing-triage,0.921,111.7,FALSE,,,,,,,,c5ded457-d76a-4481-a437-7bc6a3cdb9ee,,2026-03-27T16:32:36.327340Z,,,,,,,,,,,
de8683f6-d1cc-4c76-a1f7-16ea7a3f2783,2026-03-27T16:32:22.167271+00:00,inference,playbook_selector,1.0.0,detection,DET-142059,cust-acme-corp-002,0.738,pb-phishing-triage,0.651,159.8,TRUE,,,,,,,,18f4c9cf-4db5-4fa5-a991-1f792b6089f2,,2026-03-27T16:32:22.167217Z,,,,,,,,,,,
0822e5d5-cda7-4279-8ae1-052815a3d640,2026-03-27T16:32:21.872450+00:00,inference,playbook_selector,1.0.0,detection,DET-142058,cust-acme-corp-002,0.663,pb-lateral-movement,0.68,87.4,FALSE,,,,,,,,b84359a6-f603-4dcf-a0d6-1318e49e7fbc,,2026-03-27T16:32:21.872390Z,,,,,,,,,,,
13bb3fb3-fb4a-4dd3-97dc-01cfd0f82895,2026-03-27T16:32:21.078848+00:00,inference,playbook_selector,1.0.0,detection,DET-142057,cust-globex-003,0.876,pb-data-exfil-investigate,0.626,157.7,FALSE,,,,,,,,90f66a9b-a53d-482b-ad25-271956924cf6,,2026-03-27T16:32:21.078796Z,,,,,,,,,,,
bc21fc86-c3f3-489b-ba7f-a1dbe9d1c252,2026-03-27T16:32:06.378069+00:00,inference,playbook_selector,1.0.0,detection,DET-142055,cust-tekstream-001,0.738,pb-phishing-triage,0.979,14.5,FALSE,,,,,,,,92846a23-e071-44ce-93ff-71e6787815e4,,2026-03-27T16:32:06.378018Z,,,,,,,,,,,
118d2625-09d0-4215-a3b8-064a3f2f30c4,2026-03-27T16:31:51.969739+00:00,inference,playbook_selector,1.0.0,detection,DET-142052,cust-globex-003,0.616,pb-lateral-movement,0.735,100.7,TRUE,,,,,,,,1b79dbf5-ce2f-4e9b-9037-76f3f696d628,,2026-03-27T16:31:51.969686Z,,,,,,,,,,,
965b34b1-343c-4a0c-a995-f45c4565210a,2026-03-27T16:31:51.326088+00:00,inference,playbook_selector,1.0.0,detection,DET-142051,cust-tekstream-001,0.544,pb-malware-response,0.833,160.5,FALSE,,,,,,,,449178a0-dcde-4b73-a1f0-2f1ef4ad5d7d,,2026-03-27T16:31:51.326038Z,,,,,,,,,,,
3e7a327c-25f8-48e9-97b6-2ba804db8e46,2026-03-27T16:31:50.964128+00:00,inference,playbook_selector,1.0.0,detection,DET-142050,cust-globex-003,0.673,pb-ransomware-containment,0.795,45.6,FALSE,,,,,,,,238bf6ed-5a43-415d-8099-345ecf384dc2,,2026-03-27T16:31:50.964080Z,,,,,,,,,,,
0b07c727-1c9e-4448-ae05-2b12e13b8935,2026-03-27T16:31:36.222068+00:00,inference,playbook_selector,1.0.0,detection,DET-142048,cust-globex-003,0.92,pb-brute-force-block,0.911,78.8,FALSE,,,,,,,,e2297302-ef14-4d03-8a29-164ef3c3f349,,2026-03-27T16:31:36.222006Z,,,,,,,,,,,
763bc028-fab5-4174-a828-7f55f34526cc,2026-03-27T16:31:22.554527+00:00,inference,playbook_selector,1.0.0,detection,DET-142046,cust-acme-corp-002,0.928,pb-phishing-triage,0.63,53.1,FALSE,,,,,,,,454ddab6-f0a2-48dc-9e1d-933198ebbc18,,2026-03-27T16:31:22.554473Z,,,,,,,,,,,
6f3d2055-3943-45b4-a587-4fc101aafdd4,2026-03-27T16:31:21.848550+00:00,inference,playbook_selector,1.0.0,detection,DET-142045,cust-globex-003,0.568,pb-ransomware-containment,0.632,185.7,FALSE,,,,,,,,5f2e4290-b5e0-40b5-a62e-047a68d3a4cf,,2026-03-27T16:31:21.848492Z,,,,,,,,,,,
e8d613d4-3c05-4946-955e-3b38747936ff,2026-03-27T16:31:21.286364+00:00,inference,playbook_selector,1.0.0,detection,DET-142044,cust-acme-corp-002,0.642,pb-data-exfil-investigate,0.834,132.5,FALSE,,,,,,,,14d6c92f-bbb8-4b26-b1c8-f2131e6bb52f,,2026-03-27T16:31:21.286312Z,,,,,,,,,,,
51d96609-5094-4d80-ade9-776cf91d26a9,2026-03-27T16:31:07.112296+00:00,inference,playbook_selector,1.0.0,detection,DET-142042,cust-tekstream-001,0.591,pb-ransomware-containment,0.841,81.2,FALSE,,,,,,,,e24de18a-57d9-45f1-a1cd-27eb8e123ada,,2026-03-27T16:31:07.112245Z,,,,,,,,,,,
a001168f-a6ea-4a8b-931b-5ca412378b07,2026-03-27T16:31:06.747926+00:00,inference,playbook_selector,1.0.0,detection,DET-142041,cust-acme-corp-002,0.821,pb-phishing-triage,0.858,191.2,FALSE,,,,,,,,6cd7f139-7f6e-4995-9d65-95ac3656223d,,2026-03-27T16:31:06.747876Z,,,,,,,,,,,
c894366b-2c77-4d87-98f3-34f868fada99,2026-03-27T16:31:06.229051+00:00,inference,playbook_selector,1.0.0,detection,DET-142040,cust-tekstream-001,0.96,pb-ransomware-containment,0.518,78.1,FALSE,,,,,,,,906682e9-cdb3-4f0f-9b8b-8082d41ebcfd,,2026-03-27T16:31:06.229000Z,,,,,,,,,,,
9a43c9b9-fbf9-472b-8e9d-7ee41654f549,2026-03-27T16:30:52.459753+00:00,inference,playbook_selector,1.0.0,detection,DET-142038,cust-tekstream-001,0.68,pb-data-exfil-investigate,0.896,27,FALSE,,,,,,,,01f337a7-ed2c-407d-a5f5-77fdda2fb34f,,2026-03-27T16:30:52.459703Z,,,,,,,,,,,
9959c845-f773-408c-b8ca-b376309bb0b1,2026-03-27T16:30:51.948261+00:00,inference,playbook_selector,1.0.0,detection,DET-142037,cust-acme-corp-002,0.937,pb-malware-response,0.918,92.9,FALSE,,,,,,,,611fec1e-64e4-40e3-9b54-677f4845e86b,,2026-03-27T16:30:51.948212Z,,,,,,,,,,,
b89a0b2d-fb73-4c8f-8d85-725eb32d4637,2026-03-27T16:30:51.300244+00:00,inference,playbook_selector,1.0.0,detection,DET-142036,cust-globex-003,0.539,pb-lateral-movement,0.92,41.9,TRUE,,,,,,,,2c32f153-724a-4618-9dd8-2a00bd8113cd,,2026-03-27T16:30:51.300194Z,,,,,,,,,,,
9b0b6072-2315-4dc4-ab40-2d750c4b2187,2026-03-27T16:30:50.699616+00:00,inference,playbook_selector,1.0.0,detection,DET-142035,cust-globex-003,0.711,pb-ransomware-containment,0.606,120.6,FALSE,,,,,,,,5fe85585-4abb-4939-a504-ddbbb3e704b9,,2026-03-27T16:30:50.699563Z,,,,,,,,,,,
3921036e-30e5-4ae3-980b-33b8cfbe324c,2026-03-27T16:30:05.867818+00:00,inference,playbook_selector,1.0.0,detection,DET-142031,cust-tekstream-001,0.509,pb-malware-response,0.865,183.3,FALSE,,,,,,,,482e97f4-d9f1-41cd-9c0e-e09a9954b5bf,,2026-03-27T16:30:05.867767Z,,,,,,,,,,,
d70aedea-6058-43e4-be0a-b2534139267f,2026-03-27T16:29:51.309929+00:00,inference,playbook_selector,1.0.0,detection,DET-142030,cust-tekstream-001,0.67,pb-malware-response,0.8,118.1,FALSE,,,,,,,,90cb87dc-8cce-4099-aec5-72dd9657c1cd,,2026-03-27T16:29:51.309878Z,,,,,,,,,,,
bfaf0472-0e20-4cc8-9f4d-ecaa945c846c,2026-03-27T16:29:50.949484+00:00,inference,playbook_selector,1.0.0,detection,DET-142029,cust-globex-003,0.819,pb-data-exfil-investigate,0.966,70.1,FALSE,,,,,,,,f9312621-cd51-489d-b409-2a7949d7a896,,2026-03-27T16:29:50.949420Z,,,,,,,,,,,
95848c34-8eef-46bc-842a-98b7653197bf,2026-03-27T16:29:35.687507+00:00,inference,playbook_selector,1.0.0,detection,DET-142028,cust-acme-corp-002,0.639,pb-brute-force-block,0.66,9.4,FALSE,,,,,,,,46b771fa-ba2a-4458-be1a-fe5a87e95b15,,2026-03-27T16:29:35.687458Z,,,,,,,,,,,
f82139a3-130d-4d2f-b53b-46bef69c632f,2026-03-27T16:29:20.690474+00:00,inference,playbook_selector,1.0.0,detection,DET-142024,cust-globex-003,0.9,pb-brute-force-block,0.695,90.5,FALSE,,,,,,,,30542760-78ec-448f-8c42-f2791f6fc432,,2026-03-27T16:29:20.690422Z,,,,,,,,,,,
2391df93-310b-4e93-8c8d-2d391332a4b0,2026-03-27T16:29:05.708895+00:00,inference,playbook_selector,1.0.0,detection,DET-142022,cust-globex-003,0.944,pb-ransomware-containment,0.548,119.1,TRUE,,,,,,,,6f8ee56b-beb8-4b2f-8ca5-a719c059ea77,,2026-03-27T16:29:05.708845Z,,,,,,,,,,,
15f692f7-37db-4828-be7c-6bdd617cc680,2026-03-27T16:28:51.430455+00:00,inference,playbook_selector,1.0.0,detection,DET-142021,cust-globex-003,0.805,pb-data-exfil-investigate,0.885,105.7,FALSE,,,,,,,,9fc74c91-52e4-489d-8fb6-6cf1db2b97bc,,2026-03-27T16:28:51.430403Z,,,,,,,,,,,
ddaf1463-33bc-4cef-ad8f-02a2c673f509,2026-03-27T16:28:50.904969+00:00,inference,playbook_selector,1.0.0,detection,DET-142020,cust-tekstream-001,0.565,pb-lateral-movement,0.559,34.7,FALSE,,,,,,,,de108526-a7b3-41c8-a215-6f5450c056a6,,2026-03-27T16:28:50.904918Z,,,,,,,,,,,
14e6dd8d-bf1b-4e2e-927d-f42c79784fbf,2026-03-27T16:28:36.532836+00:00,inference,playbook_selector,1.0.0,detection,DET-142019,cust-acme-corp-002,0.951,pb-ransomware-containment,0.645,96.5,FALSE,,,,,,,,0cba35d5-cd6a-4eda-8bbe-ea95b6ac9f3b,,2026-03-27T16:28:36.532783Z,,,,,,,,,,,
78d93fa5-ea8d-4950-b66b-9f904a9698b2,2026-03-27T16:28:36.002258+00:00,inference,playbook_selector,1.0.0,detection,DET-142017,cust-tekstream-001,0.724,pb-data-exfil-investigate,0.661,24.5,FALSE,,,,,,,,ea2b1eaf-29d1-487b-bea8-2644a5fc0db2,,2026-03-27T16:28:36.002098Z,,,,,,,,,,,
d716b0c5-e37a-4bf0-b7b4-ae22ea3b1d9f,2026-03-27T16:28:21.520968+00:00,inference,playbook_selector,1.0.0,detection,DET-142016,cust-acme-corp-002,0.589,pb-ransomware-containment,0.862,189.2,FALSE,,,,,,,,d743495e-46bd-4b6d-a68c-5dd8ab872325,,2026-03-27T16:28:21.520917Z,,,,,,,,,,,
bdcd0d89-6dae-4185-bb7a-713ee91a765b,2026-03-27T16:28:20.969041+00:00,inference,playbook_selector,1.0.0,detection,DET-142015,cust-globex-003,0.914,pb-lateral-movement,0.586,9,TRUE,,,,,,,,5242aae5-4e4d-432e-9473-2534c850ef2a,,2026-03-27T16:28:20.968988Z,,,,,,,,,,,
2658e525-66ba-4bc7-ab15-2003fa357669,2026-03-27T16:28:20.759775+00:00,inference,playbook_selector,1.0.0,detection,DET-142014,cust-tekstream-001,0.57,pb-ransomware-containment,0.958,75.2,TRUE,,,,,,,,def27850-3e79-4f8d-9b50-20a74fe1ddd4,,2026-03-27T16:28:20.759722Z,,,,,,,,,,,
1aee798e-cb69-4721-9414-49563d4b7f58,2026-03-27T16:27:36.587328+00:00,inference,playbook_selector,1.0.0,detection,DET-142008,cust-tekstream-001,0.582,pb-malware-response,0.781,169.4,FALSE,,,,,,,,069ac2be-c1e2-4634-b581-3c15aab7db2f,,2026-03-27T16:27:36.587275Z,,,,,,,,,,,
e98edc6e-3457-41d8-9815-15ad35704e13,2026-03-27T16:27:35.890874+00:00,inference,playbook_selector,1.0.0,detection,DET-142005,cust-acme-corp-002,0.518,pb-malware-response,0.563,82.8,TRUE,,,,,,,,e1d4d105-15aa-4ada-8261-7c84cb6d1a1c,,2026-03-27T16:27:35.890823Z,,,,,,,,,,,
8ee19ed8-d72a-4302-ad4c-9ca86f00f0e9,2026-03-27T16:26:51.965247+00:00,inference,playbook_selector,1.0.0,detection,DET-141998,cust-acme-corp-002,0.627,pb-lateral-movement,0.909,30.8,FALSE,,,,,,,,661f9e7c-c5fc-4693-b281-7e37d530699b,,2026-03-27T16:26:51.965190Z,,,,,,,,,,,
7beebeeb-7121-4e41-b11f-96f092670f1d,2026-03-27T16:26:51.471057+00:00,inference,playbook_selector,1.0.0,detection,DET-141997,cust-acme-corp-002,0.719,pb-ransomware-containment,0.824,28.7,FALSE,,,,,,,,b433664b-784b-47f6-a563-6bc1dd447230,,2026-03-27T16:26:51.471006Z,,,,,,,,,,,
02713ff2-4d99-409d-a9aa-b55432a9cbf8,2026-03-27T16:26:51.259253+00:00,inference,playbook_selector,1.0.0,detection,DET-141996,cust-tekstream-001,0.513,pb-brute-force-block,0.778,185.3,FALSE,,,,,,,,aaff0bd9-985b-45ae-9354-e3a7e8eebaab,,2026-03-27T16:26:51.259202Z,,,,,,,,,,,
daeadfe1-4a2b-4cdc-bcdd-fba8f186ed86,2026-03-27T16:26:37.381797+00:00,inference,playbook_selector,1.0.0,detection,DET-141994,cust-tekstream-001,0.535,pb-ransomware-containment,0.521,160.5,FALSE,,,,,,,,96244d55-ba4c-42de-86bf-b3ebbae55a27,,2026-03-27T16:26:37.381741Z,,,,,,,,,,,
f60e5dbf-02d0-4f60-a823-d0bb39500d36,2026-03-27T16:26:36.193900+00:00,inference,playbook_selector,1.0.0,detection,DET-141992,cust-tekstream-001,0.772,pb-phishing-triage,0.582,182.4,FALSE,,,,,,,,c339cc22-6034-41f1-973c-f7181a3759b4,,2026-03-27T16:26:36.193849Z,,,,,,,,,,,
a5c0c9be-9b4f-4b98-a238-c8bcbee2d6b7,2026-03-27T16:26:21.497369+00:00,inference,playbook_selector,1.0.0,detection,DET-141990,cust-tekstream-001,0.921,pb-ransomware-containment,0.943,40.5,FALSE,,,,,,,,882b66bc-de9c-4412-bdfe-7c9b7e8b0585,,2026-03-27T16:26:21.497316Z,,,,,,,,,,,
c60ae1c1-a02e-476e-9899-f7d43dadd09b,2026-03-27T16:26:21.277388+00:00,inference,playbook_selector,1.0.0,detection,DET-141989,cust-acme-corp-002,0.869,pb-lateral-movement,0.762,60.5,FALSE,,,,,,,,4655c995-28eb-4f73-9693-12f2ae768ce8,,2026-03-27T16:26:21.277316Z,,,,,,,,,,,
7a5197b7-eb08-408f-b7d6-565eec73e481,2026-03-27T16:25:51.277890+00:00,inference,playbook_selector,1.0.0,detection,DET-141986,cust-acme-corp-002,0.523,pb-brute-force-block,0.705,185.9,TRUE,,,,,,,,6361f067-d8ee-456d-8547-de9cb12facfc,,2026-03-27T16:25:51.277841Z,,,,,,,,,,,
ea31cdcf-c81b-435f-b718-521f9a267af4,2026-03-27T16:25:50.705895+00:00,inference,playbook_selector,1.0.0,detection,DET-141985,cust-tekstream-001,0.53,pb-lateral-movement,0.627,186.1,TRUE,,,,,,,,0976596a-977d-4a15-bc59-c6eefb90cd42,,2026-03-27T16:25:50.705843Z,,,,,,,,,,,
0826ef6a-718b-44e6-b22b-421aee5d1d83,2026-03-27T16:25:20.999956+00:00,inference,playbook_selector,1.0.0,detection,DET-141982,cust-globex-003,0.942,pb-brute-force-block,0.559,193.6,FALSE,,,,,,,,36047115-0cd2-4c44-ac79-b9328e2a0df6,,2026-03-27T16:25:20.999904Z,,,,,,,,,,,
6cc55516-2c6f-4a00-8e97-ae4e85a58b10,2026-03-27T16:24:50.861483+00:00,inference,playbook_selector,1.0.0,detection,DET-141976,cust-globex-003,0.837,pb-phishing-triage,0.692,20,TRUE,,,,,,,,ea0589fe-e65e-4ae1-8429-e8821048fb9d,,2026-03-27T16:24:50.861422Z,,,,,,,,,,,
e376bc8b-40be-4625-be1f-df37fa457cbb,2026-03-27T16:24:22.047236+00:00,inference,playbook_selector,1.0.0,detection,DET-141974,cust-tekstream-001,0.589,pb-ransomware-containment,0.6,72.3,FALSE,,,,,,,,52a3eb76-50c4-4766-8619-b5a3dab74ca8,,2026-03-27T16:24:22.047185Z,,,,,,,,,,,
215c8cdb-2b16-4cc2-903c-73c789431faa,2026-03-27T16:24:21.603872+00:00,inference,playbook_selector,1.0.0,detection,DET-141973,cust-globex-003,0.924,pb-brute-force-block,0.705,49.6,FALSE,,,,,,,,21b5ab09-4a27-4a7a-bd4d-158a3938f8aa,,2026-03-27T16:24:21.603821Z,,,,,,,,,,,
78657f0a-a276-47bf-b1f1-426fbb495956,2026-03-27T16:24:20.994534+00:00,inference,playbook_selector,1.0.0,detection,DET-141972,cust-acme-corp-002,0.913,pb-brute-force-block,0.57,183.4,TRUE,,,,,,,,d05ca2bc-77de-49f4-84bd-13c7b967bdf4,,2026-03-27T16:24:20.994480Z,,,,,,,,,,,
ab5dfc9e-4469-464a-8206-eb28719b5168,2026-03-27T16:24:20.810322+00:00,inference,playbook_selector,1.0.0,detection,DET-141971,cust-tekstream-001,0.535,pb-brute-force-block,0.963,163.6,TRUE,,,,,,,,da9eea17-98ac-4812-bb1a-203a4cf31395,,2026-03-27T16:24:20.810256Z,,,,,,,,,,,
a2067bf2-027d-4a45-ad5f-185415e522bb,2026-03-27T16:23:36.252475+00:00,inference,playbook_selector,1.0.0,detection,DET-141966,cust-globex-003,0.633,pb-data-exfil-investigate,0.777,123.9,FALSE,,,,,,,,9fffc59c-3e43-4363-8e59-67f6c40a62b9,,2026-03-27T16:23:36.252413Z,,,,,,,,,,,
cea4b499-1bcc-4ef3-93f0-acd951244fa9,2026-03-27T16:23:35.744085+00:00,inference,playbook_selector,1.0.0,detection,DET-141965,cust-acme-corp-002,0.54,pb-malware-response,0.538,173.5,FALSE,,,,,,,,ea9f50b9-c1db-4799-b5de-23f6f0ec2c89,,2026-03-27T16:23:35.744033Z,,,,,,,,,,,
e1763cd4-ff40-4610-8db7-4774a6952f96,2026-03-27T16:23:20.971445+00:00,inference,playbook_selector,1.0.0,detection,DET-141963,cust-tekstream-001,0.551,pb-ransomware-containment,0.694,38.7,TRUE,,,,,,,,4b32ca52-5e8b-4c31-a7cb-53dcc09d9c53,,2026-03-27T16:23:20.971392Z,,,,,,,,,,,
ff1b6d4c-1bbd-45f6-85bd-f9a120514a5b,2026-03-27T16:23:06.252716+00:00,inference,playbook_selector,1.0.0,detection,DET-141960,cust-tekstream-001,0.9,pb-lateral-movement,0.87,182.7,FALSE,,,,,,,,ccc7b466-dfe4-41f3-a12b-6cd6b047f691,,2026-03-27T16:23:06.251845Z,,,,,,,,,,,
6c373003-68f6-41a7-a774-cb55d122ef48,2026-03-27T16:23:05.753876+00:00,inference,playbook_selector,1.0.0,detection,DET-141959,cust-acme-corp-002,0.608,pb-ransomware-containment,0.812,147.3,FALSE,,,,,,,,4f73b496-0c50-4b8f-8ee4-85c1e87c7573,,2026-03-27T16:23:05.753824Z,,,,,,,,,,,
4c9ad618-56f0-4743-8111-9fa1dfdadc40,2026-03-27T16:22:51.054997+00:00,inference,playbook_selector,1.0.0,detection,DET-141958,cust-tekstream-001,0.876,pb-data-exfil-investigate,0.768,197.5,TRUE,,,,,,,,c9aea52a-41e6-4327-844e-345fe0d6dc67,,2026-03-27T16:22:51.054945Z,,,,,,,,,,,
22ddcbe7-b704-4413-95ba-943d4b8d5fa2,2026-03-27T16:22:35.740860+00:00,inference,playbook_selector,1.0.0,detection,DET-141955,cust-tekstream-001,0.872,pb-malware-response,0.592,170,FALSE,,,,,,,,6a7f5236-e2f9-4afd-a9c7-dc3669f71c55,,2026-03-27T16:22:35.740806Z,,,,,,,,,,,
4ea8719f-fc0c-421c-bc63-2716d93b8e32,2026-03-27T16:22:21.293709+00:00,inference,playbook_selector,1.0.0,detection,DET-141953,cust-tekstream-001,0.821,pb-malware-response,0.657,53.1,TRUE,,,,,,,,947ed9f6-91c9-4165-9c91-17fa0eb5d77b,,2026-03-27T16:22:21.293656Z,,,,,,,,,,,
ca188143-513f-4247-96d3-b54598927dd3,2026-03-27T16:22:20.803265+00:00,inference,playbook_selector,1.0.0,detection,DET-141952,cust-globex-003,0.804,pb-ransomware-containment,0.892,17,FALSE,,,,,,,,f57f56c2-5358-438f-b35a-0220da59dfe2,,2026-03-27T16:22:20.803213Z,,,,,,,,,,,
5af385f0-0e09-4947-863b-63eb16dd8e26,2026-03-27T16:22:05.732893+00:00,inference,playbook_selector,1.0.0,detection,DET-141948,cust-acme-corp-002,0.909,pb-data-exfil-investigate,0.961,124,FALSE,,,,,,,,4a3d2d0b-5ea0-4cd0-9a5f-94bcd87f94b2,,2026-03-27T16:22:05.732839Z,,,,,,,,,,,
38d1932b-4d80-44c3-a082-8ba0bc2906e9,2026-03-27T16:21:50.899205+00:00,inference,playbook_selector,1.0.0,detection,DET-141947,cust-tekstream-001,0.878,pb-ransomware-containment,0.557,86.3,FALSE,,,,,,,,7da2ef0a-732e-47e1-a126-55ba667785ff,,2026-03-27T16:21:50.899152Z,,,,,,,,,,,
9df4debb-2713-48f8-b5c8-0a890e23fe39,2026-03-27T16:21:36.203022+00:00,inference,playbook_selector,1.0.0,detection,DET-141946,cust-acme-corp-002,0.808,pb-data-exfil-investigate,0.58,81.5,FALSE,,,,,,,,9c6a56e6-90ec-475b-b157-9133f863e335,,2026-03-27T16:21:36.202972Z,,,,,,,,,,,
206adc6e-bedf-4732-b29d-108b26604fb0,2026-03-27T16:21:35.597230+00:00,inference,playbook_selector,1.0.0,detection,DET-141945,cust-tekstream-001,0.728,pb-phishing-triage,0.976,171.3,FALSE,,,,,,,,5c7e9dd9-3a96-492d-9da3-c6ad4c92f5c0,,2026-03-27T16:21:35.597177Z,,,,,,,,,,,
ab5884f4-3d7f-494e-8606-855ced2ee612,2026-03-27T16:21:21.242263+00:00,inference,playbook_selector,1.0.0,detection,DET-141942,cust-acme-corp-002,0.919,pb-data-exfil-investigate,0.579,38.7,TRUE,,,,,,,,472cda25-f757-412b-9f99-5359fb81288b,,2026-03-27T16:21:21.242213Z,,,,,,,,,,,
e9edf148-15a0-4fcc-a27e-5a82f7fd0cfb,2026-03-27T16:21:05.749747+00:00,inference,playbook_selector,1.0.0,detection,DET-141940,cust-globex-003,0.536,pb-data-exfil-investigate,0.581,130.1,FALSE,,,,,,,,129fd0e4-3bb1-4cc8-b873-6971798cdabc,,2026-03-27T16:21:05.749695Z,,,,,,,,,,,
d6977c00-e3d7-4506-a6b2-918e77cd8dad,2026-03-27T16:20:51.679613+00:00,inference,playbook_selector,1.0.0,detection,DET-141939,cust-acme-corp-002,0.855,pb-ransomware-containment,0.692,158,FALSE,,,,,,,,983eeccc-c7ad-4836-b678-03ca2b45271c,,2026-03-27T16:20:51.679555Z,,,,,,,,,,,
7547688d-f51a-43d4-8513-739f822eb51b,2026-03-27T16:20:51.286425+00:00,inference,playbook_selector,1.0.0,detection,DET-141938,cust-tekstream-001,0.756,pb-ransomware-containment,0.735,72,FALSE,,,,,,,,1cab5390-a4a9-4d1c-a00c-34904e849692,,2026-03-27T16:20:51.286373Z,,,,,,,,,,,
7f76a825-35cb-4be8-aca4-be2e79129716,2026-03-27T16:20:50.963301+00:00,inference,playbook_selector,1.0.0,detection,DET-141937,cust-tekstream-001,0.562,pb-ransomware-containment,0.68,167.8,FALSE,,,,,,,,ca4e4aa0-8d51-41eb-9daf-2f742e07fd3a,,2026-03-27T16:20:50.963248Z,,,,,,,,,,,
e1d98639-37ef-4446-87fd-21ab55781228,2026-03-27T16:20:36.132543+00:00,inference,playbook_selector,1.0.0,detection,DET-141935,cust-acme-corp-002,0.555,pb-malware-response,0.938,103.5,FALSE,,,,,,,,fe8b4b69-684e-4f9f-8393-5ecd6f28fdb8,,2026-03-27T16:20:36.132484Z,,,,,,,,,,,
542dd2bd-d141-4240-9d73-9739a8aaf089,2026-03-27T16:20:35.841728+00:00,inference,playbook_selector,1.0.0,detection,DET-141934,cust-acme-corp-002,0.64,pb-phishing-triage,0.525,160.9,TRUE,,,,,,,,3106a9d6-9e6d-475f-b387-4143a6dd915e,,2026-03-27T16:20:35.841676Z,,,,,,,,,,,
b5499881-3de6-4773-b4bf-d89eef7f0ae2,2026-03-27T16:20:20.659729+00:00,inference,playbook_selector,1.0.0,detection,DET-141933,cust-tekstream-001,0.822,pb-malware-response,0.919,135.5,FALSE,,,,,,,,ec802183-0dd4-45ef-83a4-467183ad2e0a,,2026-03-27T16:20:20.659676Z,,,,,,,,,,,
e3037a89-e967-4ec7-af7f-781b9f42cf40,2026-03-27T16:20:06.435902+00:00,inference,playbook_selector,1.0.0,detection,DET-141932,cust-tekstream-001,0.789,pb-lateral-movement,0.693,61.3,FALSE,,,,,,,,36553d7e-6fa1-4f2b-b13e-a3433ac03bba,,2026-03-27T16:20:06.435840Z,,,,,,,,,,,
1960d74f-4874-4982-866a-cc478620a864,2026-03-27T16:20:05.742626+00:00,inference,playbook_selector,1.0.0,detection,DET-141930,cust-acme-corp-002,0.576,pb-data-exfil-investigate,0.707,28.6,FALSE,,,,,,,,87b7fc1c-1427-4cfa-aa8e-8dfdf35fe8f3,,2026-03-27T16:20:05.742576Z,,,,,,,,,,,
34cb3464-18bf-4bd2-9b5d-af8b6a45507b,2026-03-27T16:19:50.810513+00:00,inference,playbook_selector,1.0.0,detection,DET-141929,cust-acme-corp-002,0.787,pb-brute-force-block,0.556,134.5,FALSE,,,,,,,,ee5ebbed-41ac-4ece-bb29-85708c69f2cd,,2026-03-27T16:19:50.810460Z,,,,,,,,,,,
f32b13f4-2a52-4418-821a-4e0a09e332d1,2026-03-27T16:19:36.491054+00:00,inference,playbook_selector,1.0.0,detection,DET-141928,cust-acme-corp-002,0.932,pb-ransomware-containment,0.921,173.7,FALSE,,,,,,,,67530920-c209-4fd3-b194-5d45e8f6f5e4,,2026-03-27T16:19:36.491002Z,,,,,,,,,,,
44224442-1ace-423a-ba38-33547a52a38b,2026-03-27T16:19:36.213900+00:00,inference,playbook_selector,1.0.0,detection,DET-141927,cust-acme-corp-002,0.793,pb-data-exfil-investigate,0.557,167.1,FALSE,,,,,,,,4e120ae9-3370-411f-97d8-74a15882a0f3,,2026-03-27T16:19:36.213848Z,,,,,,,,,,,
abeced88-4f78-4709-9cd6-d9e04be740bd,2026-03-27T16:19:35.726511+00:00,inference,playbook_selector,1.0.0,detection,DET-141926,cust-tekstream-001,0.886,pb-phishing-triage,0.982,150.2,FALSE,,,,,,,,2f37ddfd-f249-4e0e-93cb-216a73fe895d,,2026-03-27T16:19:35.726459Z,,,,,,,,,,,
4c2d2dc6-2b84-4013-82cc-c6024bf8d354,2026-03-27T16:19:06.334523+00:00,inference,playbook_selector,1.0.0,detection,DET-141923,cust-acme-corp-002,0.891,pb-data-exfil-investigate,0.566,146.4,FALSE,,,,,,,,00c1e0ab-5094-434e-b447-8f198ceb9e1f,,2026-03-27T16:19:06.334473Z,,,,,,,,,,,
1ab59c51-cbde-4683-8327-9cfb6edd0a62,2026-03-27T16:18:51.823529+00:00,inference,playbook_selector,1.0.0,detection,DET-141920,cust-globex-003,0.842,pb-phishing-triage,0.658,68.4,FALSE,,,,,,,,92e2874f-ff6b-4b9b-a0f2-0f6325b64dde,,2026-03-27T16:18:51.823478Z,,,,,,,,,,,
c3fb7de4-c00d-46fb-9c87-b362667858da,2026-03-27T16:18:51.444000+00:00,inference,playbook_selector,1.0.0,detection,DET-141919,cust-acme-corp-002,0.821,pb-ransomware-containment,0.838,132.8,FALSE,,,,,,,,3be36f4f-b9ea-48b8-9e21-7f29acedb93b,,2026-03-27T16:18:51.443948Z,,,,,,,,,,,
0b478383-f4f5-4f7e-a4ef-34832bf2e7a1,2026-03-27T16:18:50.818572+00:00,inference,playbook_selector,1.0.0,detection,DET-141918,cust-tekstream-001,0.978,pb-malware-response,0.591,76.3,FALSE,,,,,,,,1454cb46-3717-471d-93bb-5ef9b99abb44,,2026-03-27T16:18:50.818521Z,,,,,,,,,,,
5e63ad26-4fac-4eed-a16a-7b92ba3de5c0,2026-03-27T16:18:36.588895+00:00,inference,playbook_selector,1.0.0,detection,DET-141917,cust-tekstream-001,0.809,pb-malware-response,0.847,42.4,FALSE,,,,,,,,84ed2e23-ec5f-4b21-80dd-357fd3741fb0,,2026-03-27T16:18:36.588843Z,,,,,,,,,,,
8b29519d-2bc9-4441-84e3-a7c696503f7d,2026-03-27T16:17:50.697549+00:00,inference,playbook_selector,1.0.0,detection,DET-141903,cust-acme-corp-002,0.835,pb-data-exfil-investigate,0.942,23.5,FALSE,,,,,,,,13fa243d-493f-4731-99e8-8bb849e46a3e,,2026-03-27T16:17:50.697469Z,,,,,,,,,,,
b9e827b0-5deb-4e5b-b328-a77d69a812c1,2026-03-27T16:17:35.693352+00:00,inference,playbook_selector,1.0.0,detection,DET-141902,cust-globex-003,0.968,pb-phishing-triage,0.582,18.3,TRUE,,,,,,,,ff0bbb44-0ca0-4ca3-9fca-abde8b5ea5fd,,2026-03-27T16:17:35.693280Z,,,,,,,,,,,
ea98f7d9-ce92-4af5-960d-5e3ab81ea77f,2026-03-27T16:17:21.626468+00:00,inference,playbook_selector,1.0.0,detection,DET-141900,cust-tekstream-001,0.634,pb-brute-force-block,0.627,104.9,FALSE,,,,,,,,8a074db3-0ee8-4f47-ae3d-a091c9055ff2,,2026-03-27T16:17:21.626420Z,,,,,,,,,,,
42787cf8-cb55-42d1-a53e-fd59ae3f51e0,2026-03-27T16:17:20.661533+00:00,inference,playbook_selector,1.0.0,detection,DET-141898,cust-tekstream-001,0.56,pb-phishing-triage,0.921,92.2,FALSE,,,,,,,,5346bfcb-6c7e-4416-b063-adcd293977c4,,2026-03-27T16:17:20.661451Z,,,,,,,,,,,
f05c5044-7d61-4137-b9bb-e1052b8e5299,2026-03-27T16:16:50.621288+00:00,inference,playbook_selector,1.0.0,detection,DET-141895,cust-acme-corp-002,0.852,pb-lateral-movement,0.686,46.1,FALSE,,,,,,,,9a3fa183-bfcd-46d7-a4a0-9dbd59b8679b,,2026-03-27T16:16:50.621239Z,,,,,,,,,,,
1bc67009-d613-4d1a-b6c5-02a19ef22d17,2026-03-27T16:16:37.066696+00:00,inference,playbook_selector,1.0.0,detection,DET-141894,cust-globex-003,0.884,pb-malware-response,0.719,79.2,FALSE,,,,,,,,d91117fb-2b72-446d-9e88-9301fe7b68ea,,2026-03-27T16:16:37.066638Z,,,,,,,,,,,
a060b0e5-38bc-4573-a9e4-b1ff8fc961d0,2026-03-27T16:16:36.351785+00:00,inference,playbook_selector,1.0.0,detection,DET-141893,cust-globex-003,0.569,pb-phishing-triage,0.807,17,FALSE,,,,,,,,6ef581ee-b842-48e4-ae37-130c4ec80785,,2026-03-27T16:16:36.351735Z,,,,,,,,,,,
98cc8347-daf5-4bf5-821e-9d7632a05fd0,2026-03-27T16:16:35.975727+00:00,inference,playbook_selector,1.0.0,detection,DET-141892,cust-acme-corp-002,0.824,pb-brute-force-block,0.581,60.6,FALSE,,,,,,,,a98e3063-da42-434a-89b3-d364b730a775,,2026-03-27T16:16:35.975677Z,,,,,,,,,,,
fabdb38d-f123-4745-bd5d-94ba80df8b01,2026-03-27T16:16:20.652292+00:00,inference,playbook_selector,1.0.0,detection,DET-141890,cust-tekstream-001,0.544,pb-malware-response,0.544,187.4,FALSE,,,,,,,,be313d91-3bcb-451e-8910-fdee660f4193,,2026-03-27T16:16:20.652239Z,,,,,,,,,,,
b76ea400-8fd7-438b-a12e-9d05bf0a03ee,2026-03-27T16:16:05.612041+00:00,inference,playbook_selector,1.0.0,detection,DET-141889,cust-acme-corp-002,0.924,pb-brute-force-block,0.571,171.9,FALSE,,,,,,,,ee9aa513-912d-4827-89ec-b85dbdca8b64,,2026-03-27T16:16:05.611976Z,,,,,,,,,,,
6c432bde-98db-4508-b0e7-3173f1edd1c4,2026-03-27T16:15:51.426515+00:00,inference,playbook_selector,1.0.0,detection,DET-141888,cust-acme-corp-002,0.86,pb-malware-response,0.598,39.4,TRUE,,,,,,,,898c2c1d-eff7-4206-9073-39ca99ca3ab4,,2026-03-27T16:15:51.426463Z,,,,,,,,,,,
6c18ae31-4228-48ff-9159-d08ed0da83a6,2026-03-27T16:15:51.155744+00:00,inference,playbook_selector,1.0.0,detection,DET-141887,cust-acme-corp-002,0.829,pb-malware-response,0.596,94.2,FALSE,,,,,,,,d5b3c25d-914e-4e3f-8e6d-252f0264c042,,2026-03-27T16:15:51.155692Z,,,,,,,,,,,
3152ff9d-e1e3-4c22-8f56-b36a33904088,2026-03-27T16:15:50.875721+00:00,inference,playbook_selector,1.0.0,detection,DET-141886,cust-globex-003,0.598,pb-malware-response,0.907,175.5,FALSE,,,,,,,,9e2a5b07-daa6-44f7-a8cc-4bf63b91325a,,2026-03-27T16:15:50.875670Z,,,,,,,,,,,
50fc1fa8-4977-4194-9b84-2beda262518b,2026-03-27T16:15:06.448823+00:00,inference,playbook_selector,1.0.0,detection,DET-141882,cust-acme-corp-002,0.846,pb-ransomware-containment,0.534,108.6,FALSE,,,,,,,,9ea095dc-12fa-4464-bb1b-6c9a9a5535a0,,2026-03-27T16:15:06.448768Z,,,,,,,,,,,
b603ffa6-bca8-4f0c-bbe4-18569a346c04,2026-03-27T16:15:05.982743+00:00,inference,playbook_selector,1.0.0,detection,DET-141881,cust-tekstream-001,0.871,pb-data-exfil-investigate,0.551,58.5,FALSE,,,,,,,,89eb7ee5-1539-4cfc-a118-b80f1aab715d,,2026-03-27T16:15:05.982680Z,,,,,,,,,,,
6d4ca767-cc59-4a39-9741-5b3257602568,2026-03-27T16:14:50.563344+00:00,inference,playbook_selector,1.0.0,detection,DET-141879,cust-tekstream-001,0.898,pb-lateral-movement,0.833,158.4,FALSE,,,,,,,,2bf4bdb2-40a6-4609-bce6-ad676ccf9696,,2026-03-27T16:14:50.563294Z,,,,,,,,,,,
379fda09-5763-483d-ac60-29f0f3c1efdb,2026-03-27T16:14:36.581263+00:00,inference,playbook_selector,1.0.0,detection,DET-141878,cust-globex-003,0.7,pb-phishing-triage,0.613,47.8,TRUE,,,,,,,,7cd1ca47-7592-4c58-b8c7-c11345431513,,2026-03-27T16:14:36.581214Z,,,,,,,,,,,
e07b635c-6d1c-4f0b-b945-fc6369958cef,2026-03-27T16:14:36.258105+00:00,inference,playbook_selector,1.0.0,detection,DET-141877,cust-tekstream-001,0.744,pb-ransomware-containment,0.958,80.2,FALSE,,,,,,,,dbe325f7-2287-4ee5-b84f-5029a6798529,,2026-03-27T16:14:36.258054Z,,,,,,,,,,,
e8d58778-5faa-4d5a-a025-8a4c66593481,2026-03-27T16:14:35.757146+00:00,inference,playbook_selector,1.0.0,detection,DET-141876,cust-tekstream-001,0.568,pb-phishing-triage,0.84,13.8,FALSE,,,,,,,,5453806b-6bea-4aee-97bf-0b793b7ae769,,2026-03-27T16:14:35.757096Z,,,,,,,,,,,
c0606929-dbef-4a5b-8773-4f60a668d62e,2026-03-27T16:14:21.425700+00:00,inference,playbook_selector,1.0.0,detection,DET-141874,cust-acme-corp-002,0.685,pb-brute-force-block,0.686,161.7,FALSE,,,,,,,,5ce967b8-bc30-4c80-b8da-1f29770e45f3,,2026-03-27T16:14:21.425648Z,,,,,,,,,,,
aa601849-701c-4f64-9a34-cb060741fd4d,2026-03-27T16:14:21.121885+00:00,inference,playbook_selector,1.0.0,detection,DET-141873,cust-acme-corp-002,0.788,pb-malware-response,0.952,172.1,FALSE,,,,,,,,815e5efd-3a82-45b4-8e0b-4c816bfa382d,,2026-03-27T16:14:21.121833Z,,,,,,,,,,,
add9775c-4179-4db9-bad3-b97b5803fab8,2026-03-27T16:13:51.134546+00:00,inference,playbook_selector,1.0.0,detection,DET-141870,cust-globex-003,0.828,pb-phishing-triage,0.58,100.8,FALSE,,,,,,,,922f77d4-76cb-406b-bf89-88562a383162,,2026-03-27T16:13:51.134494Z,,,,,,,,,,,
3d9a9f5b-a71d-4812-8e32-385668f2f436,2026-03-27T16:13:50.552512+00:00,inference,playbook_selector,1.0.0,detection,DET-141868,cust-tekstream-001,0.622,pb-ransomware-containment,0.546,47.8,FALSE,,,,,,,,b1b1e18f-fae0-4d41-ad63-3910008f2127,,2026-03-27T16:13:50.552455Z,,,,,,,,,,,
a207d663-91aa-408b-b814-2dbb1806dc63,2026-03-27T16:13:35.782110+00:00,inference,playbook_selector,1.0.0,detection,DET-141865,cust-globex-003,0.97,pb-lateral-movement,0.757,73.5,TRUE,,,,,,,,229967f0-b34e-44d4-bdf1-7f53baecb443,,2026-03-27T16:13:35.782059Z,,,,,,,,,,,
c2ae17a3-dd8a-47d0-94cd-8cd5d864570f,2026-03-27T16:13:06.697007+00:00,inference,playbook_selector,1.0.0,detection,DET-141861,cust-acme-corp-002,0.69,pb-malware-response,0.685,87.8,FALSE,,,,,,,,d5e9e303-a293-4700-bde0-021a68ddb766,,2026-03-27T16:13:06.696955Z,,,,,,,,,,,
c081cd29-00dc-4e21-b5db-1bdf4b909075,2026-03-27T16:13:06.137225+00:00,inference,playbook_selector,1.0.0,detection,DET-141860,cust-acme-corp-002,0.671,pb-ransomware-containment,0.845,32.7,TRUE,,,,,,,,3e3532e1-1e5d-4291-bc37-eff11b43a4dc,,2026-03-27T16:13:06.137173Z,,,,,,,,,,,
816fcbe3-b73b-46e2-b4f7-b8212245f744,2026-03-27T16:13:05.680663+00:00,inference,playbook_selector,1.0.0,detection,DET-141859,cust-acme-corp-002,0.702,pb-data-exfil-investigate,0.674,38.8,FALSE,,,,,,,,b9a37f82-02b6-430f-8b1a-c8ef12867d9f,,2026-03-27T16:13:05.680579Z,,,,,,,,,,,
f6b9cef8-a0f1-4cb9-895c-889953536117,2026-03-27T16:12:51.401260+00:00,inference,playbook_selector,1.0.0,detection,DET-141858,cust-tekstream-001,0.834,pb-phishing-triage,0.786,56.7,FALSE,,,,,,,,651314db-131d-4834-b0d8-6a8132bcc33c,,2026-03-27T16:12:51.401192Z,,,,,,,,,,,
c05d2684-6101-43e5-8deb-14bee09f84af,2026-03-27T16:12:50.942997+00:00,inference,playbook_selector,1.0.0,detection,DET-141857,cust-globex-003,0.903,pb-data-exfil-investigate,0.929,115.4,TRUE,,,,,,,,3824efc8-ecf4-4e71-995f-4fa2838d56a8,,2026-03-27T16:12:50.942943Z,,,,,,,,,,,
2ee3a104-f08f-4bd4-95b8-d6b5aabd69af,2026-03-27T16:12:50.724495+00:00,inference,playbook_selector,1.0.0,detection,DET-141856,cust-globex-003,0.802,pb-data-exfil-investigate,0.593,123.2,FALSE,,,,,,,,0b2e3382-5624-46c2-9e9c-e0e1270ddc2f,,2026-03-27T16:12:50.724438Z,,,,,,,,,,,
8889f1bd-802f-4d18-aad9-0cdf69c8d4ee,2026-03-27T16:12:36.875765+00:00,inference,playbook_selector,1.0.0,detection,DET-141855,cust-globex-003,0.786,pb-data-exfil-investigate,0.784,30.8,FALSE,,,,,,,,6b3dae24-d04b-4a9b-9141-1ef69c55371b,,2026-03-27T16:12:36.875713Z,,,,,,,,,,,
36e13c1c-10a7-49dc-8e55-42b813980185,2026-03-27T16:12:36.205961+00:00,inference,playbook_selector,1.0.0,detection,DET-141854,cust-acme-corp-002,0.889,pb-brute-force-block,0.887,66,FALSE,,,,,,,,23990f67-331d-4f75-85e3-2a703763adc6,,2026-03-27T16:12:36.205908Z,,,,,,,,,,,
7dee5bc0-1072-49ad-8b03-333c4363684d,2026-03-27T16:12:35.916625+00:00,inference,playbook_selector,1.0.0,detection,DET-141853,cust-tekstream-001,0.618,pb-phishing-triage,0.677,42.5,FALSE,,,,,,,,83039773-3bbe-4774-95b0-420eb7833850,,2026-03-27T16:12:35.916573Z,,,,,,,,,,,
28b0408b-d3c7-4584-b394-08458e4598ad,2026-03-27T16:12:20.766159+00:00,inference,playbook_selector,1.0.0,detection,DET-141851,cust-tekstream-001,0.97,pb-data-exfil-investigate,0.598,176.8,FALSE,,,,,,,,ae1fada3-aa92-42d2-84fb-0d6afdb7d55f,,2026-03-27T16:12:20.766107Z,,,,,,,,,,,
08abf124-1196-4210-8f7c-729e8e9bc246,2026-03-27T16:12:05.566610+00:00,inference,playbook_selector,1.0.0,detection,DET-141849,cust-tekstream-001,0.92,pb-malware-response,0.621,21.3,FALSE,,,,,,,,31ccb0e7-3783-4c61-9f74-add76d20a7b7,,2026-03-27T16:12:05.566543Z,,,,,,,,,,,
6108a7fe-4dad-4c73-8dd1-0194f66f3314,2026-03-27T16:11:51.971113+00:00,inference,playbook_selector,1.0.0,detection,DET-141848,cust-tekstream-001,0.895,pb-lateral-movement,0.509,160.8,FALSE,,,,,,,,a2aa2aaf-26ed-4e0e-bd11-1373223433df,,2026-03-27T16:11:51.971062Z,,,,,,,,,,,
b20e4e87-0cf1-4d94-bdbf-dd5db18a9b6f,2026-03-27T16:11:51.651009+00:00,inference,playbook_selector,1.0.0,detection,DET-141847,cust-globex-003,0.754,pb-ransomware-containment,0.884,131.8,FALSE,,,,,,,,4b814ab0-cc63-4a38-b35a-9df0df0d2a37,,2026-03-27T16:11:51.650957Z,,,,,,,,,,,
82f44512-474f-4f24-9e35-be0afd742859,2026-03-27T16:11:50.992566+00:00,inference,playbook_selector,1.0.0,detection,DET-141846,cust-acme-corp-002,0.749,pb-data-exfil-investigate,0.805,76.7,FALSE,,,,,,,,e744781f-cc1c-4513-af4e-c2e6d8a7eb1e,,2026-03-27T16:11:50.992509Z,,,,,,,,,,,
9d24030d-138a-4440-b9a2-defc2840a465,2026-03-27T16:11:50.534621+00:00,inference,playbook_selector,1.0.0,detection,DET-141845,cust-tekstream-001,0.847,pb-data-exfil-investigate,0.62,46.8,FALSE,,,,,,,,4615ca9e-78a6-4593-a94e-8c4558fe1639,,2026-03-27T16:11:50.534572Z,,,,,,,,,,,
c24922d4-1709-4721-9632-ecbdddee3d23,2026-03-27T16:11:35.874349+00:00,inference,playbook_selector,1.0.0,detection,DET-141844,cust-globex-003,0.584,pb-lateral-movement,0.979,150.7,FALSE,,,,,,,,c8172735-d827-4484-bab8-6470d9478c31,,2026-03-27T16:11:35.874297Z,,,,,,,,,,,
725c4fe9-10ca-434e-a9a1-0603b0139b34,2026-03-27T16:11:21.562273+00:00,inference,playbook_selector,1.0.0,detection,DET-141841,cust-tekstream-001,0.516,pb-data-exfil-investigate,0.784,99.2,FALSE,,,,,,,,870eb2ab-ccd5-4777-8d8e-1772a55dd114,,2026-03-27T16:11:21.562223Z,,,,,,,,,,,
5da1a494-5c0a-4e63-bebc-9c7b20643ea0,2026-03-27T16:11:20.753624+00:00,inference,playbook_selector,1.0.0,detection,DET-141839,cust-globex-003,0.593,pb-phishing-triage,0.855,172.3,FALSE,,,,,,,,82e3702b-21df-458f-93ba-c23f44321275,,2026-03-27T16:11:20.753562Z,,,,,,,,,,,
10da25eb-765c-490e-a7f2-5c5beeb99499,2026-03-27T16:11:06.818956+00:00,inference,playbook_selector,1.0.0,detection,DET-141838,cust-globex-003,0.795,pb-malware-response,0.701,115.3,FALSE,,,,,,,,548158ed-2271-4f3e-84cf-51e82fe659d0,,2026-03-27T16:11:06.818902Z,,,,,,,,,,,
704bd463-faee-4df9-9d49-98e41c9f3efe,2026-03-27T16:11:06.298766+00:00,inference,playbook_selector,1.0.0,detection,DET-141837,cust-tekstream-001,0.707,pb-data-exfil-investigate,0.634,12.7,FALSE,,,,,,,,90d9b76f-2dd6-4473-8232-3ba598c70ae1,,2026-03-27T16:11:06.298713Z,,,,,,,,,,,
f6b7ad5d-5b42-4b60-9aa6-0980b97b5076,2026-03-27T16:11:05.657896+00:00,inference,playbook_selector,1.0.0,detection,DET-141835,cust-globex-003,0.969,pb-ransomware-containment,0.664,160.6,FALSE,,,,,,,,a5284266-dcd6-4445-b2ee-60f49f9d0499,,2026-03-27T16:11:05.657846Z,,,,,,,,,,,
973a3c0e-3c7b-47ef-bf3f-91b73690908d,2026-03-27T16:10:35.780716+00:00,inference,playbook_selector,1.0.0,detection,DET-141833,cust-globex-003,0.845,pb-brute-force-block,0.749,71.2,FALSE,,,,,,,,79cb79da-742e-4144-a760-107b8cd9140e,,2026-03-27T16:10:35.780665Z,,,,,,,,,,,
dab0b1d2-4e97-48c8-a56c-f7882ae4b54b,2026-03-27T16:10:21.563036+00:00,inference,playbook_selector,1.0.0,detection,DET-141830,cust-acme-corp-002,0.855,pb-lateral-movement,0.557,168.5,FALSE,,,,,,,,38eb9340-1b45-478d-9bb9-5de66b77e896,,2026-03-27T16:10:21.562985Z,,,,,,,,,,,
b12e23cf-b8c1-4765-b800-1a17c537a053,2026-03-27T16:10:20.713533+00:00,inference,playbook_selector,1.0.0,detection,DET-141828,cust-tekstream-001,0.617,pb-phishing-triage,0.666,30.6,FALSE,,,,,,,,85ca2d90-adad-44ec-8123-f540fb32e176,,2026-03-27T16:10:20.713440Z,,,,,,,,,,,
0b77fa9f-396f-45ad-8c44-c4e5b8324034,2026-03-27T16:10:05.766530+00:00,inference,playbook_selector,1.0.0,detection,DET-141827,cust-tekstream-001,0.862,pb-malware-response,0.913,55.8,FALSE,,,,,,,,5851f934-fcd3-432c-99a2-d5f50899c649,,2026-03-27T16:10:05.766478Z,,,,,,,,,,,
272c4989-ee4c-471c-9834-59befab0a192,2026-03-27T16:09:35.570532+00:00,inference,playbook_selector,1.0.0,detection,DET-141824,cust-acme-corp-002,0.716,pb-ransomware-containment,0.557,181.3,FALSE,,,,,,,,537787ec-2f90-4d06-a09f-12c8660286f3,,2026-03-27T16:09:35.570472Z,,,,,,,,,,,
0f5f8ca8-651d-4c3a-82e2-e96454a43407,2026-03-27T16:08:21.485683+00:00,inference,playbook_selector,1.0.0,detection,DET-141816,cust-globex-003,0.505,pb-ransomware-containment,0.822,123.1,FALSE,,,,,,,,b84b5d62-7c7f-40d3-95d2-38589513aaf7,,2026-03-27T16:08:21.485628Z,,,,,,,,,,,
1c6a6c2f-4653-41e0-a28e-9ddd6b77d437,2026-03-27T16:08:20.848930+00:00,inference,playbook_selector,1.0.0,detection,DET-141814,cust-acme-corp-002,0.721,pb-lateral-movement,0.598,37.3,FALSE,,,,,,,,f6148b1f-2fac-402d-9f29-1df04cc0e1cf,,2026-03-27T16:08:20.848878Z,,,,,,,,,,,
099021da-beff-4632-9d5d-3ffbad773b79,2026-03-27T16:08:20.564240+00:00,inference,playbook_selector,1.0.0,detection,DET-141813,cust-globex-003,0.856,pb-malware-response,0.675,177.6,FALSE,,,,,,,,78e4d43e-0366-4507-b961-1b5b33dc62a3,,2026-03-27T16:08:20.564186Z,,,,,,,,,,,
ced44630-2166-4e32-9222-c241e036b259,2026-03-27T16:07:35.853717+00:00,inference,playbook_selector,1.0.0,detection,DET-141810,cust-globex-003,0.828,pb-lateral-movement,0.962,36,TRUE,,,,,,,,1c8f8941-8b13-4c5a-a46f-625a350bb848,,2026-03-27T16:07:35.853658Z,,,,,,,,,,,
64eedb7f-b98b-4f7d-8ec7-b7ba0c653509,2026-03-27T16:07:35.561263+00:00,inference,playbook_selector,1.0.0,detection,DET-141809,cust-acme-corp-002,0.799,pb-ransomware-containment,0.719,65.7,TRUE,,,,,,,,ff75b19d-a9ff-4cfa-88c9-a2509279868e,,2026-03-27T16:07:35.561212Z,,,,,,,,,,,
1660053f-d646-41f4-8a47-56337291765f,2026-03-27T16:07:20.625782+00:00,inference,playbook_selector,1.0.0,detection,DET-141808,cust-tekstream-001,0.901,pb-brute-force-block,0.825,156,FALSE,,,,,,,,e333e64f-bef4-4e6a-b301-79520248c887,,2026-03-27T16:07:20.625729Z,,,,,,,,,,,
ca25982e-1ba4-4bb5-9aaf-1b1b6f7170c4,2026-03-27T16:07:06.089026+00:00,inference,playbook_selector,1.0.0,detection,DET-141807,cust-globex-003,0.818,pb-brute-force-block,0.756,17.9,FALSE,,,,,,,,310c6d32-fd40-4ae0-ad54-9f29fb3a4281,,2026-03-27T16:07:06.088958Z,,,,,,,,,,,
05ed7389-2283-4981-97b3-f020ced8d1e2,2026-03-27T16:07:05.683215+00:00,inference,playbook_selector,1.0.0,detection,DET-141806,cust-tekstream-001,0.536,pb-malware-response,0.597,55.1,FALSE,,,,,,,,b1b61bdc-13fb-46a3-b508-d802a0f0a81d,,2026-03-27T16:07:05.683163Z,,,,,,,,,,,
70091925-9c2b-4012-8831-a9bac0915224,2026-03-27T16:06:51.134642+00:00,inference,playbook_selector,1.0.0,detection,DET-141804,cust-globex-003,0.654,pb-lateral-movement,0.838,36,FALSE,,,,,,,,180f774c-ea55-496b-87ce-c959b1e44a5f,,2026-03-27T16:06:51.134590Z,,,,,,,,,,,
71946722-4e61-405c-a920-ffd158de9599,2026-03-27T16:06:50.657331+00:00,inference,playbook_selector,1.0.0,detection,DET-141803,cust-globex-003,0.571,pb-brute-force-block,0.694,123.8,FALSE,,,,,,,,cc1c1dc6-8714-4766-9a57-7b616e28e1cd,,2026-03-27T16:06:50.657280Z,,,,,,,,,,,
d017d9b6-4cd6-4d3c-9de7-5505235e48fb,2026-03-27T16:06:35.822812+00:00,inference,playbook_selector,1.0.0,detection,DET-141802,cust-globex-003,0.942,pb-lateral-movement,0.938,39.8,FALSE,,,,,,,,12991d8c-8508-434f-87e7-059b4cc336ff,,2026-03-27T16:06:35.822759Z,,,,,,,,,,,
2c9b5437-93d6-4d80-a028-09e4192a6896,2026-03-27T16:06:35.553802+00:00,inference,playbook_selector,1.0.0,detection,DET-141801,cust-tekstream-001,0.84,pb-ransomware-containment,0.852,14.1,TRUE,,,,,,,,f264927e-3238-47b7-8a0a-4be28e24526d,,2026-03-27T16:06:35.553740Z,,,,,,,,,,,
bee22e9c-c35a-47b3-802b-6cceb7da63a7,2026-03-27T16:06:21.100557+00:00,inference,playbook_selector,1.0.0,detection,DET-141800,cust-tekstream-001,0.884,pb-malware-response,0.708,186,FALSE,,,,,,,,74e9b1bf-5c7a-4a79-aee0-cda45f5b6ed2,,2026-03-27T16:06:21.100498Z,,,,,,,,,,,
52901eb3-ba90-4a6f-b081-778d6cfe64e3,2026-03-27T16:06:20.598891+00:00,inference,playbook_selector,1.0.0,detection,DET-141799,cust-globex-003,0.869,pb-lateral-movement,0.69,54.7,FALSE,,,,,,,,10d28b51-178e-41eb-890f-ee3d8d1d9e0e,,2026-03-27T16:06:20.598840Z,,,,,,,,,,,
61bfdb92-2a88-46b9-8da9-a59c26b0eaf5,2026-03-27T16:05:51.339887+00:00,inference,playbook_selector,1.0.0,detection,DET-141797,cust-acme-corp-002,0.853,pb-data-exfil-investigate,0.926,7.6,TRUE,,,,,,,,86440976-9d9e-4e52-93ee-e96e755163f1,,2026-03-27T16:05:51.339833Z,,,,,,,,,,,
03542b23-9629-4e31-a292-1f5fd81c439e,2026-03-27T16:05:50.554801+00:00,inference,playbook_selector,1.0.0,detection,DET-141795,cust-globex-003,0.768,pb-lateral-movement,0.568,12.2,FALSE,,,,,,,,ba2d3c52-7d27-40ce-b198-42529ea5a000,,2026-03-27T16:05:50.554747Z,,,,,,,,,,,
ad5df38e-8d60-466c-a735-50f05aff3860,2026-03-27T16:05:35.670815+00:00,inference,playbook_selector,1.0.0,detection,DET-141794,cust-tekstream-001,0.543,pb-ransomware-containment,0.549,52.1,FALSE,,,,,,,,b4f9c615-6ede-4cf1-89ca-c32d51cb9bf8,,2026-03-27T16:05:35.670762Z,,,,,,,,,,,
da5cd7be-79d6-4b41-a07c-c1f577a466f5,2026-03-27T16:05:06.669693+00:00,inference,playbook_selector,1.0.0,detection,DET-141791,cust-tekstream-001,0.832,pb-ransomware-containment,0.669,46.7,FALSE,,,,,,,,aa419b4a-ecb8-4e88-8e57-3a2aecff12ce,,2026-03-27T16:05:06.669641Z,,,,,,,,,,,
2d2eaf70-9e0d-4aa8-9174-cb4db9382de0,2026-03-27T16:05:06.092979+00:00,inference,playbook_selector,1.0.0,detection,DET-141790,cust-globex-003,0.56,pb-lateral-movement,0.982,10.8,FALSE,,,,,,,,8ba7bf2e-9636-420e-ab5e-c5ffbffd870d,,2026-03-27T16:05:06.092923Z,,,,,,,,,,,
b50a5f66-af2e-471e-a118-2804f21478c2,2026-03-27T16:04:50.779273+00:00,inference,playbook_selector,1.0.0,detection,DET-141786,cust-tekstream-001,0.65,pb-brute-force-block,0.88,120.2,FALSE,,,,,,,,f8571f2b-8f0b-431a-8b08-55d939e08b45,,2026-03-27T16:04:50.779223Z,,,,,,,,,,,
d0eae541-515c-492f-a275-2dfa2f0aa140,2026-03-27T16:04:35.739256+00:00,inference,playbook_selector,1.0.0,detection,DET-141782,cust-globex-003,0.634,pb-brute-force-block,0.71,33.2,TRUE,,,,,,,,fc7b6a4c-b8a4-4413-8eac-44d88a506d13,,2026-03-27T16:04:35.739202Z,,,,,,,,,,,
efc8a02e-2ebf-48d3-8946-e359e464cff9,2026-03-27T16:04:20.761124+00:00,inference,playbook_selector,1.0.0,detection,DET-141781,cust-acme-corp-002,0.653,pb-malware-response,0.733,71.7,FALSE,,,,,,,,8aa2fbd7-9f38-4a45-b7c6-dfc335fea515,,2026-03-27T16:04:20.761073Z,,,,,,,,,,,
c88f16b6-a4af-4d7f-9c26-2d4f865c0f80,2026-03-27T16:04:05.824223+00:00,inference,playbook_selector,1.0.0,detection,DET-141780,cust-tekstream-001,0.554,pb-brute-force-block,0.985,69.3,FALSE,,,,,,,,3eeb9729-69c1-4682-8e2c-4dc0bcd510a3,,2026-03-27T16:04:05.824173Z,,,,,,,,,,,
226386b2-a221-4da1-b3ff-4d0ae47cbf35,2026-03-27T16:04:05.521645+00:00,inference,playbook_selector,1.0.0,detection,DET-141779,cust-globex-003,0.707,pb-data-exfil-investigate,0.816,144.1,FALSE,,,,,,,,198417e2-ce97-401b-abab-7bd882b2d136,,2026-03-27T16:04:05.521588Z,,,,,,,,,,,
2d71c109-35f0-48b3-a3b1-5683e11d798d,2026-03-27T16:03:51.903138+00:00,inference,playbook_selector,1.0.0,detection,DET-141778,cust-globex-003,0.82,pb-lateral-movement,0.784,104.9,FALSE,,,,,,,,fa613ec1-440d-4748-966b-850dc7a2c50c,,2026-03-27T16:03:51.903087Z,,,,,,,,,,,
f5758e7c-7b10-485a-a271-ef3745ad71be,2026-03-27T16:03:51.342431+00:00,inference,playbook_selector,1.0.0,detection,DET-141776,cust-globex-003,0.911,pb-malware-response,0.561,14,FALSE,,,,,,,,1b590442-0e20-4e14-a199-f113382e6dab,,2026-03-27T16:03:51.342379Z,,,,,,,,,,,
800210e5-535a-44e0-8955-0092a84e8308,2026-03-27T16:03:50.638345+00:00,inference,playbook_selector,1.0.0,detection,DET-141775,cust-globex-003,0.526,pb-malware-response,0.609,79.2,FALSE,,,,,,,,7b514bc5-fe01-4bbb-a38c-6e6df3434b12,,2026-03-27T16:03:50.638293Z,,,,,,,,,,,
62ef334e-81e8-48d6-97a3-edb192b13fd9,2026-03-27T16:03:21.507447+00:00,inference,playbook_selector,1.0.0,detection,DET-141770,cust-acme-corp-002,0.827,pb-phishing-triage,0.878,151.6,TRUE,,,,,,,,89069879-32a0-4ab3-8ddb-6040ea5bda47,,2026-03-27T16:03:21.507396Z,,,,,,,,,,,
2e48dd91-b2f9-4954-ab46-cbc6cdbcbbb0,2026-03-27T16:03:20.730793+00:00,inference,playbook_selector,1.0.0,detection,DET-141768,cust-acme-corp-002,0.557,pb-phishing-triage,0.502,168.6,FALSE,,,,,,,,bafb4262-093b-4d3e-ae1a-5ca5d159d54b,,2026-03-27T16:03:20.730739Z,,,,,,,,,,,
28dfe2dc-dce0-4ce4-bacb-3073e4fd84af,2026-03-27T16:03:05.826811+00:00,inference,playbook_selector,1.0.0,detection,DET-141767,cust-globex-003,0.587,pb-phishing-triage,0.539,42.6,TRUE,,,,,,,,32cff9d1-2344-49f3-a9bb-9d55de6ac5c8,,2026-03-27T16:03:05.826761Z,,,,,,,,,,,
041d2069-aaa5-4131-b772-4ef4e3c7b727,2026-03-27T16:02:51.822938+00:00,inference,playbook_selector,1.0.0,detection,DET-141765,cust-tekstream-001,0.565,pb-data-exfil-investigate,0.775,143.9,FALSE,,,,,,,,882e3a8c-5185-46c5-ad9c-6d62c70abd9f,,2026-03-27T16:02:51.822888Z,,,,,,,,,,,
bebf339b-f235-4791-abfe-c18a9e2d6f1a,2026-03-27T16:02:51.398386+00:00,inference,playbook_selector,1.0.0,detection,DET-141764,cust-globex-003,0.604,pb-brute-force-block,0.674,75.6,TRUE,,,,,,,,6c6e159d-3b9e-4e75-b049-c6df5f1d6db1,,2026-03-27T16:02:51.398334Z,,,,,,,,,,,
9db056dc-29fc-4bcf-90fd-5179de140c59,2026-03-27T16:02:50.654550+00:00,inference,playbook_selector,1.0.0,detection,DET-141762,cust-globex-003,0.518,pb-phishing-triage,0.571,102.7,FALSE,,,,,,,,31aa1919-dd0a-45a1-94f9-0b701c1aed6f,,2026-03-27T16:02:50.654500Z,,,,,,,,,,,
a2d15419-dbd7-4614-8a40-36ad58000be2,2026-03-27T16:02:21.426221+00:00,inference,playbook_selector,1.0.0,detection,DET-141758,cust-acme-corp-002,0.977,pb-lateral-movement,0.605,15.8,TRUE,,,,,,,,ba0a0fa0-d776-402e-929b-87d5cdc03d29,,2026-03-27T16:02:21.426170Z,,,,,,,,,,,
7dbbebad-5c3f-49a3-87f1-c4de88a2cc24,2026-03-27T16:02:21.012442+00:00,inference,playbook_selector,1.0.0,detection,DET-141757,cust-acme-corp-002,0.659,pb-ransomware-containment,0.85,47,FALSE,,,,,,,,9368fa8d-a8b9-4502-abba-cb854209da56,,2026-03-27T16:02:21.012382Z,,,,,,,,,,,
8e45126f-b1b8-41b2-a07f-129a7b277158,2026-03-27T16:02:06.291236+00:00,inference,playbook_selector,1.0.0,detection,DET-141755,cust-acme-corp-002,0.688,pb-malware-response,0.614,120.6,FALSE,,,,,,,,12dfd45d-c812-4b6c-aa96-5aded1fc5fdb,,2026-03-27T16:02:06.291184Z,,,,,,,,,,,
7f3ba4eb-22ce-462a-bd48-c16df0ea5709,2026-03-27T16:02:05.479075+00:00,inference,playbook_selector,1.0.0,detection,DET-141753,cust-acme-corp-002,0.84,pb-phishing-triage,0.679,35.9,FALSE,,,,,,,,4baf76a3-6446-4919-be86-cba8f2ef7d05,,2026-03-27T16:02:05.479020Z,,,,,,,,,,,
0dd41f96-5722-4456-9af7-b940efc358dc,2026-03-27T16:01:50.540981+00:00,inference,playbook_selector,1.0.0,detection,DET-141752,cust-acme-corp-002,0.683,pb-phishing-triage,0.903,63.1,TRUE,,,,,,,,a05f400d-01a7-4e81-b371-f101091bb8f9,,2026-03-27T16:01:50.540927Z,,,,,,,,,,,
a66094ef-8ae3-4eae-94bf-b4e6a888593a,2026-03-27T16:01:36.247936+00:00,inference,playbook_selector,1.0.0,detection,DET-141751,cust-acme-corp-002,0.679,pb-brute-force-block,0.905,140.1,FALSE,,,,,,,,75f972d9-db42-46e5-b108-920885c99db0,,2026-03-27T16:01:36.247882Z,,,,,,,,,,,
469839a1-b6a1-4472-a723-3f8ce3dc5f70,2026-03-27T16:01:35.712037+00:00,inference,playbook_selector,1.0.0,detection,DET-141749,cust-tekstream-001,0.618,pb-ransomware-containment,0.706,113.5,FALSE,,,,,,,,b2be9fdf-c6ba-48cd-b243-54c6a859f601,,2026-03-27T16:01:35.711986Z,,,,,,,,,,,
eefe0e5d-eaa6-499a-9f92-be6e82f6c2f1,2026-03-27T16:01:20.637482+00:00,inference,playbook_selector,1.0.0,detection,DET-141748,cust-tekstream-001,0.687,pb-malware-response,0.665,162,FALSE,,,,,,,,51f2c9ab-a16e-4018-86fd-634626914ab6,,2026-03-27T16:01:20.637430Z,,,,,,,,,,,
33f876d4-1190-4835-a7c0-eb7d4746218c,2026-03-27T16:01:05.576517+00:00,inference,playbook_selector,1.0.0,detection,DET-141746,cust-tekstream-001,0.533,pb-data-exfil-investigate,0.774,143.2,FALSE,,,,,,,,1e3e9e9e-1d07-4ed3-b230-43c20539570f,,2026-03-27T16:01:05.576454Z,,,,,,,,,,,
6d917c8e-2f06-4994-ad5e-a79937e4c4d0,2026-03-27T16:00:50.456263+00:00,inference,playbook_selector,1.0.0,detection,DET-141745,cust-tekstream-001,0.656,pb-ransomware-containment,0.782,160.2,FALSE,,,,,,,,6fc54849-135e-4a42-a20d-2df5039a4626,,2026-03-27T16:00:50.456212Z,,,,,,,,,,,
6350ac19-d384-4514-8286-910188d85f0c,2026-03-27T16:00:35.544906+00:00,inference,playbook_selector,1.0.0,detection,DET-141744,cust-tekstream-001,0.915,pb-malware-response,0.585,54.7,FALSE,,,,,,,,8b0d32ea-219a-4f89-9d12-b972b58541ee,,2026-03-27T16:00:35.544854Z,,,,,,,,,,,
8ecd877b-f940-4e1e-840c-00f372efe24b,2026-03-27T16:00:20.547947+00:00,inference,playbook_selector,1.0.0,detection,DET-141742,cust-tekstream-001,0.896,pb-brute-force-block,0.532,199.3,FALSE,,,,,,,,47442bb8-03d3-4905-b1b7-0caa4a3489c8,,2026-03-27T16:00:20.547896Z,,,,,,,,,,,
bda3fe0d-1702-47ad-8314-1e3b3acc5ef3,2026-03-27T16:00:06.623548+00:00,inference,playbook_selector,1.0.0,detection,DET-141741,cust-acme-corp-002,0.543,pb-malware-response,0.844,82.7,FALSE,,,,,,,,a99056bd-3e71-4722-8c4a-698a9530a3bd,,2026-03-27T16:00:06.623495Z,,,,,,,,,,,
1ad9cf06-290f-4a1e-8775-ea22ba22cf52,2026-03-27T16:00:05.943069+00:00,inference,playbook_selector,1.0.0,detection,DET-141739,cust-tekstream-001,0.942,pb-phishing-triage,0.834,155.9,FALSE,,,,,,,,dcc6fdac-b456-49c3-b41d-48b1d0ba3d79,,2026-03-27T16:00:05.942393Z,,,,,,,,,,,
398b6aae-d473-4d85-8f45-1cc82af1221e,2026-03-27T16:00:05.395050+00:00,inference,playbook_selector,1.0.0,detection,DET-141738,cust-tekstream-001,0.693,pb-ransomware-containment,0.732,54.7,TRUE,,,,,,,,dbfdc76b-c339-4a9e-a409-c445ef84d494,,2026-03-27T16:00:05.394982Z,,,,,,,,,,,
4a8ffb72-eaa7-4db7-83c0-86e046ce9204,2026-03-27T15:59:50.379863+00:00,inference,playbook_selector,1.0.0,detection,DET-141737,cust-tekstream-001,0.739,pb-ransomware-containment,0.65,140.1,FALSE,,,,,,,,a32686a7-f2cd-43da-9020-5dc18bba3b35,,2026-03-27T15:59:50.379813Z,,,,,,,,,,,
de2981c4-935e-4c31-a3dc-ff245feadbea,2026-03-27T15:59:36.444625+00:00,inference,playbook_selector,1.0.0,detection,DET-141736,cust-globex-003,0.806,pb-malware-response,0.534,162.7,FALSE,,,,,,,,596552bc-f0c8-47ec-b68b-1f45e207017f,,2026-03-27T15:59:36.444569Z,,,,,,,,,,,
5c4bfdff-d3ac-4804-8c1c-d8b8b3bbf41b,2026-03-27T15:59:35.709687+00:00,inference,playbook_selector,1.0.0,detection,DET-141734,cust-acme-corp-002,0.954,pb-lateral-movement,0.562,106.3,FALSE,,,,,,,,750212d0-553a-4dea-a6b5-2273343dae21,,2026-03-27T15:59:35.709633Z,,,,,,,,,,,
396714f3-3c29-469b-9fff-27ff9389ef80,2026-03-27T15:59:20.713560+00:00,inference,playbook_selector,1.0.0,detection,DET-141733,cust-acme-corp-002,0.581,pb-malware-response,0.753,154.7,FALSE,,,,,,,,a54afabb-9bb0-449b-a7e3-fa71117597d4,,2026-03-27T15:59:20.713484Z,,,,,,,,,,,
99c695d0-94be-4cc5-91e5-b2fa17d4925c,2026-03-27T15:59:05.879960+00:00,inference,playbook_selector,1.0.0,detection,DET-141732,cust-tekstream-001,0.517,pb-phishing-triage,0.984,149.4,FALSE,,,,,,,,f932d3b4-332c-41d3-8bee-4890f7258ff6,,2026-03-27T15:59:05.879899Z,,,,,,,,,,,
a3c2e2ed-b2eb-4a6c-86e2-61b6b330cce1,2026-03-27T15:58:51.312180+00:00,inference,playbook_selector,1.0.0,detection,DET-141730,cust-acme-corp-002,0.522,pb-ransomware-containment,0.802,75.1,FALSE,,,,,,,,936db917-65b4-460a-b026-07490ccaa249,,2026-03-27T15:58:51.312129Z,,,,,,,,,,,
5bf57cdf-c34a-4369-aed6-9ebc7842826f,2026-03-27T15:58:50.868476+00:00,inference,playbook_selector,1.0.0,detection,DET-141729,cust-tekstream-001,0.852,pb-phishing-triage,0.689,97,FALSE,,,,,,,,1abd9043-6124-49c2-9e07-9f5c45ab8b8a,,2026-03-27T15:58:50.868412Z,,,,,,,,,,,
934e4a17-3c97-42f2-b6f9-09b2d2a44e31,2026-03-27T15:58:50.460862+00:00,inference,playbook_selector,1.0.0,detection,DET-141728,cust-globex-003,0.68,pb-lateral-movement,0.904,8.5,FALSE,,,,,,,,d57efe80-6033-4df1-8f17-4355bc65d696,,2026-03-27T15:58:50.460808Z,,,,,,,,,,,
b8a570be-1655-4878-a91f-bb085f59b32c,2026-03-27T15:58:36.721394+00:00,inference,playbook_selector,1.0.0,detection,DET-141727,cust-tekstream-001,0.518,pb-lateral-movement,0.583,7.7,FALSE,,,,,,,,83dc1efa-de1c-41f1-ad23-ce1474ad3798,,2026-03-27T15:58:36.721343Z,,,,,,,,,,,
32a5b43d-c1e6-42ae-b54a-a28eb2659bb2,2026-03-27T15:58:36.348177+00:00,inference,playbook_selector,1.0.0,detection,DET-141726,cust-acme-corp-002,0.787,pb-phishing-triage,0.686,91.1,FALSE,,,,,,,,a4e8be80-7169-4209-8452-a40f5fd3accd,,2026-03-27T15:58:36.348125Z,,,,,,,,,,,
5b8c525f-72c5-4d1f-97b1-7016d4c34761,2026-03-27T15:58:35.614864+00:00,inference,playbook_selector,1.0.0,detection,DET-141724,cust-acme-corp-002,0.954,pb-data-exfil-investigate,0.777,45.8,FALSE,,,,,,,,eb51bc6d-fb16-4639-8a58-babfa3009dbf,,2026-03-27T15:58:35.614808Z,,,,,,,,,,,
f2e999d1-9b29-4eb8-912a-58b562b1dc71,2026-03-27T15:58:20.385606+00:00,inference,playbook_selector,1.0.0,detection,DET-141723,cust-globex-003,0.521,pb-malware-response,0.713,18.1,TRUE,,,,,,,,75758248-7a69-454d-bd1f-61a9bb04253a,,2026-03-27T15:58:20.385552Z,,,,,,,,,,,
c7399849-1362-4b42-a211-5466b028807d,2026-03-27T15:58:06.277664+00:00,inference,playbook_selector,1.0.0,detection,DET-141721,cust-globex-003,0.64,pb-brute-force-block,0.688,39,FALSE,,,,,,,,682c121d-1478-4582-98ba-cb5a3c2aa50c,,2026-03-27T15:58:06.277610Z,,,,,,,,,,,
fa3a4fb0-2e2b-437c-a163-75644bd68a9e,2026-03-27T15:58:05.852437+00:00,inference,playbook_selector,1.0.0,detection,DET-141720,cust-acme-corp-002,0.912,pb-phishing-triage,0.512,128.4,FALSE,,,,,,,,259412e3-20fb-49dc-86a0-00d100fefd13,,2026-03-27T15:58:05.852278Z,,,,,,,,,,,
62d9660f-5bc3-4e81-aaf0-9a4e844713c6,2026-03-27T15:58:05.391400+00:00,inference,playbook_selector,1.0.0,detection,DET-141719,cust-acme-corp-002,0.968,pb-phishing-triage,0.889,195.8,TRUE,,,,,,,,2265d095-bc70-412d-a8c9-4202e2be047c,,2026-03-27T15:58:05.391346Z,,,,,,,,,,,
22b6d558-6eef-4bce-92b1-833cb47e7345,2026-03-27T15:57:51.170799+00:00,inference,playbook_selector,1.0.0,detection,DET-141717,cust-acme-corp-002,0.539,pb-brute-force-block,0.529,45.6,FALSE,,,,,,,,59f56e63-957e-4592-8688-e808c84ec040,,2026-03-27T15:57:51.170747Z,,,,,,,,,,,
f2cf27b9-9d8c-4847-8b3b-0235e62501f2,2026-03-27T15:57:50.635878+00:00,inference,playbook_selector,1.0.0,detection,DET-141716,cust-acme-corp-002,0.762,pb-phishing-triage,0.544,45.5,TRUE,,,,,,,,9c9c1a1d-8329-4a5a-9ab0-62d9ad133099,,2026-03-27T15:57:50.635827Z,,,,,,,,,,,
e7301087-fdcd-4aa9-9f03-2079d596a719,2026-03-27T15:57:21.705316+00:00,inference,playbook_selector,1.0.0,detection,DET-141711,cust-globex-003,0.586,pb-malware-response,0.79,53.5,FALSE,,,,,,,,324768aa-e371-4c03-8a5d-47e3192dda4d,,2026-03-27T15:57:21.705266Z,,,,,,,,,,,
3fd49e9b-6b3c-4d77-947e-0cec8d13dda0,2026-03-27T15:57:20.547793+00:00,inference,playbook_selector,1.0.0,detection,DET-141708,cust-tekstream-001,0.506,pb-malware-response,0.855,195.8,FALSE,,,,,,,,0a834d8b-e397-430d-b97f-05a52354e28e,,2026-03-27T15:57:20.547740Z,,,,,,,,,,,
81206dfb-b29f-4950-b77a-2997687a2b7d,2026-03-27T15:57:06.367129+00:00,inference,playbook_selector,1.0.0,detection,DET-141707,cust-globex-003,0.667,pb-data-exfil-investigate,0.845,106.1,FALSE,,,,,,,,444d1d09-709d-49c6-bd79-954cc1a206d5,,2026-03-27T15:57:06.367060Z,,,,,,,,,,,
1934f8d6-a4e3-4907-be8b-da56564e5216,2026-03-27T15:57:06.156946+00:00,inference,playbook_selector,1.0.0,detection,DET-141706,cust-globex-003,0.674,pb-brute-force-block,0.597,68.1,FALSE,,,,,,,,847cfd18-f6dc-46b2-a59c-358e127a3be8,,2026-03-27T15:57:06.156894Z,,,,,,,,,,,
123e419c-75a0-4691-9a37-0aa7ff93cbed,2026-03-27T15:57:05.391097+00:00,inference,playbook_selector,1.0.0,detection,DET-141704,cust-tekstream-001,0.554,pb-malware-response,0.801,76.1,FALSE,,,,,,,,9f5ad4ac-0bce-498b-af8a-0fb3866c59fc,,2026-03-27T15:57:05.390408Z,,,,,,,,,,,
9b524905-0931-4d17-90ee-9bd967b71e54,2026-03-27T15:56:51.273133+00:00,inference,playbook_selector,1.0.0,detection,DET-141702,cust-acme-corp-002,0.947,pb-ransomware-containment,0.68,146.5,FALSE,,,,,,,,0c2dfc4f-631a-4827-8346-6461286d1e6a,,2026-03-27T15:56:51.273070Z,,,,,,,,,,,
9019cbb3-ac97-4d3f-9231-9eb3e60a56ba,2026-03-27T15:56:36.115492+00:00,inference,playbook_selector,1.0.0,detection,DET-141697,cust-tekstream-001,0.577,pb-data-exfil-investigate,0.519,147.7,FALSE,,,,,,,,e554754a-810c-43d2-a181-fa6f14429adf,,2026-03-27T15:56:36.115433Z,,,,,,,,,,,
e891bd49-db08-4019-bf00-3c16d1d1a586,2026-03-27T15:56:35.472442+00:00,inference,playbook_selector,1.0.0,detection,DET-141696,cust-tekstream-001,0.567,pb-data-exfil-investigate,0.726,17,FALSE,,,,,,,,37d2bc81-f493-444d-9afe-195d4e538b65,,2026-03-27T15:56:35.472248Z,,,,,,,,,,,
03687407-03f6-4c90-8c65-0f74c8a87d6d,2026-03-27T15:55:36.215426+00:00,inference,playbook_selector,1.0.0,detection,DET-141691,cust-globex-003,0.872,pb-ransomware-containment,0.525,125.7,FALSE,,,,,,,,04d976df-ab30-4adf-9777-ba7bdf85f204,,2026-03-27T15:55:36.215372Z,,,,,,,,,,,
2843552a-5eca-4551-a092-988bd5b18e53,2026-03-27T15:55:06.766150+00:00,inference,playbook_selector,1.0.0,detection,DET-141687,cust-acme-corp-002,0.638,pb-ransomware-containment,0.529,79.6,FALSE,,,,,,,,117a4c2b-925f-4929-890e-b7d07e0f766c,,2026-03-27T15:55:06.766087Z,,,,,,,,,,,
3ce4cca8-6415-4867-a688-af225c352cdd,2026-03-27T15:55:05.622301+00:00,inference,playbook_selector,1.0.0,detection,DET-141684,cust-acme-corp-002,0.646,pb-brute-force-block,0.601,62,TRUE,,,,,,,,1af06789-bc3c-42d0-a90d-d511b12abb1c,,2026-03-27T15:55:05.622249Z,,,,,,,,,,,
980b8aa5-eb83-4158-b124-197dd210dbf1,2026-03-27T15:54:51.040453+00:00,inference,playbook_selector,1.0.0,detection,DET-141682,cust-tekstream-001,0.742,pb-lateral-movement,0.602,133.9,FALSE,,,,,,,,dca233f2-3c2f-4584-990f-f5ffeed1903f,,2026-03-27T15:54:51.040377Z,,,,,,,,,,,
dba52069-b244-48df-9cb1-a6ce2611fe78,2026-03-27T15:54:50.615381+00:00,inference,playbook_selector,1.0.0,detection,DET-141681,cust-globex-003,0.768,pb-brute-force-block,0.56,178.4,FALSE,,,,,,,,19318bea-4427-40ca-a57e-e7c2fd1187f7,,2026-03-27T15:54:50.615326Z,,,,,,,,,,,
21c2e627-bd8b-4cdd-9d8a-6964fdf3b088,2026-03-27T15:54:35.940062+00:00,inference,playbook_selector,1.0.0,detection,DET-141679,cust-tekstream-001,0.869,pb-lateral-movement,0.577,120.9,FALSE,,,,,,,,c4605baf-d244-451c-8fb4-c821a63c7fe2,,2026-03-27T15:54:35.940011Z,,,,,,,,,,,
db50240a-4b0a-4ea8-beec-828cad184aa0,2026-03-27T15:54:35.633035+00:00,inference,playbook_selector,1.0.0,detection,DET-141678,cust-tekstream-001,0.51,pb-lateral-movement,0.748,136.7,FALSE,,,,,,,,09b55bfe-5b95-4a70-9224-6a8bbf0e1d88,,2026-03-27T15:54:35.632986Z,,,,,,,,,,,
1df6bfaa-15c3-423a-a80c-625d68303887,2026-03-27T15:54:20.399204+00:00,inference,playbook_selector,1.0.0,detection,DET-141677,cust-globex-003,0.894,pb-ransomware-containment,0.832,106.8,FALSE,,,,,,,,e6a54c7f-1308-4f83-838c-2d1ff1a1a3f2,,2026-03-27T15:54:20.399151Z,,,,,,,,,,,
d317bc0d-34e9-4969-bc0f-e52714181ea6,2026-03-27T15:54:05.445428+00:00,inference,playbook_selector,1.0.0,detection,DET-141676,cust-globex-003,0.657,pb-ransomware-containment,0.521,129.5,FALSE,,,,,,,,95d93cc7-f6b0-4720-871e-353e29b159ff,,2026-03-27T15:54:05.445376Z,,,,,,,,,,,
d7561049-43c1-4608-b909-02de66d10a94,2026-03-27T15:53:51.244917+00:00,inference,playbook_selector,1.0.0,detection,DET-141675,cust-acme-corp-002,0.843,pb-malware-response,0.916,105.6,FALSE,,,,,,,,9c408f09-70d1-46b6-918e-7cec218736d2,,2026-03-27T15:53:51.244865Z,,,,,,,,,,,
f690efd8-7780-47de-a553-09d3f571cb56,2026-03-27T15:53:50.587704+00:00,inference,playbook_selector,1.0.0,detection,DET-141673,cust-tekstream-001,0.606,pb-phishing-triage,0.716,15.1,FALSE,,,,,,,,29a5a487-9040-44df-8405-cbf244545aa2,,2026-03-27T15:53:50.587641Z,,,,,,,,,,,
473cedfa-8005-4572-9671-a01108cb70fa,2026-03-27T15:53:35.793329+00:00,inference,playbook_selector,1.0.0,detection,DET-141672,cust-globex-003,0.526,pb-lateral-movement,0.652,164.5,FALSE,,,,,,,,ab641e91-6e27-47e4-ab89-78895b621784,,2026-03-27T15:53:35.793280Z,,,,,,,,,,,
2e9c3b5a-9298-47cc-a6a0-5c2ce5c5e06e,2026-03-27T15:53:35.432410+00:00,inference,playbook_selector,1.0.0,detection,DET-141671,cust-acme-corp-002,0.733,pb-ransomware-containment,0.928,76.5,FALSE,,,,,,,,38a74d6f-0a1f-4509-98bf-6956d6dffe9a,,2026-03-27T15:53:35.432239Z,,,,,,,,,,,
27513a0e-8c9a-42e4-97a2-0477ac413f27,2026-03-27T15:53:06.691746+00:00,inference,playbook_selector,1.0.0,detection,DET-141669,cust-acme-corp-002,0.716,pb-lateral-movement,0.905,187.2,FALSE,,,,,,,,0bfed84c-e954-42f8-ac39-e315c0cd250c,,2026-03-27T15:53:06.691694Z,,,,,,,,,,,
a29931b4-692e-4552-ac09-227aa569e52e,2026-03-27T15:53:06.104972+00:00,inference,playbook_selector,1.0.0,detection,DET-141668,cust-tekstream-001,0.89,pb-phishing-triage,0.509,81.3,TRUE,,,,,,,,32a44490-1e87-4d3e-8699-94c22a12e45d,,2026-03-27T15:53:06.104920Z,,,,,,,,,,,
1de43ba7-31d9-4a5e-8a22-7b6ad18b3d98,2026-03-27T15:53:05.574141+00:00,inference,playbook_selector,1.0.0,detection,DET-141666,cust-tekstream-001,0.712,pb-lateral-movement,0.786,29.5,TRUE,,,,,,,,a6cf9e5a-2f71-4320-9ef0-7ad137424a9b,,2026-03-27T15:53:05.574091Z,,,,,,,,,,,
60293505-2cee-4210-9c3b-d05688d2fe3f,2026-03-27T15:52:50.929325+00:00,inference,playbook_selector,1.0.0,detection,DET-141663,cust-globex-003,0.505,pb-malware-response,0.624,105.7,FALSE,,,,,,,,6a5ff579-4e27-4a83-a901-6065fb1e2c8f,,2026-03-27T15:52:50.929268Z,,,,,,,,,,,
d72226df-476c-45a9-81df-ac5199668fb4,2026-03-27T15:52:50.388288+00:00,inference,playbook_selector,1.0.0,detection,DET-141662,cust-acme-corp-002,0.55,pb-brute-force-block,0.942,56.8,TRUE,,,,,,,,429305bd-7dc5-4625-85d7-4cfdbf507bc2,,2026-03-27T15:52:50.388236Z,,,,,,,,,,,
0099a0b3-724c-4a9e-b9a6-9047f475b211,2026-03-27T15:52:36.881547+00:00,inference,playbook_selector,1.0.0,detection,DET-141661,cust-globex-003,0.712,pb-malware-response,0.878,182.1,FALSE,,,,,,,,f86309c7-e237-4ff8-b1c3-0cc722b27bec,,2026-03-27T15:52:36.881462Z,,,,,,,,,,,
37d96409-2cf4-44c6-b26a-b38ed7ddf53a,2026-03-27T15:52:36.243940+00:00,inference,playbook_selector,1.0.0,detection,DET-141659,cust-acme-corp-002,0.879,pb-brute-force-block,0.945,85,FALSE,,,,,,,,f2ea016c-79b7-4700-815c-e76fff3da23f,,2026-03-27T15:52:36.243887Z,,,,,,,,,,,
70ca5240-9052-48b5-9026-427349378486,2026-03-27T15:52:35.652450+00:00,inference,playbook_selector,1.0.0,detection,DET-141658,cust-acme-corp-002,0.769,pb-phishing-triage,0.717,167.3,FALSE,,,,,,,,8aa768b1-91c5-4350-b763-d7c8f09756f8,,2026-03-27T15:52:35.652270Z,,,,,,,,,,,
760887b1-168a-4ae9-91d2-549fe7ad0ac9,2026-03-27T15:52:20.942869+00:00,inference,playbook_selector,1.0.0,detection,DET-141657,cust-tekstream-001,0.549,pb-malware-response,0.528,170.5,FALSE,,,,,,,,bc33bbcb-a7a9-4ccd-9647-2f1e0b5ec0e8,,2026-03-27T15:52:20.942817Z,,,,,,,,,,,
e66beb10-d45f-44c1-9a7a-093eaa8d86bc,2026-03-27T15:52:06.137782+00:00,inference,playbook_selector,1.0.0,detection,DET-141653,cust-tekstream-001,0.732,pb-ransomware-containment,0.887,163.7,FALSE,,,,,,,,73bf240e-f639-4de3-b5a4-2186055238c2,,2026-03-27T15:52:06.137726Z,,,,,,,,,,,
d4aea3f2-a610-47d4-b43d-5bbc6fb56d79,2026-03-27T15:52:05.457922+00:00,inference,playbook_selector,1.0.0,detection,DET-141652,cust-acme-corp-002,0.946,pb-brute-force-block,0.69,158.2,FALSE,,,,,,,,54a7e27f-156f-4791-941b-dc96eb48e871,,2026-03-27T15:52:05.457869Z,,,,,,,,,,,
0370c054-c391-4742-a850-2b48c451eddb,2026-03-27T15:51:50.502057+00:00,inference,playbook_selector,1.0.0,detection,DET-141651,cust-tekstream-001,0.703,pb-lateral-movement,0.767,19.2,TRUE,,,,,,,,16dcc8a7-c0aa-4f2b-a67b-7f885c2e74f7,,2026-03-27T15:51:50.502004Z,,,,,,,,,,,
ebab3c95-6ac9-4588-9432-051a47d274b0,2026-03-27T15:51:20.714500+00:00,inference,playbook_selector,1.0.0,detection,DET-141648,cust-acme-corp-002,0.727,pb-brute-force-block,0.823,64,FALSE,,,,,,,,e38852af-1998-415d-85fa-05a8c95e7db0,,2026-03-27T15:51:20.714449Z,,,,,,,,,,,
d7dc0336-dab2-4254-a223-b5bb218906fa,2026-03-27T15:51:05.704201+00:00,inference,playbook_selector,1.0.0,detection,DET-141645,cust-globex-003,0.936,pb-malware-response,0.626,20.5,TRUE,,,,,,,,f1a4144a-13bd-4169-bdbd-637d6cdb3b19,,2026-03-27T15:51:05.704151Z,,,,,,,,,,,
ad7e2bd3-210b-408f-804c-5b91b1259d95,2026-03-27T15:50:50.884864+00:00,inference,playbook_selector,1.0.0,detection,DET-141643,cust-tekstream-001,0.806,pb-phishing-triage,0.781,189.4,TRUE,,,,,,,,4b0f66ed-54ed-4bca-b1a8-8eb70ebbb5a2,,2026-03-27T15:50:50.884806Z,,,,,,,,,,,
1bfc503f-3761-46dd-93be-6841f5328e00,2026-03-27T15:50:36.262947+00:00,inference,playbook_selector,1.0.0,detection,DET-141640,cust-tekstream-001,0.962,pb-lateral-movement,0.874,80.8,FALSE,,,,,,,,3603fd0f-71af-4698-a7ed-9415cad1048d,,2026-03-27T15:50:36.262896Z,,,,,,,,,,,
53d335a3-b4e3-40d1-831e-25ef20366b5f,2026-03-27T15:50:35.659680+00:00,inference,playbook_selector,1.0.0,detection,DET-141639,cust-acme-corp-002,0.902,pb-lateral-movement,0.583,124.8,FALSE,,,,,,,,0fdd008b-6eb0-4a75-839f-1995f1cfbfa6,,2026-03-27T15:50:35.659627Z,,,,,,,,,,,
b8b1cff5-440f-42bb-b4a0-7529c36d7272,2026-03-27T15:50:21.819823+00:00,inference,playbook_selector,1.0.0,detection,DET-141637,cust-tekstream-001,0.948,pb-ransomware-containment,0.828,108.8,FALSE,,,,,,,,37058ee0-50a8-440e-8c5b-b026dfad9851,,2026-03-27T15:50:21.819769Z,,,,,,,,,,,
6407d89c-6b80-42b2-8242-c8095c542d04,2026-03-27T15:50:21.467167+00:00,inference,playbook_selector,1.0.0,detection,DET-141636,cust-globex-003,0.978,pb-data-exfil-investigate,0.826,163.6,FALSE,,,,,,,,7131ff3f-3488-4b0c-9d0a-2d9ad42f212e,,2026-03-27T15:50:21.467114Z,,,,,,,,,,,
c312e0ab-8910-4e10-86e2-a79b37b2ffd2,2026-03-27T15:50:20.849782+00:00,inference,playbook_selector,1.0.0,detection,DET-141635,cust-globex-003,0.542,pb-lateral-movement,0.95,124.8,FALSE,,,,,,,,9cd8c428-3656-4f55-8740-dbbd5d1b6951,,2026-03-27T15:50:20.849730Z,,,,,,,,,,,
f1b0dbfb-403f-4906-a419-fdcd312e19d0,2026-03-27T15:50:20.367799+00:00,inference,playbook_selector,1.0.0,detection,DET-141634,cust-tekstream-001,0.837,pb-malware-response,0.854,127.7,FALSE,,,,,,,,df88137c-bf0d-4231-9f8f-8fcc919b42c2,,2026-03-27T15:50:20.367748Z,,,,,,,,,,,
7a0449ac-f92f-4f84-88a8-46c51f23f108,2026-03-27T15:50:06.206166+00:00,inference,playbook_selector,1.0.0,detection,DET-141633,cust-acme-corp-002,0.818,pb-data-exfil-investigate,0.563,115.2,FALSE,,,,,,,,c2b0a78b-3f6f-4a0d-b3b5-15451371a88f,,2026-03-27T15:50:06.206112Z,,,,,,,,,,,
8937e3d7-55d4-4793-a31d-71e9aab153f0,2026-03-27T15:49:50.639998+00:00,inference,playbook_selector,1.0.0,detection,DET-141630,cust-acme-corp-002,0.755,pb-lateral-movement,0.917,50.1,FALSE,,,,,,,,b5034ec1-ffeb-4288-b954-f5d5a8c8c485,,2026-03-27T15:49:50.639947Z,,,,,,,,,,,
b6c2abe7-e016-416f-a2fc-0addd6b8fb72,2026-03-27T15:49:35.664071+00:00,inference,playbook_selector,1.0.0,detection,DET-141627,cust-tekstream-001,0.926,pb-malware-response,0.807,166.2,TRUE,,,,,,,,db509480-8721-4eb4-a963-da5bd957c342,,2026-03-27T15:49:35.664007Z,,,,,,,,,,,
c85f4d41-32b0-4aac-b9f7-7dfbd12f390d,2026-03-27T15:49:20.483310+00:00,inference,playbook_selector,1.0.0,detection,DET-141626,cust-acme-corp-002,0.58,pb-phishing-triage,0.828,73.5,FALSE,,,,,,,,d48e90bf-ec85-4027-81bf-3707ec8e84c0,,2026-03-27T15:49:20.483259Z,,,,,,,,,,,
eb3bfc5d-af3f-402a-a6cc-8dcf7e747ad7,2026-03-27T15:49:05.346195+00:00,inference,playbook_selector,1.0.0,detection,DET-141624,cust-acme-corp-002,0.754,pb-brute-force-block,0.812,168.9,FALSE,,,,,,,,780045b3-e52a-4bcb-8c61-63f189aceb32,,2026-03-27T15:49:05.346145Z,,,,,,,,,,,
e05e9278-cf5b-4905-b037-6f5b5b88d578,2026-03-27T15:48:51.161450+00:00,inference,playbook_selector,1.0.0,detection,DET-141623,cust-acme-corp-002,0.667,pb-brute-force-block,0.872,154.3,FALSE,,,,,,,,131d7500-5667-4c5d-864f-5219f054921c,,2026-03-27T15:48:51.161399Z,,,,,,,,,,,
7468e2f1-1450-4729-9ec0-9e0130b07f5f,2026-03-27T15:48:50.343392+00:00,inference,playbook_selector,1.0.0,detection,DET-141621,cust-globex-003,0.868,pb-data-exfil-investigate,0.792,173.7,FALSE,,,,,,,,53b1776b-f92c-44fe-a7b2-172ab30ba943,,2026-03-27T15:48:50.343341Z,,,,,,,,,,,
49f52a1a-1a8a-496f-9b71-49a6ae1e3f7f,2026-03-27T15:48:36.613844+00:00,inference,playbook_selector,1.0.0,detection,DET-141620,cust-acme-corp-002,0.609,pb-lateral-movement,0.775,58.2,FALSE,,,,,,,,6aa0a5d8-712a-4962-b57b-f556c9e7be35,,2026-03-27T15:48:36.613794Z,,,,,,,,,,,
532e528d-d9be-4a25-b783-e368fc3c411b,2026-03-27T15:48:35.949752+00:00,inference,playbook_selector,1.0.0,detection,DET-141618,cust-acme-corp-002,0.886,pb-data-exfil-investigate,0.82,124.8,FALSE,,,,,,,,427ceae0-43a0-4a44-9a06-fa2aa463dcb8,,2026-03-27T15:48:35.949688Z,,,,,,,,,,,
e74198a7-a707-41e7-b0e4-d81ed5300e5c,2026-03-27T15:48:21.300203+00:00,inference,playbook_selector,1.0.0,detection,DET-141616,cust-tekstream-001,0.956,pb-data-exfil-investigate,0.947,75.8,FALSE,,,,,,,,f5b1889f-75c5-4aac-bdfa-44a5d97adec7,,2026-03-27T15:48:21.300152Z,,,,,,,,,,,
f026f5e1-b68c-48bd-a9ad-282e2db117f4,2026-03-27T15:48:20.952998+00:00,inference,playbook_selector,1.0.0,detection,DET-141615,cust-acme-corp-002,0.553,pb-malware-response,0.807,172.4,FALSE,,,,,,,,31525abd-d607-4ceb-87ca-f7a86fbc2167,,2026-03-27T15:48:20.952947Z,,,,,,,,,,,
295467ad-b399-44cb-ade5-019f74bcbf21,2026-03-27T15:48:20.408721+00:00,inference,playbook_selector,1.0.0,detection,DET-141614,cust-acme-corp-002,0.885,pb-lateral-movement,0.619,18.8,FALSE,,,,,,,,3e3e5579-f7eb-4dfa-9f2e-2064e2afefbb,,2026-03-27T15:48:20.408669Z,,,,,,,,,,,
1dccb6ca-4ced-40a4-b1d7-cfd2cf4658d1,2026-03-27T15:48:06.018585+00:00,inference,playbook_selector,1.0.0,detection,DET-141613,cust-tekstream-001,0.928,pb-malware-response,0.918,65.7,FALSE,,,,,,,,1c4bb1aa-f1e9-47af-9d5a-728f08fdc4be,,2026-03-27T15:48:06.018533Z,,,,,,,,,,,
eb1fed6d-78ea-4cf8-a4f6-b3d764c6e4ed,2026-03-27T15:48:05.610641+00:00,inference,playbook_selector,1.0.0,detection,DET-141612,cust-globex-003,0.632,pb-data-exfil-investigate,0.872,96,FALSE,,,,,,,,f6b90804-675d-4ccd-86f9-18c011656f08,,2026-03-27T15:48:05.610587Z,,,,,,,,,,,
ba14c731-6edc-46e2-bbd4-45ac341c0e44,2026-03-27T15:47:35.487548+00:00,inference,playbook_selector,1.0.0,detection,DET-141609,cust-globex-003,0.542,pb-lateral-movement,0.722,59.7,FALSE,,,,,,,,4860c9a0-fd3c-491c-a66f-3cbcba2dd092,,2026-03-27T15:47:35.487498Z,,,,,,,,,,,
8f40cf8d-b26c-4ea9-842e-9d63707a5157,2026-03-27T15:47:05.633614+00:00,inference,playbook_selector,1.0.0,detection,DET-141606,cust-acme-corp-002,0.824,pb-malware-response,0.654,192.2,TRUE,,,,,,,,1ed0a12a-d89e-44de-b291-7cd4a1cdefbb,,2026-03-27T15:47:05.633562Z,,,,,,,,,,,
ea148639-fe0b-49c3-af5b-71b41e6e8180,2026-03-27T15:46:51.435208+00:00,inference,playbook_selector,1.0.0,detection,DET-141604,cust-acme-corp-002,0.539,pb-lateral-movement,0.956,18,TRUE,,,,,,,,250f4a2b-c1ca-4d42-a0aa-bc9ebc061ad9,,2026-03-27T15:46:51.435159Z,,,,,,,,,,,
6690ffe0-06a0-41f6-9e66-5ff3d523b0d4,2026-03-27T15:46:50.914841+00:00,inference,playbook_selector,1.0.0,detection,DET-141603,cust-tekstream-001,0.807,pb-ransomware-containment,0.715,69.8,FALSE,,,,,,,,bfd4445c-a7da-4938-b622-5d9f039d7603,,2026-03-27T15:46:50.914788Z,,,,,,,,,,,
825cb992-b44e-4ec4-a78d-6045e3c5c337,2026-03-27T15:46:50.337378+00:00,inference,playbook_selector,1.0.0,detection,DET-141602,cust-globex-003,0.732,pb-brute-force-block,0.733,126.5,FALSE,,,,,,,,4f1ed13a-854f-4ded-af7d-0011c5c59ad3,,2026-03-27T15:46:50.337326Z,,,,,,,,,,,
10c7514f-6af1-46a2-87d3-05675c73a28c,2026-03-27T15:46:36.685998+00:00,inference,playbook_selector,1.0.0,detection,DET-141601,cust-tekstream-001,0.508,pb-malware-response,0.609,105.3,FALSE,,,,,,,,51cce267-0af1-4b5a-a2ec-da1b706776df,,2026-03-27T15:46:36.685943Z,,,,,,,,,,,
7b92cf0f-daa3-4017-a529-9438d5f08e6b,2026-03-27T15:46:36.186736+00:00,inference,playbook_selector,1.0.0,detection,DET-141600,cust-tekstream-001,0.711,pb-data-exfil-investigate,0.861,181.1,FALSE,,,,,,,,4d8e1bd1-f72b-4962-ac32-1a90b1c69802,,2026-03-27T15:46:36.186685Z,,,,,,,,,,,
fb013ee6-0f9e-476b-aa6b-daa157571fa6,2026-03-27T15:46:35.249127+00:00,inference,playbook_selector,1.0.0,detection,DET-141598,cust-tekstream-001,0.757,pb-lateral-movement,0.572,8.6,FALSE,,,,,,,,646d53af-63be-4b1d-bb72-ba6d042915a5,,2026-03-27T15:46:35.249073Z,,,,,,,,,,,
3d343d9d-bcb0-429e-9096-cf625381cc8d,2026-03-27T15:46:06.454570+00:00,inference,playbook_selector,1.0.0,detection,DET-141594,cust-acme-corp-002,0.639,pb-data-exfil-investigate,0.697,81.5,FALSE,,,,,,,,86c84f67-7f73-4673-9681-758f551fd60b,,2026-03-27T15:46:06.454508Z,,,,,,,,,,,
0321a220-b28b-47ff-95cf-f657be73a09a,2026-03-27T15:46:06.122765+00:00,inference,playbook_selector,1.0.0,detection,DET-141593,cust-globex-003,0.826,pb-phishing-triage,0.927,73,FALSE,,,,,,,,7b9af35f-a99c-4e60-b74e-3898f449751b,,2026-03-27T15:46:06.122713Z,,,,,,,,,,,
5f446056-94ce-49b2-b5a0-c29d48b66f29,2026-03-27T15:45:51.740756+00:00,inference,playbook_selector,1.0.0,detection,DET-141590,cust-acme-corp-002,0.56,pb-brute-force-block,0.75,79.7,FALSE,,,,,,,,d4f73c8a-5527-472f-af94-ff1eaa097c15,,2026-03-27T15:45:51.740702Z,,,,,,,,,,,
7dbd4758-85f8-43ae-aced-d154d6671630,2026-03-27T15:45:50.967775+00:00,inference,playbook_selector,1.0.0,detection,DET-141589,cust-globex-003,0.716,pb-data-exfil-investigate,0.945,111.2,FALSE,,,,,,,,1a1d7011-6fbd-485f-b186-9986955dde66,,2026-03-27T15:45:50.967704Z,,,,,,,,,,,
6bb63966-9845-495c-aaa2-4240d1f98d28,2026-03-27T15:45:50.451963+00:00,inference,playbook_selector,1.0.0,detection,DET-141588,cust-acme-corp-002,0.712,pb-brute-force-block,0.512,57.5,FALSE,,,,,,,,91d9d8f4-6645-49e0-a3ad-ae04cfc4e56c,,2026-03-27T15:45:50.451911Z,,,,,,,,,,,
5624e14e-d40b-4b80-b46a-6f0971709671,2026-03-27T15:45:20.480829+00:00,inference,playbook_selector,1.0.0,detection,DET-141586,cust-tekstream-001,0.606,pb-data-exfil-investigate,0.657,80,FALSE,,,,,,,,a0e2d380-21e7-4040-ad3e-e38cef02d44a,,2026-03-27T15:45:20.480777Z,,,,,,,,,,,
ffd60428-662b-4acb-bc5d-f7644b6036fd,2026-03-27T15:45:06.575252+00:00,inference,playbook_selector,1.0.0,detection,DET-141585,cust-tekstream-001,0.751,pb-malware-response,0.614,44,FALSE,,,,,,,,e909917f-e914-493d-8709-98c1d5d79293,,2026-03-27T15:45:06.575202Z,,,,,,,,,,,
a4c114db-1c18-4a7a-a0a9-576ef3ffadae,2026-03-27T15:45:05.975035+00:00,inference,playbook_selector,1.0.0,detection,DET-141584,cust-globex-003,0.817,pb-ransomware-containment,0.855,6.9,FALSE,,,,,,,,174ceb44-1b57-467e-97f1-5e97d5673352,,2026-03-27T15:45:05.974986Z,,,,,,,,,,,
821f3870-a3cd-4abd-858a-00754b21de43,2026-03-27T15:45:05.771050+00:00,inference,playbook_selector,1.0.0,detection,DET-141583,cust-acme-corp-002,0.842,pb-phishing-triage,0.789,181.5,FALSE,,,,,,,,795760b9-79d4-44ba-b517-b43c2450689b,,2026-03-27T15:45:05.770998Z,,,,,,,,,,,
5356a0a4-7dbe-494c-9fed-482c913de31b,2026-03-27T15:44:51.582464+00:00,inference,playbook_selector,1.0.0,detection,DET-141581,cust-acme-corp-002,0.613,pb-ransomware-containment,0.833,91.9,FALSE,,,,,,,,7cad3e68-ddc6-4602-a984-540d29b8afc9,,2026-03-27T15:44:51.582413Z,,,,,,,,,,,
2b232483-2743-4a9c-8f3c-7fe29702e819,2026-03-27T15:44:51.091746+00:00,inference,playbook_selector,1.0.0,detection,DET-141580,cust-tekstream-001,0.731,pb-lateral-movement,0.775,63,FALSE,,,,,,,,28a40544-08da-4915-89b1-a55745fc91dc,,2026-03-27T15:44:51.091693Z,,,,,,,,,,,
f27c4fdc-1f79-4bdf-ad85-fb692b693c4e,2026-03-27T15:44:35.914018+00:00,inference,playbook_selector,1.0.0,detection,DET-141577,cust-globex-003,0.566,pb-brute-force-block,0.625,151.7,FALSE,,,,,,,,3f9eb0e4-b9a8-44a6-a959-62e23da44bb2,,2026-03-27T15:44:35.913968Z,,,,,,,,,,,
af382de4-fc61-466c-b34b-fea6f010adde,2026-03-27T15:44:35.498913+00:00,inference,playbook_selector,1.0.0,detection,DET-141576,cust-globex-003,0.602,pb-phishing-triage,0.815,126.6,FALSE,,,,,,,,1c9a3184-81a7-41d4-af9c-fb57d7bf4ea9,,2026-03-27T15:44:35.498851Z,,,,,,,,,,,
1ec4c0c0-3fb7-48fa-8076-c3bd38a358b8,2026-03-27T15:44:20.853693+00:00,inference,playbook_selector,1.0.0,detection,DET-141575,cust-tekstream-001,0.541,pb-ransomware-containment,0.82,85.7,FALSE,,,,,,,,fd9b6a1f-ad4e-4f60-b9a5-c63dd535117d,,2026-03-27T15:44:20.853642Z,,,,,,,,,,,
9c833583-ffcc-48ab-8cdd-91068a6c6a52,2026-03-27T15:44:20.272280+00:00,inference,playbook_selector,1.0.0,detection,DET-141574,cust-globex-003,0.662,pb-brute-force-block,0.848,183.8,FALSE,,,,,,,,89d25f16-3e05-4641-8bc5-2577251dd281,,2026-03-27T15:44:20.272228Z,,,,,,,,,,,
8652a966-ac07-4434-8268-004ad882772a,2026-03-27T15:44:05.361893+00:00,inference,playbook_selector,1.0.0,detection,DET-141573,cust-tekstream-001,0.607,pb-ransomware-containment,0.519,36.6,FALSE,,,,,,,,4b50fda8-1c0f-4eb3-8409-a39ed747e1f0,,2026-03-27T15:44:05.361840Z,,,,,,,,,,,
4786890f-6f70-442b-ae39-373002ad0bdd,2026-03-27T15:43:36.634007+00:00,inference,playbook_selector,1.0.0,detection,DET-141570,cust-acme-corp-002,0.745,pb-malware-response,0.661,109,FALSE,,,,,,,,134a7da3-ba76-45ce-a8a4-003a4c37c627,,2026-03-27T15:43:36.633956Z,,,,,,,,,,,
e4255033-ff9a-49bf-bbf5-e899a97570eb,2026-03-27T15:43:35.490190+00:00,inference,playbook_selector,1.0.0,detection,DET-141567,cust-globex-003,0.568,pb-phishing-triage,0.611,49.6,FALSE,,,,,,,,df4d2ea1-b048-40ee-a57d-824da8a972b2,,2026-03-27T15:43:35.490137Z,,,,,,,,,,,
98e4b8ee-d433-4fbe-b826-3227f0f13894,2026-03-27T15:43:21.321080+00:00,inference,playbook_selector,1.0.0,detection,DET-141566,cust-acme-corp-002,0.713,pb-malware-response,0.586,6.1,FALSE,,,,,,,,1c7385cc-0c8a-4cda-a617-fea73f46700d,,2026-03-27T15:43:21.321028Z,,,,,,,,,,,
8d55c136-2095-4ba9-bd42-9121276581b7,2026-03-27T15:43:20.721782+00:00,inference,playbook_selector,1.0.0,detection,DET-141565,cust-globex-003,0.783,pb-data-exfil-investigate,0.974,83.4,FALSE,,,,,,,,fa09b761-639b-460d-90cc-471b8afec289,,2026-03-27T15:43:20.721731Z,,,,,,,,,,,
de10842c-2021-4042-9bcd-7fb7805b9982,2026-03-27T15:43:20.274746+00:00,inference,playbook_selector,1.0.0,detection,DET-141564,cust-globex-003,0.58,pb-ransomware-containment,0.893,55.3,FALSE,,,,,,,,f9b478ca-73c7-46a1-82b5-e3a87b9225c6,,2026-03-27T15:43:20.274692Z,,,,,,,,,,,
7df1e480-f701-482b-8be6-2213ca3d2bce,2026-03-27T15:42:51.294618+00:00,inference,playbook_selector,1.0.0,detection,DET-141562,cust-globex-003,0.556,pb-data-exfil-investigate,0.519,80.2,FALSE,,,,,,,,9b7aa814-46b2-4edb-b1d8-abcb632076be,,2026-03-27T15:42:51.294568Z,,,,,,,,,,,
03247d5a-5c5d-4206-9300-bd5608c0244c,2026-03-27T15:42:51.087532+00:00,inference,playbook_selector,1.0.0,detection,DET-141561,cust-acme-corp-002,0.765,pb-malware-response,0.544,119.3,FALSE,,,,,,,,f5da8389-a1c5-4714-bfac-f22ad82298a2,,2026-03-27T15:42:51.087482Z,,,,,,,,,,,
578433ba-672b-419e-8ea9-b994f6052c9c,2026-03-27T15:42:50.462512+00:00,inference,playbook_selector,1.0.0,detection,DET-141560,cust-acme-corp-002,0.544,pb-ransomware-containment,0.778,130,FALSE,,,,,,,,2b59cf3e-166e-4942-95bb-349b71c72c58,,2026-03-27T15:42:50.462461Z,,,,,,,,,,,
cec6906a-b017-4ab8-a06c-a1fd8193c91a,2026-03-27T15:42:36.296933+00:00,inference,playbook_selector,1.0.0,detection,DET-141558,cust-acme-corp-002,0.808,pb-data-exfil-investigate,0.948,134.5,FALSE,,,,,,,,a8995257-9a22-447b-9d37-4359bcabb76e,,2026-03-27T15:42:36.296881Z,,,,,,,,,,,
e693d754-8a32-4ba6-b80a-3dccfd0ec950,2026-03-27T15:42:35.654980+00:00,inference,playbook_selector,1.0.0,detection,DET-141556,cust-globex-003,0.535,pb-ransomware-containment,0.662,13.5,TRUE,,,,,,,,509bc316-0001-4498-b2d9-6073426776f8,,2026-03-27T15:42:35.654929Z,,,,,,,,,,,
360a9f2e-f632-455b-b852-c628e0a54555,2026-03-27T15:42:20.878518+00:00,inference,playbook_selector,1.0.0,detection,DET-141554,cust-tekstream-001,0.866,pb-brute-force-block,0.565,196.3,FALSE,,,,,,,,7813dc47-6a5c-4ecd-a7c3-b6c90b739f14,,2026-03-27T15:42:20.878467Z,,,,,,,,,,,
68c83e54-1252-4c91-ba12-db5383af5cc5,2026-03-27T15:42:20.231907+00:00,inference,playbook_selector,1.0.0,detection,DET-141553,cust-globex-003,0.816,pb-data-exfil-investigate,0.582,49,FALSE,,,,,,,,267e5a53-322e-4598-86ac-41d75b4c1ffa,,2026-03-27T15:42:20.231854Z,,,,,,,,,,,
b0897e76-86d1-40ab-a305-7d28e179db59,2026-03-27T15:42:05.591989+00:00,inference,playbook_selector,1.0.0,detection,DET-141550,cust-tekstream-001,0.828,pb-lateral-movement,0.881,104,FALSE,,,,,,,,3ca32a33-3911-4284-8a20-3faf842aa14f,,2026-03-27T15:42:05.591938Z,,,,,,,,,,,
b7c8cfb8-6750-429c-81bc-19346b016be6,2026-03-27T15:41:50.335191+00:00,inference,playbook_selector,1.0.0,detection,DET-141545,cust-globex-003,0.83,pb-ransomware-containment,0.722,54.1,FALSE,,,,,,,,c5f92c47-cb5a-4890-8baf-ad7a70e5df34,,2026-03-27T15:41:50.335139Z,,,,,,,,,,,
96d6c144-c7ce-4637-a5f8-f5b2d1a9b333,2026-03-27T15:41:35.338396+00:00,inference,playbook_selector,1.0.0,detection,DET-141544,cust-globex-003,0.751,pb-brute-force-block,0.779,19.6,FALSE,,,,,,,,0d85ca6b-fb55-409c-950b-1051bf57cac7,,2026-03-27T15:41:35.338343Z,,,,,,,,,,,
e0b7638f-94cd-435a-a7d1-bf1cb496acd1,2026-03-27T15:41:21.129582+00:00,inference,playbook_selector,1.0.0,detection,DET-141543,cust-tekstream-001,0.874,pb-ransomware-containment,0.92,50.1,FALSE,,,,,,,,d56f1605-919a-471e-81df-ab21f9379a1a,,2026-03-27T15:41:21.129486Z,,,,,,,,,,,
bce37a15-ca45-4164-821f-acffb1221ee9,2026-03-27T15:40:50.680184+00:00,inference,playbook_selector,1.0.0,detection,DET-141537,cust-globex-003,0.673,pb-ransomware-containment,0.884,160.9,FALSE,,,,,,,,154ba1cc-110e-408b-87c2-13473b725f67,,2026-03-27T15:40:50.680119Z,,,,,,,,,,,
3e7cd559-7924-4458-905c-93fa43d1e8ba,2026-03-27T15:40:35.648185+00:00,inference,playbook_selector,1.0.0,detection,DET-141535,cust-acme-corp-002,0.533,pb-lateral-movement,0.866,115.9,FALSE,,,,,,,,79ead50c-17c2-48e2-ab52-1791fcb80732,,2026-03-27T15:40:35.648136Z,,,,,,,,,,,
8e935d29-8435-4e8a-abd4-13972e53eb2b,2026-03-27T15:40:20.410238+00:00,inference,playbook_selector,1.0.0,detection,DET-141533,cust-globex-003,0.668,pb-malware-response,0.502,150.9,FALSE,,,,,,,,2bbd007c-2be6-41f8-8445-61ba439020c3,,2026-03-27T15:40:20.410188Z,,,,,,,,,,,
5ba5ea40-866f-4c6a-8fb0-4d090a886511,2026-03-27T15:40:05.774490+00:00,inference,playbook_selector,1.0.0,detection,DET-141532,cust-tekstream-001,0.63,pb-brute-force-block,0.974,168.1,TRUE,,,,,,,,10d188f2-18d7-4d20-9b45-49d37067e65a,,2026-03-27T15:40:05.774437Z,,,,,,,,,,,
9ad666dd-524f-4fb3-8ce0-e4aaf50b8a7d,2026-03-27T15:39:51.744855+00:00,inference,playbook_selector,1.0.0,detection,DET-141530,cust-acme-corp-002,0.613,pb-ransomware-containment,0.697,36.4,TRUE,,,,,,,,c875cb6c-da89-4124-928d-470a433e4769,,2026-03-27T15:39:51.744805Z,,,,,,,,,,,
a2d119fa-0cc9-4858-a1ce-b0e5d95884f6,2026-03-27T15:39:50.726093+00:00,inference,playbook_selector,1.0.0,detection,DET-141528,cust-globex-003,0.843,pb-data-exfil-investigate,0.598,84.2,FALSE,,,,,,,,c3907037-caa4-4293-9e6d-8f033f5d1f34,,2026-03-27T15:39:50.726041Z,,,,,,,,,,,
1dde5c4f-11e0-4b53-8fd4-8ea67e0e9ed8,2026-03-27T15:39:36.490867+00:00,inference,playbook_selector,1.0.0,detection,DET-141525,cust-acme-corp-002,0.618,pb-phishing-triage,0.83,192.8,FALSE,,,,,,,,59096ed3-ee4e-4b4f-8c75-c7cc9ada3526,,2026-03-27T15:39:36.490815Z,,,,,,,,,,,
9568bb4f-f5d3-4d60-995e-6d95ca7dd1cd,2026-03-27T15:39:35.448062+00:00,inference,playbook_selector,1.0.0,detection,DET-141523,cust-globex-003,0.841,pb-lateral-movement,0.658,123.5,FALSE,,,,,,,,f3f5e0f7-a6ce-40cd-a908-803cef744723,,2026-03-27T15:39:35.448012Z,,,,,,,,,,,
28ae7147-b3cc-4e38-be40-64ce0c6073c4,2026-03-27T15:39:20.904009+00:00,inference,playbook_selector,1.0.0,detection,DET-141522,cust-acme-corp-002,0.933,pb-ransomware-containment,0.554,60.2,FALSE,,,,,,,,359dbf0c-8906-428e-8a23-b328fd63d229,,2026-03-27T15:39:20.903958Z,,,,,,,,,,,
0db427dd-f9dc-4ac2-9b00-24fe4d0a196c,2026-03-27T15:39:20.451060+00:00,inference,playbook_selector,1.0.0,detection,DET-141521,cust-tekstream-001,0.93,pb-phishing-triage,0.977,9.9,FALSE,,,,,,,,e320a9a2-f29e-4c0e-b93e-863308629af1,,2026-03-27T15:39:20.451008Z,,,,,,,,,,,
d6a6f6a3-d783-4d79-8bf2-b8f9bb90f595,2026-03-27T15:39:08.067280+00:00,inference,playbook_selector,1.0.0,detection,DET-141520,cust-tekstream-001,0.757,pb-phishing-triage,0.611,156.9,FALSE,,,,,,,,b7443f48-954b-4f1b-9dc3-3b4619502a31,,2026-03-27T15:39:08.067228Z,,,,,,,,,,,
5770c9bd-9af2-4e33-aa59-9b2670023fb9,2026-03-27T15:39:07.529218+00:00,inference,playbook_selector,1.0.0,detection,DET-141519,cust-acme-corp-002,0.736,pb-data-exfil-investigate,0.798,90.3,FALSE,,,,,,,,070439ad-b8bb-40c0-8648-d0b95d8ca7c7,,2026-03-27T15:39:07.529168Z,,,,,,,,,,,
d7f8ddb2-80f8-4260-be07-97310fb5c363,2026-03-27T15:39:06.118498+00:00,inference,playbook_selector,1.0.0,detection,DET-141518,cust-tekstream-001,0.551,pb-ransomware-containment,0.735,111.2,FALSE,,,,,,,,9a490f2d-b002-47b0-a234-680b9bfc2d0c,,2026-03-27T15:39:06.118446Z,,,,,,,,,,,
b6013f6b-7250-41c1-b0a1-b9a4a9c1130d,2026-03-27T15:39:05.481462+00:00,inference,playbook_selector,1.0.0,detection,DET-141517,cust-tekstream-001,0.972,pb-lateral-movement,0.681,91.1,TRUE,,,,,,,,cd2d70d8-e4c1-475f-93dd-3f49adaed891,,2026-03-27T15:39:05.481407Z,,,,,,,,,,,
a4c097a7-e5b5-40f1-8c9f-1b4660a05b1a,2026-03-27T15:38:36.026906+00:00,inference,playbook_selector,1.0.0,detection,DET-141514,cust-globex-003,0.848,pb-phishing-triage,0.651,162.2,TRUE,,,,,,,,989c776c-e2a4-43ff-8e3a-ae283884cad3,,2026-03-27T15:38:36.026854Z,,,,,,,,,,,
faa6065d-966b-4395-9b20-fbb0b35d831a,2026-03-27T15:38:21.551564+00:00,inference,playbook_selector,1.0.0,detection,DET-141511,cust-acme-corp-002,0.706,pb-data-exfil-investigate,0.525,13.4,FALSE,,,,,,,,3974e868-2220-46ac-a80b-7d3c041fd52c,,2026-03-27T15:38:21.551511Z,,,,,,,,,,,
00740fec-8451-47cd-adc0-c384eb3e4907,2026-03-27T15:38:21.267687+00:00,inference,playbook_selector,1.0.0,detection,DET-141510,cust-globex-003,0.932,pb-phishing-triage,0.856,30.6,FALSE,,,,,,,,b9103d8a-3dba-455d-ae50-341fbbb631a5,,2026-03-27T15:38:21.267617Z,,,,,,,,,,,
3e98278d-02ea-4fde-a3d5-823204fe750a,2026-03-27T15:38:20.548396+00:00,inference,playbook_selector,1.0.0,detection,DET-141509,cust-globex-003,0.874,pb-brute-force-block,0.712,136.8,FALSE,,,,,,,,5afd66c9-f6cc-4298-959d-9560215bd491,,2026-03-27T15:38:20.548247Z,,,,,,,,,,,
fad76e01-19a2-4a2e-9a0f-e948cd78e3d0,2026-03-27T15:38:06.197706+00:00,inference,playbook_selector,1.0.0,detection,DET-141507,cust-tekstream-001,0.65,pb-data-exfil-investigate,0.697,85.9,FALSE,,,,,,,,6b4d1629-1196-4a3d-828c-614a8d238efc,,2026-03-27T15:38:06.197653Z,,,,,,,,,,,
eb0aef9a-475c-495a-9bd8-3c85efc0563d,2026-03-27T15:38:05.285229+00:00,inference,playbook_selector,1.0.0,detection,DET-141505,cust-acme-corp-002,0.715,pb-data-exfil-investigate,0.985,122.8,FALSE,,,,,,,,b30d5373-fef0-4737-bd83-690d61520146,,2026-03-27T15:38:05.285178Z,,,,,,,,,,,
3b0b47fe-3a8e-4d3a-b249-1948897716b5,2026-03-27T15:37:50.551783+00:00,inference,playbook_selector,1.0.0,detection,DET-141504,cust-globex-003,0.598,pb-phishing-triage,0.527,149.9,FALSE,,,,,,,,a695bd47-9138-42e7-bdca-87293d6b21c7,,2026-03-27T15:37:50.551732Z,,,,,,,,,,,
739259b2-67cd-485f-9861-cf2a08ecde87,2026-03-27T15:37:36.154632+00:00,inference,playbook_selector,1.0.0,detection,DET-141503,cust-globex-003,0.63,pb-phishing-triage,0.836,163.7,TRUE,,,,,,,,6cb4dded-110c-405b-8686-063397865fa0,,2026-03-27T15:37:36.154580Z,,,,,,,,,,,
4b49b815-9887-49fc-9103-c641f59aecb8,2026-03-27T15:37:35.893044+00:00,inference,playbook_selector,1.0.0,detection,DET-141502,cust-tekstream-001,0.919,pb-ransomware-containment,0.954,106.2,FALSE,,,,,,,,2a6aa14f-2719-416a-aa73-2cce7cd4c47f,,2026-03-27T15:37:35.892994Z,,,,,,,,,,,
6ef52fec-4b55-4604-abb7-26066ccd0ad8,2026-03-27T15:37:35.505700+00:00,inference,playbook_selector,1.0.0,detection,DET-141501,cust-tekstream-001,0.517,pb-brute-force-block,0.851,123.9,FALSE,,,,,,,,c2a9c34e-1b9f-4af0-9925-c51848d54e88,,2026-03-27T15:37:35.505647Z,,,,,,,,,,,
4d68b6ae-4014-42f0-a594-51c27bbe4fe6,2026-03-27T15:37:20.426400+00:00,inference,playbook_selector,1.0.0,detection,DET-141500,cust-acme-corp-002,0.719,pb-phishing-triage,0.521,119.7,FALSE,,,,,,,,747e03e1-72e6-43c6-bad1-0fed93f3592d,,2026-03-27T15:37:20.426350Z,,,,,,,,,,,
301dc66b-d8a9-4697-8609-92bbefb4edfe,2026-03-27T15:37:06.427626+00:00,inference,playbook_selector,1.0.0,detection,DET-141499,cust-globex-003,0.725,pb-lateral-movement,0.661,6.1,FALSE,,,,,,,,ecbf0928-15e2-4281-bb5f-4b3241b9af3c,,2026-03-27T15:37:06.427572Z,,,,,,,,,,,
1f259fff-1362-4852-9f70-4c3ea82ae898,2026-03-27T15:37:05.923239+00:00,inference,playbook_selector,1.0.0,detection,DET-141498,cust-tekstream-001,0.671,pb-malware-response,0.638,25,TRUE,,,,,,,,856fbb6e-efdf-47ca-a388-91d9f1aa5f1b,,2026-03-27T15:37:05.923188Z,,,,,,,,,,,
5b73bd54-5be2-4106-b4c9-b6903dae76de,2026-03-27T15:36:50.922722+00:00,inference,playbook_selector,1.0.0,detection,DET-141496,cust-tekstream-001,0.866,pb-brute-force-block,0.525,72.5,FALSE,,,,,,,,a49f470b-eb7e-478c-b85f-ec2233ccd1db,,2026-03-27T15:36:50.922655Z,,,,,,,,,,,
ff06a226-936d-4875-a6f1-c6b08627e87c,2026-03-27T15:36:06.393536+00:00,inference,playbook_selector,1.0.0,detection,DET-141488,cust-acme-corp-002,0.826,pb-brute-force-block,0.815,145.6,FALSE,,,,,,,,2611f176-2f57-4775-9e3a-7206d94d547e,,2026-03-27T15:36:06.393455Z,,,,,,,,,,,
78c36e85-5581-4df2-a0da-fe89bbf9d8ef,2026-03-27T15:36:05.799920+00:00,inference,playbook_selector,1.0.0,detection,DET-141486,cust-acme-corp-002,0.572,pb-brute-force-block,0.623,189.2,FALSE,,,,,,,,be5c5cf5-cfd4-4380-a8c7-1865766c0b3d,,2026-03-27T15:36:05.799869Z,,,,,,,,,,,
cc29182c-755c-4cdd-ae95-02bda656c39f,2026-03-27T15:36:05.426476+00:00,inference,playbook_selector,1.0.0,detection,DET-141485,cust-tekstream-001,0.807,pb-ransomware-containment,0.875,10.6,FALSE,,,,,,,,fbe7bff0-c1b3-4d5d-953d-5f55f4a6aa47,,2026-03-27T15:36:05.426425Z,,,,,,,,,,,
d66bab4a-d820-441d-86d2-7e6a067fdbaf,2026-03-27T15:35:35.499135+00:00,inference,playbook_selector,1.0.0,detection,DET-141483,cust-tekstream-001,0.858,pb-phishing-triage,0.759,141.4,FALSE,,,,,,,,8074b520-a15f-4e94-b60c-0ffc67684ef1,,2026-03-27T15:35:35.499084Z,,,,,,,,,,,
14aba916-7b20-4010-b4a0-48776b22e792,2026-03-27T15:35:20.570557+00:00,inference,playbook_selector,1.0.0,detection,DET-141480,cust-globex-003,0.915,pb-ransomware-containment,0.777,83.8,FALSE,,,,,,,,d8d00726-9e22-4630-8aac-39f305acc772,,2026-03-27T15:35:20.570503Z,,,,,,,,,,,
ce9c6b28-c4ad-4201-bebb-a488b992a1fc,2026-03-27T15:35:05.198992+00:00,inference,playbook_selector,1.0.0,detection,DET-141478,cust-tekstream-001,0.861,pb-malware-response,0.915,109.4,TRUE,,,,,,,,cfcb3390-fcef-43f5-874c-b4c4ddfd0776,,2026-03-27T15:35:05.198941Z,,,,,,,,,,,
54b2872d-a0c5-4311-b489-50d8236e5e83,2026-03-27T15:34:50.517824+00:00,inference,playbook_selector,1.0.0,detection,DET-141477,cust-globex-003,0.89,pb-lateral-movement,0.94,47.5,TRUE,,,,,,,,2b4c26c8-1112-40b8-a1df-55a13db900c6,,2026-03-27T15:34:50.517774Z,,,,,,,,,,,
7b23cae4-9ebc-4988-9cfd-5e8ee537662a,2026-03-27T15:34:35.960089+00:00,inference,playbook_selector,1.0.0,detection,DET-141476,cust-globex-003,0.84,pb-data-exfil-investigate,0.873,197.7,FALSE,,,,,,,,7401786e-c72e-4acb-b361-264e5d06176e,,2026-03-27T15:34:35.960038Z,,,,,,,,,,,
8cf91e65-3ac6-4603-be78-108c6f9caee9,2026-03-27T15:34:20.294193+00:00,inference,playbook_selector,1.0.0,detection,DET-141473,cust-acme-corp-002,0.537,pb-brute-force-block,0.922,127.5,FALSE,,,,,,,,1c294b00-ed0a-4695-85d2-6124e9ba6bf9,,2026-03-27T15:34:20.294142Z,,,,,,,,,,,
bf357cb6-b696-4217-ad50-2f4c85b8a799,2026-03-27T15:34:07.234258+00:00,inference,playbook_selector,1.0.0,detection,DET-141472,cust-acme-corp-002,0.529,pb-ransomware-containment,0.973,11.9,FALSE,,,,,,,,c0281835-6afe-422f-b92c-dfe98cca460d,,2026-03-27T15:34:07.234205Z,,,,,,,,,,,
46dcdc88-4f24-4058-acfc-c033163f18cf,2026-03-27T15:34:06.564697+00:00,inference,playbook_selector,1.0.0,detection,DET-141471,cust-tekstream-001,0.724,pb-ransomware-containment,0.512,105,FALSE,,,,,,,,845add78-a0d4-4e6f-9ec8-9f5045ca9bf0,,2026-03-27T15:34:06.564647Z,,,,,,,,,,,
4995ac5d-d981-40a5-80fd-e165f1e2d848,2026-03-27T15:34:05.983790+00:00,inference,playbook_selector,1.0.0,detection,DET-141470,cust-tekstream-001,0.786,pb-brute-force-block,0.642,74.4,FALSE,,,,,,,,494da872-e323-4cc5-87e2-4daf39dfc06b,,2026-03-27T15:34:05.983743Z,,,,,,,,,,,
3edd96e9-c7c8-45c5-b579-105ddbf94479,2026-03-27T15:34:05.298361+00:00,inference,playbook_selector,1.0.0,detection,DET-141469,cust-acme-corp-002,0.587,pb-data-exfil-investigate,0.947,198.9,FALSE,,,,,,,,a0d54113-8960-4d49-aacf-015ffc4e4a45,,2026-03-27T15:34:05.298294Z,,,,,,,,,,,
2e361547-466f-4153-8095-b3af71f2d57d,2026-03-27T15:33:50.941369+00:00,inference,playbook_selector,1.0.0,detection,DET-141468,cust-acme-corp-002,0.685,pb-brute-force-block,0.707,43,TRUE,,,,,,,,d519f49f-f9c6-427f-8f75-4aea30a9cb3d,,2026-03-27T15:33:50.941315Z,,,,,,,,,,,
6fb61eed-c54b-4f1f-97ea-36a2232592b3,2026-03-27T15:33:50.607451+00:00,inference,playbook_selector,1.0.0,detection,DET-141467,cust-tekstream-001,0.791,pb-ransomware-containment,0.548,30.7,FALSE,,,,,,,,924b0aa2-62ab-4853-80d8-edd41df8b1ba,,2026-03-27T15:33:50.607397Z,,,,,,,,,,,
2bd9c0e7-2511-49f6-8ea0-d68a4ffaf19a,2026-03-27T15:33:50.380541+00:00,inference,playbook_selector,1.0.0,detection,DET-141466,cust-tekstream-001,0.799,pb-data-exfil-investigate,0.804,78.3,FALSE,,,,,,,,c6c6fa38-e414-4346-b6e8-bf26286ba010,,2026-03-27T15:33:50.380485Z,,,,,,,,,,,
e25b7ee4-e8a1-429b-b26c-16bf24ff53c7,2026-03-27T15:33:05.929702+00:00,inference,playbook_selector,1.0.0,detection,DET-141461,cust-tekstream-001,0.562,pb-phishing-triage,0.78,11.8,FALSE,,,,,,,,a21c42ca-bba0-4d06-92a1-9db0ca32733b,,2026-03-27T15:33:05.929649Z,,,,,,,,,,,
f7013858-f43e-49b0-a862-e3e8732f8b4e,2026-03-27T15:33:05.271394+00:00,inference,playbook_selector,1.0.0,detection,DET-141460,cust-acme-corp-002,0.534,pb-ransomware-containment,0.754,131,FALSE,,,,,,,,4f1049ac-55ff-41a4-978f-f6511320ee4b,,2026-03-27T15:33:05.271343Z,,,,,,,,,,,
0f3b5418-0f3d-4fcb-8eba-74fa1f059b94,2026-03-27T15:32:51.772882+00:00,inference,playbook_selector,1.0.0,detection,DET-141459,cust-globex-003,0.508,pb-brute-force-block,0.879,151.6,FALSE,,,,,,,,2ad91ba9-fa7d-4f0e-9372-85a75aecf491,,2026-03-27T15:32:51.772820Z,,,,,,,,,,,
87ba3750-b877-4952-8295-755c59a8cca5,2026-03-27T15:32:50.943767+00:00,inference,playbook_selector,1.0.0,detection,DET-141458,cust-globex-003,0.829,pb-malware-response,0.857,71,FALSE,,,,,,,,5014d0de-f632-44e5-bf2b-ea0c492c8a05,,2026-03-27T15:32:50.943715Z,,,,,,,,,,,
9dbf9ec5-7ad6-46a0-af74-02878935054a,2026-03-27T15:32:36.075419+00:00,inference,playbook_selector,1.0.0,detection,DET-141456,cust-acme-corp-002,0.97,pb-ransomware-containment,0.721,22.2,FALSE,,,,,,,,418a7eed-4aa5-43eb-af1c-e357dc811aad,,2026-03-27T15:32:36.075368Z,,,,,,,,,,,
f7cea95a-17f6-46a8-bf2a-a0449678734c,2026-03-27T15:32:35.539426+00:00,inference,playbook_selector,1.0.0,detection,DET-141454,cust-globex-003,0.695,pb-lateral-movement,0.637,68.8,FALSE,,,,,,,,98b0cb43-3782-4f01-a0fb-0bdf955c1345,,2026-03-27T15:32:35.539372Z,,,,,,,,,,,
a31f5a7d-a97c-41e6-b7ec-44c2e306a246,2026-03-27T15:32:21.726653+00:00,inference,playbook_selector,1.0.0,detection,DET-141453,cust-tekstream-001,0.816,pb-malware-response,0.524,198.6,FALSE,,,,,,,,f1086b72-8cd1-450d-aeeb-b37fa007304d,,2026-03-27T15:32:21.726601Z,,,,,,,,,,,
a7e62cdc-469c-439a-ad9f-b0898a67c7ca,2026-03-27T15:32:21.018123+00:00,inference,playbook_selector,1.0.0,detection,DET-141452,cust-acme-corp-002,0.905,pb-lateral-movement,0.573,77.4,FALSE,,,,,,,,6fca67f2-cf20-476d-899f-81b0a2a6d1b6,,2026-03-27T15:32:21.018054Z,,,,,,,,,,,
dc08e690-9c12-404b-aaa4-d71cced62577,2026-03-27T15:32:20.775428+00:00,inference,playbook_selector,1.0.0,detection,DET-141451,cust-tekstream-001,0.687,pb-data-exfil-investigate,0.516,29.6,TRUE,,,,,,,,5a526102-af15-4420-9482-864ad9437c79,,2026-03-27T15:32:20.775377Z,,,,,,,,,,,
37e52336-d907-4a1c-aaf6-b3c347eea0dd,2026-03-27T15:32:06.105749+00:00,inference,playbook_selector,1.0.0,detection,DET-141448,cust-acme-corp-002,0.706,pb-brute-force-block,0.531,134.6,FALSE,,,,,,,,8049395b-5f80-4394-81ea-398e74e0eb90,,2026-03-27T15:32:06.105696Z,,,,,,,,,,,
83f3a750-f867-40dd-8462-c03ab79b10b7,2026-03-27T15:32:05.363330+00:00,inference,playbook_selector,1.0.0,detection,DET-141446,cust-globex-003,0.647,pb-malware-response,0.923,166.6,FALSE,,,,,,,,8c45a8e5-00b1-491f-b973-58a82f756f83,,2026-03-27T15:32:05.363278Z,,,,,,,,,,,
3af71b18-3ade-4745-92b9-4fa7cd2c4970,2026-03-27T15:31:50.642992+00:00,inference,playbook_selector,1.0.0,detection,DET-141445,cust-acme-corp-002,0.625,pb-brute-force-block,0.731,29.5,FALSE,,,,,,,,9f76bbdf-ea84-488b-bf14-a363138297b4,,2026-03-27T15:31:50.642943Z,,,,,,,,,,,
440c1278-9a88-4c9b-a38a-2b55024270df,2026-03-27T15:31:05.882481+00:00,inference,playbook_selector,1.0.0,detection,DET-141442,cust-tekstream-001,0.803,pb-data-exfil-investigate,0.754,126.7,TRUE,,,,,,,,a1d19b72-a20b-446f-b278-bc86c25c4ee6,,2026-03-27T15:31:05.882430Z,,,,,,,,,,,
60ab790f-084c-4e49-a410-919b97116e4f,2026-03-27T15:31:05.166652+00:00,inference,playbook_selector,1.0.0,detection,DET-141441,cust-tekstream-001,0.513,pb-lateral-movement,0.627,127.6,TRUE,,,,,,,,1a2b35f9-acdd-47f1-8b14-bfb49df8eafc,,2026-03-27T15:31:05.166599Z,,,,,,,,,,,
dcb7f418-c959-4b8b-8fe3-20321cb250b8,2026-03-27T15:30:35.309766+00:00,inference,playbook_selector,1.0.0,detection,DET-141438,cust-globex-003,0.783,pb-lateral-movement,0.89,35.6,FALSE,,,,,,,,5f4bc334-f4be-410e-a757-fd8782f174ea,,2026-03-27T15:30:35.309717Z,,,,,,,,,,,
6f8a6b4a-a201-4934-85b2-94d1c54c0cb2,2026-03-27T15:30:20.339066+00:00,inference,playbook_selector,1.0.0,detection,DET-141437,cust-acme-corp-002,0.589,pb-brute-force-block,0.843,198.9,FALSE,,,,,,,,eb9f4acb-633b-4a2a-bb45-97c4b354afdc,,2026-03-27T15:30:20.339016Z,,,,,,,,,,,
bbecc30f-ca43-4f8a-8d97-c368c3d31ec7,2026-03-27T15:29:51.283469+00:00,inference,playbook_selector,1.0.0,detection,DET-141435,cust-acme-corp-002,0.766,pb-phishing-triage,0.682,159,FALSE,,,,,,,,f275ad9d-0049-4295-8c71-2f9ebf8473e4,,2026-03-27T15:29:51.283417Z,,,,,,,,,,,
ccc94eb4-1b36-4e21-b8dd-0a04f249493a,2026-03-27T15:29:50.460849+00:00,inference,playbook_selector,1.0.0,detection,DET-141433,cust-globex-003,0.642,pb-phishing-triage,0.831,92.7,FALSE,,,,,,,,e55675f7-a063-441c-a8ca-af36beba55af,,2026-03-27T15:29:50.460798Z,,,,,,,,,,,
cc9e4538-dc2f-433b-a477-69c7068dbfef,2026-03-27T15:29:36.581705+00:00,inference,playbook_selector,1.0.0,detection,DET-141431,cust-acme-corp-002,0.662,pb-data-exfil-investigate,0.979,14.7,FALSE,,,,,,,,4d51196f-e701-4735-9bab-262cd48ba2c0,,2026-03-27T15:29:36.581654Z,,,,,,,,,,,
dbaa0678-3414-44c5-a20a-e11aa979ec6b,2026-03-27T15:29:35.914160+00:00,inference,playbook_selector,1.0.0,detection,DET-141430,cust-tekstream-001,0.608,pb-ransomware-containment,0.554,117.5,FALSE,,,,,,,,1cf0fd0f-c963-45a3-9f01-c6927f03e7bb,,2026-03-27T15:29:35.914106Z,,,,,,,,,,,
739f0ad9-4310-4e06-a112-e07b810730a0,2026-03-27T15:29:35.592763+00:00,inference,playbook_selector,1.0.0,detection,DET-141429,cust-acme-corp-002,0.814,pb-malware-response,0.769,167.2,FALSE,,,,,,,,5dadfac3-2572-4026-b83b-b089c0a39e40,,2026-03-27T15:29:35.592712Z,,,,,,,,,,,
29ad914a-7b82-466f-a06d-87159872cdd2,2026-03-27T15:29:20.250745+00:00,inference,playbook_selector,1.0.0,detection,DET-141428,cust-globex-003,0.96,pb-lateral-movement,0.874,51.6,FALSE,,,,,,,,1ef72cf7-8df6-4be9-9163-1ecf8d17a5a0,,2026-03-27T15:29:20.250692Z,,,,,,,,,,,
8645b59e-ad80-4f98-b101-83248aa0579d,2026-03-27T15:29:06.528200+00:00,inference,playbook_selector,1.0.0,detection,DET-141427,cust-tekstream-001,0.543,pb-brute-force-block,0.841,192.9,TRUE,,,,,,,,0bb789a5-356e-4c95-a3e1-a2c3ca72f782,,2026-03-27T15:29:06.528146Z,,,,,,,,,,,
6df827ac-e58d-4c02-a56c-6e28db322641,2026-03-27T15:28:20.306651+00:00,inference,playbook_selector,1.0.0,detection,DET-141418,cust-tekstream-001,0.875,pb-phishing-triage,0.964,55.4,FALSE,,,,,,,,b415016d-1552-461a-9cf1-771a52019aa2,,2026-03-27T15:28:20.306600Z,,,,,,,,,,,
ded5496c-ceee-4e33-9cf6-e366a5b6ba01,2026-03-27T15:28:05.645700+00:00,inference,playbook_selector,1.0.0,detection,DET-141417,cust-tekstream-001,0.879,pb-lateral-movement,0.878,14.7,FALSE,,,,,,,,cb098d3b-d461-443a-b9b9-060b8387f99d,,2026-03-27T15:28:05.645649Z,,,,,,,,,,,
b99fc948-e3bd-49cb-9d81-589540c5579b,2026-03-27T15:28:05.249523+00:00,inference,playbook_selector,1.0.0,detection,DET-141416,cust-tekstream-001,0.594,pb-lateral-movement,0.589,198.5,FALSE,,,,,,,,0e050b50-d3ae-410e-9372-677a0b3adbee,,2026-03-27T15:28:05.249446Z,,,,,,,,,,,
321533af-7109-4365-8227-f2d34da1def5,2026-03-27T15:27:51.701837+00:00,inference,playbook_selector,1.0.0,detection,DET-141415,cust-acme-corp-002,0.834,pb-data-exfil-investigate,0.518,49.9,FALSE,,,,,,,,de7a3477-4929-40fd-9638-afd3b8763612,,2026-03-27T15:27:51.701785Z,,,,,,,,,,,
f89590cf-3f2a-4be7-9340-7f030589370b,2026-03-27T15:27:51.209589+00:00,inference,playbook_selector,1.0.0,detection,DET-141414,cust-globex-003,0.74,pb-data-exfil-investigate,0.967,161.1,FALSE,,,,,,,,6cc823ad-062f-44c4-93ce-57eeaa0e711a,,2026-03-27T15:27:51.209524Z,,,,,,,,,,,
b6d24bea-7e95-4dd6-81b9-616fcde5193d,2026-03-27T15:27:50.999867+00:00,inference,playbook_selector,1.0.0,detection,DET-141413,cust-tekstream-001,0.587,pb-phishing-triage,0.746,185.8,FALSE,,,,,,,,8c4f82de-0472-468e-aedb-818495ab677f,,2026-03-27T15:27:50.999814Z,,,,,,,,,,,
fa224cba-b5e5-498e-9e3b-e2ecfa336c53,2026-03-27T15:27:50.185529+00:00,inference,playbook_selector,1.0.0,detection,DET-141412,cust-tekstream-001,0.759,pb-brute-force-block,0.939,139,FALSE,,,,,,,,45c38ac5-186c-4674-849c-d7c77b7d0982,,2026-03-27T15:27:50.185449Z,,,,,,,,,,,
d9affc48-cf21-4ae1-b8b5-1360709936a3,2026-03-27T15:27:35.931278+00:00,inference,playbook_selector,1.0.0,detection,DET-141411,cust-globex-003,0.91,pb-phishing-triage,0.676,108.8,FALSE,,,,,,,,06a3fd81-bcac-439e-8fc2-c45111dc700c,,2026-03-27T15:27:35.931227Z,,,,,,,,,,,
16dfea35-a8c6-4526-b00d-79431135b3ab,2026-03-27T15:27:35.481302+00:00,inference,playbook_selector,1.0.0,detection,DET-141410,cust-globex-003,0.899,pb-phishing-triage,0.843,65,TRUE,,,,,,,,a0192606-ab7e-4061-8fc4-2d516d96dfb0,,2026-03-27T15:27:35.481247Z,,,,,,,,,,,
197f708a-5700-46f7-a73f-b7f9883cace3,2026-03-27T15:27:20.637118+00:00,inference,playbook_selector,1.0.0,detection,DET-141407,cust-acme-corp-002,0.882,pb-data-exfil-investigate,0.781,10.8,FALSE,,,,,,,,da0f8e4a-2c77-4f9d-ae03-b39581ef0cee,,2026-03-27T15:27:20.637056Z,,,,,,,,,,,
216b9127-9a28-42db-8c5f-1a5fe1d6d32f,2026-03-27T15:26:50.479376+00:00,inference,playbook_selector,1.0.0,detection,DET-141404,cust-acme-corp-002,0.776,pb-brute-force-block,0.931,24.3,FALSE,,,,,,,,91263abf-e3c3-4d42-b92e-683a0f7e2a8f,,2026-03-27T15:26:50.479328Z,,,,,,,,,,,
9f212586-43f8-467e-aca9-5e0499c5a0f6,2026-03-27T15:26:35.493795+00:00,inference,playbook_selector,1.0.0,detection,DET-141401,cust-acme-corp-002,0.579,pb-lateral-movement,0.986,190.1,FALSE,,,,,,,,0c60cedd-6161-4273-b27f-2d911e003881,,2026-03-27T15:26:35.493740Z,,,,,,,,,,,
f351b717-7a4a-4626-9931-ef3babf63075,2026-03-27T15:26:20.474297+00:00,inference,playbook_selector,1.0.0,detection,DET-141399,cust-globex-003,0.567,pb-brute-force-block,0.582,70,FALSE,,,,,,,,581c8d0d-dbc0-48a7-bd42-b1919ce19ddb,,2026-03-27T15:26:20.474216Z,,,,,,,,,,,
da1e7380-0c12-4db3-921c-202554a0662f,2026-03-27T15:25:50.231845+00:00,inference,playbook_selector,1.0.0,detection,DET-141396,cust-globex-003,0.732,pb-malware-response,0.808,43.6,FALSE,,,,,,,,08078dca-17e2-4ed8-8632-0a5be882239f,,2026-03-27T15:25:50.231793Z,,,,,,,,,,,
acfc0ff3-1fe3-44f6-b79a-109185a9280e,2026-03-27T15:25:36.121299+00:00,inference,playbook_selector,1.0.0,detection,DET-141395,cust-globex-003,0.908,pb-ransomware-containment,0.568,162.7,FALSE,,,,,,,,b1b2f594-bcab-4dec-b84a-d1468bbfa693,,2026-03-27T15:25:36.121248Z,,,,,,,,,,,
81fd2532-ba71-4f7b-ac08-1a653c513a08,2026-03-27T15:25:35.749811+00:00,inference,playbook_selector,1.0.0,detection,DET-141394,cust-tekstream-001,0.569,pb-data-exfil-investigate,0.641,92,FALSE,,,,,,,,47f1aa50-9e65-4608-b88e-9b8db60d16ee,,2026-03-27T15:25:35.749756Z,,,,,,,,,,,
9ffa23bd-b8f8-4e75-a46b-22511a676097,2026-03-27T15:25:35.179713+00:00,inference,playbook_selector,1.0.0,detection,DET-141393,cust-tekstream-001,0.598,pb-malware-response,0.608,163,FALSE,,,,,,,,19ac3ae7-e5e3-4dc3-a6f7-93e108b54ff4,,2026-03-27T15:25:35.179660Z,,,,,,,,,,,
f28cda2d-4925-457a-8bd5-9264284b8b95,2026-03-27T15:25:20.708816+00:00,inference,playbook_selector,1.0.0,detection,DET-141392,cust-acme-corp-002,0.63,pb-data-exfil-investigate,0.901,179.9,FALSE,,,,,,,,67323322-e14e-48e0-ae0f-dc116a4955df,,2026-03-27T15:25:20.708764Z,,,,,,,,,,,
aca9eb78-af74-4633-b42c-3fb8323ddf0a,2026-03-27T15:25:20.199645+00:00,inference,playbook_selector,1.0.0,detection,DET-141391,cust-tekstream-001,0.873,pb-phishing-triage,0.823,175.6,FALSE,,,,,,,,8fa07820-c9d7-4779-9421-e83cde1982df,,2026-03-27T15:25:20.199594Z,,,,,,,,,,,
9575461a-fca3-4a73-81b8-5644f2774166,2026-03-27T15:25:05.285670+00:00,inference,playbook_selector,1.0.0,detection,DET-141387,cust-tekstream-001,0.718,pb-brute-force-block,0.848,183.2,FALSE,,,,,,,,03641e70-953d-4c64-b3a1-8321c784e78b,,2026-03-27T15:25:05.285612Z,,,,,,,,,,,
093d67ea-603e-4d06-868b-73b4a28cc001,2026-03-27T15:24:51.268796+00:00,inference,playbook_selector,1.0.0,detection,DET-141386,cust-tekstream-001,0.772,pb-ransomware-containment,0.512,58.7,FALSE,,,,,,,,c50e6647-5e27-432a-8d6e-f00c188538c3,,2026-03-27T15:24:51.268725Z,,,,,,,,,,,
aa34de94-7a91-4d31-ae21-bccd8b6d7555,2026-03-27T15:24:50.822814+00:00,inference,playbook_selector,1.0.0,detection,DET-141385,cust-tekstream-001,0.554,pb-ransomware-containment,0.657,107.7,FALSE,,,,,,,,94b32f4b-1c43-4076-9a95-13d0cabcb89b,,2026-03-27T15:24:50.822755Z,,,,,,,,,,,
39112849-cd01-4173-bde2-b943b38d9932,2026-03-27T15:24:50.361080+00:00,inference,playbook_selector,1.0.0,detection,DET-141383,cust-tekstream-001,0.96,pb-ransomware-containment,0.535,113.9,TRUE,,,,,,,,785314ec-6735-4dff-ab34-59c4979ea8f6,,2026-03-27T15:24:50.361027Z,,,,,,,,,,,
277314a2-de43-4ee4-a7f7-367e2f38718e,2026-03-27T15:24:35.375378+00:00,inference,playbook_selector,1.0.0,detection,DET-141380,cust-globex-003,0.757,pb-malware-response,0.861,51.2,FALSE,,,,,,,,772e9089-f844-466f-8026-58356b08c30a,,2026-03-27T15:24:35.375326Z,,,,,,,,,,,
b2279577-98b7-4207-b0a8-e64d202b533b,2026-03-27T15:24:21.006895+00:00,inference,playbook_selector,1.0.0,detection,DET-141379,cust-globex-003,0.503,pb-brute-force-block,0.526,125.2,FALSE,,,,,,,,dba89797-6e47-4af5-a0bf-3034eb8cf801,,2026-03-27T15:24:21.006817Z,,,,,,,,,,,
5ebe8737-dda0-4f69-a1ae-5f08df505b49,2026-03-27T15:24:20.469743+00:00,inference,playbook_selector,1.0.0,detection,DET-141378,cust-tekstream-001,0.728,pb-data-exfil-investigate,0.574,99.9,FALSE,,,,,,,,177464db-039c-4fa2-80a8-4c2db45414ed,,2026-03-27T15:24:20.469691Z,,,,,,,,,,,
6a74c77d-7e50-4f0b-9420-b457e0d5e235,2026-03-27T15:23:35.680851+00:00,inference,playbook_selector,1.0.0,detection,DET-141372,cust-globex-003,0.573,pb-brute-force-block,0.941,23.2,FALSE,,,,,,,,41be3ee1-b490-4564-a788-1d7ca853c625,,2026-03-27T15:23:35.680777Z,,,,,,,,,,,
590c6f2e-2706-47d3-927d-62e46f051743,2026-03-27T15:23:35.133444+00:00,inference,playbook_selector,1.0.0,detection,DET-141371,cust-tekstream-001,0.691,pb-malware-response,0.755,148.4,FALSE,,,,,,,,bd4619c7-d94a-4729-9e21-4b9273f42a89,,2026-03-27T15:23:35.133391Z,,,,,,,,,,,
5d41e54c-b870-4dd5-bc54-245290d71a99,2026-03-27T15:23:05.397435+00:00,inference,playbook_selector,1.0.0,detection,DET-141367,cust-tekstream-001,0.701,pb-ransomware-containment,0.948,129.3,FALSE,,,,,,,,ef95fa89-c195-4181-83a4-35e9218e2775,,2026-03-27T15:23:05.397381Z,,,,,,,,,,,
ffeda79c-7d25-4b1d-961e-68f8f8f0b420,2026-03-27T15:22:50.620603+00:00,inference,playbook_selector,1.0.0,detection,DET-141366,cust-acme-corp-002,0.72,pb-phishing-triage,0.571,143.7,FALSE,,,,,,,,0498ddb1-067c-45c9-b24b-ddf65f6c7e69,,2026-03-27T15:22:50.620548Z,,,,,,,,,,,
1a0ab56e-a8e0-4880-b9ce-f52908edf757,2026-03-27T15:22:35.471732+00:00,inference,playbook_selector,1.0.0,detection,DET-141362,cust-acme-corp-002,0.635,pb-phishing-triage,0.64,162.8,FALSE,,,,,,,,8bf9b844-78d4-47e2-bec1-3f8a91fe1fc3,,2026-03-27T15:22:35.471666Z,,,,,,,,,,,
4bd5df18-a2ab-45ba-8682-7dcfb19c3318,2026-03-27T15:22:20.563187+00:00,inference,playbook_selector,1.0.0,detection,DET-141359,cust-tekstream-001,0.831,pb-ransomware-containment,0.962,180.1,FALSE,,,,,,,,1848d1da-84bb-467a-85b3-4e046d02f7f6,,2026-03-27T15:22:20.563132Z,,,,,,,,,,,
8c8c7cff-0d42-4a1e-820e-e18ecc4347fc,2026-03-27T15:22:20.054431+00:00,inference,playbook_selector,1.0.0,detection,DET-141358,cust-tekstream-001,0.89,pb-ransomware-containment,0.707,46.9,FALSE,,,,,,,,2d49ce8f-f236-444c-a1eb-f68c5a4f3fb7,,2026-03-27T15:22:20.054379Z,,,,,,,,,,,
80ecd8c0-e25c-4c80-bbbe-5ef1ff8fe0d6,2026-03-27T15:22:05.430508+00:00,inference,playbook_selector,1.0.0,detection,DET-141357,cust-globex-003,0.733,pb-brute-force-block,0.987,162.5,FALSE,,,,,,,,53f9e153-e71b-42ce-9fe9-21fe4e722f1c,,2026-03-27T15:22:05.430459Z,,,,,,,,,,,
b25685e1-e123-477b-aa22-190f875e1ab7,2026-03-27T15:21:50.061019+00:00,inference,playbook_selector,1.0.0,detection,DET-141355,cust-tekstream-001,0.954,pb-data-exfil-investigate,0.64,183.4,FALSE,,,,,,,,0c401caa-9a8d-4f15-bce9-1de6c6a94150,,2026-03-27T15:21:50.060956Z,,,,,,,,,,,
3adc2f1f-9f22-40c3-9c1c-992820bcbca6,2026-03-27T15:20:51.130564+00:00,inference,playbook_selector,1.0.0,detection,DET-141349,cust-acme-corp-002,0.741,pb-malware-response,0.876,6.9,FALSE,,,,,,,,3ba6d004-351e-4784-bbbf-d9bce59828ae,,2026-03-27T15:20:51.130497Z,,,,,,,,,,,
ca571ef6-3c16-45e7-84af-5dedaa0b4f72,2026-03-27T15:20:50.760237+00:00,inference,playbook_selector,1.0.0,detection,DET-141348,cust-tekstream-001,0.617,pb-lateral-movement,0.851,119.5,FALSE,,,,,,,,c5bce8f1-a761-437c-be86-e745feea9fc2,,2026-03-27T15:20:50.760185Z,,,,,,,,,,,
9a4e640a-024a-47e2-b1f5-73ec948475de,2026-03-27T15:20:50.214214+00:00,inference,playbook_selector,1.0.0,detection,DET-141347,cust-globex-003,0.638,pb-brute-force-block,0.624,160.2,TRUE,,,,,,,,2d1b11be-77a1-4e0d-aef7-3fcb9375367a,,2026-03-27T15:20:50.214163Z,,,,,,,,,,,
f4f32f34-f149-48a0-94c5-70bd8882d513,2026-03-27T15:20:36.266283+00:00,inference,playbook_selector,1.0.0,detection,DET-141346,cust-tekstream-001,0.548,pb-malware-response,0.549,35.9,FALSE,,,,,,,,b02863a5-9280-40f1-b1af-99d575ddf506,,2026-03-27T15:20:36.266229Z,,,,,,,,,,,
7f4169c4-cd5c-4f18-bf83-88a40f6f3363,2026-03-27T15:20:35.524556+00:00,inference,playbook_selector,1.0.0,detection,DET-141345,cust-tekstream-001,0.647,pb-data-exfil-investigate,0.632,94.1,FALSE,,,,,,,,ce02e473-89ef-4e4d-a8b9-dc9b97be0b0b,,2026-03-27T15:20:35.524482Z,,,,,,,,,,,
d71c7145-c712-4f0c-b4ad-18e989bc6465,2026-03-27T15:20:35.066799+00:00,inference,playbook_selector,1.0.0,detection,DET-141344,cust-tekstream-001,0.53,pb-brute-force-block,0.617,163.8,FALSE,,,,,,,,a6e01ccb-afc0-48db-a460-b1e641099834,,2026-03-27T15:20:35.066725Z,,,,,,,,,,,
ba34661d-5623-40ce-b055-e40cd9f223d0,2026-03-27T15:20:20.497417+00:00,inference,playbook_selector,1.0.0,detection,DET-141343,cust-acme-corp-002,0.561,pb-data-exfil-investigate,0.748,146.6,FALSE,,,,,,,,c70c49f5-5935-4699-87d4-cbc99495167c,,2026-03-27T15:20:20.497365Z,,,,,,,,,,,
38e3eb9e-c9d2-4581-a199-3457b1b92eb9,2026-03-27T15:20:05.242121+00:00,inference,playbook_selector,1.0.0,detection,DET-141341,cust-tekstream-001,0.796,pb-brute-force-block,0.967,9.4,FALSE,,,,,,,,94c21684-015d-4145-9179-ee17dc71df41,,2026-03-27T15:20:05.242066Z,,,,,,,,,,,
fd4cacaa-c62a-4763-b4b2-9f0488ebffff,2026-03-27T15:19:50.364225+00:00,inference,playbook_selector,1.0.0,detection,DET-141339,cust-acme-corp-002,0.858,pb-ransomware-containment,0.559,37,FALSE,,,,,,,,5611c45c-e518-42f1-a542-0c4d383e2263,,2026-03-27T15:19:50.364174Z,,,,,,,,,,,
295f8681-5fc4-4a65-b912-e315f306d5f2,2026-03-27T15:19:20.206496+00:00,inference,playbook_selector,1.0.0,detection,DET-141336,cust-globex-003,0.517,pb-malware-response,0.902,142.1,FALSE,,,,,,,,8b7f970b-3431-49e0-ad54-dbf44a4a9392,,2026-03-27T15:19:20.206443Z,,,,,,,,,,,
2e0e8168-52b8-4d6b-972a-3b82b3c986cc,2026-03-27T15:18:50.259136+00:00,inference,playbook_selector,1.0.0,detection,DET-141332,cust-tekstream-001,0.515,pb-data-exfil-investigate,0.951,10.7,TRUE,,,,,,,,7a83e3d1-e609-46b3-aedd-e10c9158d3c3,,2026-03-27T15:18:50.259085Z,,,,,,,,,,,
c59c308c-71b7-4fa7-aa2d-d1329550d59e,2026-03-27T15:18:20.047956+00:00,inference,playbook_selector,1.0.0,detection,DET-141330,cust-tekstream-001,0.616,pb-brute-force-block,0.583,163.6,FALSE,,,,,,,,8caab73f-a213-4fe4-ada1-138aedbeb39c,,2026-03-27T15:18:20.047901Z,,,,,,,,,,,
18eccb55-dc6d-483c-9c79-5ea2db3f2eef,2026-03-27T15:18:05.059101+00:00,inference,playbook_selector,1.0.0,detection,DET-141328,cust-tekstream-001,0.553,pb-brute-force-block,0.636,109.1,FALSE,,,,,,,,6da8ecfb-922f-4554-be45-857610c1914d,,2026-03-27T15:18:05.059049Z,,,,,,,,,,,
17771a15-ee8b-473c-a277-b5d57b2f684e,2026-03-27T15:17:50.161684+00:00,inference,playbook_selector,1.0.0,detection,DET-141326,cust-tekstream-001,0.867,pb-ransomware-containment,0.909,52.5,FALSE,,,,,,,,0b4f0aa6-411f-4c05-ad29-e87fa7d880f7,,2026-03-27T15:17:50.161631Z,,,,,,,,,,,
9d850797-6e03-4293-8d66-fe0cd9187e33,2026-03-27T15:17:05.384255+00:00,inference,playbook_selector,1.0.0,detection,DET-141320,cust-globex-003,0.606,pb-lateral-movement,0.74,68.3,FALSE,,,,,,,,0310e673-a119-4839-b4ee-6c9150ff7163,,2026-03-27T15:17:05.384203Z,,,,,,,,,,,
92038fd4-ae02-4ffb-89c1-b979e46e1987,2026-03-27T15:16:35.062111+00:00,inference,playbook_selector,1.0.0,detection,DET-141315,cust-tekstream-001,0.726,pb-lateral-movement,0.618,162.3,FALSE,,,,,,,,ca3d0324-95d0-42bd-9cc9-3c0b062e958c,,2026-03-27T15:16:35.062061Z,,,,,,,,,,,
f40f1ea5-9216-40c6-b540-2abcc3a47cdd,2026-03-27T15:16:20.194328+00:00,inference,playbook_selector,1.0.0,detection,DET-141314,cust-globex-003,0.76,pb-malware-response,0.557,85.1,FALSE,,,,,,,,52302cb1-4ae8-493d-8f15-d012ba900a33,,2026-03-27T15:16:20.194276Z,,,,,,,,,,,
744cb7de-fd6c-4ad5-848c-748b687f397b,2026-03-27T15:16:06.048688+00:00,inference,playbook_selector,1.0.0,detection,DET-141312,cust-tekstream-001,0.804,pb-lateral-movement,0.886,199,TRUE,,,,,,,,5e074630-60f9-4199-b30f-706aa9f345a1,,2026-03-27T15:16:06.048637Z,,,,,,,,,,,
594a42dc-8ece-40c5-ba5b-cdf0b88404d0,2026-03-27T15:16:05.055180+00:00,inference,playbook_selector,1.0.0,detection,DET-141310,cust-tekstream-001,0.904,pb-lateral-movement,0.665,168.5,TRUE,,,,,,,,fc0bb7d9-f29c-4809-a8e5-bfa72ed44e9a,,2026-03-27T15:16:05.055127Z,,,,,,,,,,,
146b8d3b-a967-4638-8a10-efb8b4c21de6,2026-03-27T15:15:51.131143+00:00,inference,playbook_selector,1.0.0,detection,DET-141309,cust-tekstream-001,0.927,pb-data-exfil-investigate,0.636,121.9,FALSE,,,,,,,,00566420-0a86-4a2f-8614-e6c43452fa8a,,2026-03-27T15:15:51.131090Z,,,,,,,,,,,
24536236-fafa-4fb3-8cfc-3589e383c9af,2026-03-27T15:15:50.964839+00:00,inference,playbook_selector,1.0.0,detection,DET-141308,cust-globex-003,0.509,pb-phishing-triage,0.912,118.9,FALSE,,,,,,,,b22a0c1c-73d8-404d-99db-1e8f2ba583fe,,2026-03-27T15:15:50.964788Z,,,,,,,,,,,
1a27c358-526f-49bc-b262-be0b665dd5ca,2026-03-27T15:15:50.520826+00:00,inference,playbook_selector,1.0.0,detection,DET-141307,cust-acme-corp-002,0.599,pb-brute-force-block,0.554,198.7,FALSE,,,,,,,,054fe612-bf21-489d-9150-9e4b695acc2b,,2026-03-27T15:15:50.520767Z,,,,,,,,,,,
a6ebfb2c-f9d1-4d91-861f-ff0eba7f880e,2026-03-27T15:15:35.519923+00:00,inference,playbook_selector,1.0.0,detection,DET-141305,cust-acme-corp-002,0.608,pb-phishing-triage,0.571,117.5,FALSE,,,,,,,,a289d3ca-b1d2-4895-9547-bb648234c005,,2026-03-27T15:15:35.519870Z,,,,,,,,,,,
54134e0c-b1dd-400b-9276-58194962f999,2026-03-27T15:15:20.467066+00:00,inference,playbook_selector,1.0.0,detection,DET-141303,cust-globex-003,0.748,pb-brute-force-block,0.618,79.9,FALSE,,,,,,,,7c2a1d60-a870-4cae-ada0-e7cbc5cec661,,2026-03-27T15:15:20.467013Z,,,,,,,,,,,
f1d43202-05d6-4d1a-a5c2-34bd85f3ebd7,2026-03-27T15:15:20.163170+00:00,inference,playbook_selector,1.0.0,detection,DET-141302,cust-acme-corp-002,0.932,pb-malware-response,0.886,73,FALSE,,,,,,,,ec5f78bc-3ff7-41c5-8bed-03bb85324b05,,2026-03-27T15:15:20.163116Z,,,,,,,,,,,
7c0cadfe-9717-4b62-a962-6ca1633598e8,2026-03-27T15:15:06.462606+00:00,inference,playbook_selector,1.0.0,detection,DET-141301,cust-tekstream-001,0.509,pb-lateral-movement,0.565,116.2,FALSE,,,,,,,,c65878cd-1e5c-43ce-bb89-fd67657778ba,,2026-03-27T15:15:06.462552Z,,,,,,,,,,,
15caca42-f381-435e-ab0a-7adda195b126,2026-03-27T15:15:05.656244+00:00,inference,playbook_selector,1.0.0,detection,DET-141299,cust-acme-corp-002,0.791,pb-ransomware-containment,0.602,79.9,FALSE,,,,,,,,4dd60f80-81fc-4acb-8cc6-46ae07f996a9,,2026-03-27T15:15:05.656189Z,,,,,,,,,,,
eb002ca0-ea53-41bc-94cc-6d52ff8f2547,2026-03-27T15:15:05.405683+00:00,inference,playbook_selector,1.0.0,detection,DET-141298,cust-acme-corp-002,0.681,pb-data-exfil-investigate,0.601,119.2,TRUE,,,,,,,,84e41f4b-e81f-4195-a545-30bb1fee613d,,2026-03-27T15:15:05.405617Z,,,,,,,,,,,
138ea5ab-a97b-461d-ba3b-cc616f7f8b70,2026-03-27T15:14:51.326545+00:00,inference,playbook_selector,1.0.0,detection,DET-141297,cust-acme-corp-002,0.935,pb-ransomware-containment,0.78,14.2,TRUE,,,,,,,,d4a0b1bb-3bb5-496d-8b94-d2529419ac16,,2026-03-27T15:14:51.326494Z,,,,,,,,,,,
74758c61-7b3e-461f-a2d2-f5586c6386d6,2026-03-27T15:14:50.778731+00:00,inference,playbook_selector,1.0.0,detection,DET-141295,cust-tekstream-001,0.525,pb-malware-response,0.863,105.7,FALSE,,,,,,,,3ef499d1-7169-44c0-8f4c-d0b75c4bb3c0,,2026-03-27T15:14:50.778682Z,,,,,,,,,,,
0c633878-fcdd-4580-a77b-3049d2f424ab,2026-03-27T15:14:50.057981+00:00,inference,playbook_selector,1.0.0,detection,DET-141294,cust-globex-003,0.915,pb-brute-force-block,0.932,134.9,FALSE,,,,,,,,a941ee7a-0889-4de6-9e3c-87a8338e8695,,2026-03-27T15:14:50.057932Z,,,,,,,,,,,
ff6a7a10-e335-4a80-b862-d6e82af23a7d,2026-03-27T15:14:35.555426+00:00,inference,playbook_selector,1.0.0,detection,DET-141293,cust-globex-003,0.535,pb-ransomware-containment,0.864,181.7,FALSE,,,,,,,,17156e5b-1873-4aa2-827f-8f14ae1d99ad,,2026-03-27T15:14:35.555366Z,,,,,,,,,,,
6ab48c60-2cfe-4e7e-928b-cb10849ad5a0,2026-03-27T15:14:35.169562+00:00,inference,playbook_selector,1.0.0,detection,DET-141292,cust-acme-corp-002,0.753,pb-phishing-triage,0.705,169.4,FALSE,,,,,,,,d7dee305-5fb6-4f2d-ad91-8300cbe7f9e3,,2026-03-27T15:14:35.169487Z,,,,,,,,,,,
b6828f44-2e78-4f0a-9aa5-244acad27399,2026-03-27T15:14:20.763837+00:00,inference,playbook_selector,1.0.0,detection,DET-141290,cust-tekstream-001,0.788,pb-brute-force-block,0.86,131.8,FALSE,,,,,,,,1a7cbae8-c359-4949-b989-c9d1935a35d0,,2026-03-27T15:14:20.763786Z,,,,,,,,,,,
fa4eb62e-0012-4b2e-b959-93dc5287d454,2026-03-27T15:14:20.102522+00:00,inference,playbook_selector,1.0.0,detection,DET-141288,cust-tekstream-001,0.566,pb-ransomware-containment,0.873,182,FALSE,,,,,,,,db8d5eaa-7a17-4bd5-b0bb-4bbf85b52eda,,2026-03-27T15:14:20.102470Z,,,,,,,,,,,
59dbab14-1980-4f80-873e-d6520db4c4bc,2026-03-27T15:14:05.653264+00:00,inference,playbook_selector,1.0.0,detection,DET-141287,cust-tekstream-001,0.641,pb-lateral-movement,0.841,191.9,TRUE,,,,,,,,aef6ff3d-bf7c-49fb-825c-5b7ddc886849,,2026-03-27T15:14:05.653195Z,,,,,,,,,,,
9fec38bb-4b12-4fa0-910a-436e9d12e360,2026-03-27T15:14:05.213140+00:00,inference,playbook_selector,1.0.0,detection,DET-141286,cust-globex-003,0.922,pb-data-exfil-investigate,0.566,26.3,FALSE,,,,,,,,8b3b98c9-3561-4441-baa0-6eea8328c731,,2026-03-27T15:14:05.213088Z,,,,,,,,,,,
26ba3b71-1636-4c57-af34-9136d3d39c4b,2026-03-27T15:13:50.636833+00:00,inference,playbook_selector,1.0.0,detection,DET-141285,cust-acme-corp-002,0.714,pb-brute-force-block,0.663,83.8,FALSE,,,,,,,,a0a260b1-37b2-4fe6-99bd-e2e9e360eb9c,,2026-03-27T15:13:50.636757Z,,,,,,,,,,,
524443f0-face-49ed-8655-7fbd4a4c94d6,2026-03-27T15:13:50.195856+00:00,inference,playbook_selector,1.0.0,detection,DET-141284,cust-acme-corp-002,0.523,pb-ransomware-containment,0.817,91.5,FALSE,,,,,,,,fdd1d60a-c4a5-47e5-9eb6-291c06b7bf5a,,2026-03-27T15:13:50.195803Z,,,,,,,,,,,
527e6131-40ef-43ff-8c5d-e014a0ea13f5,2026-03-27T15:13:35.359433+00:00,inference,playbook_selector,1.0.0,detection,DET-141283,cust-acme-corp-002,0.774,pb-data-exfil-investigate,0.637,169.3,FALSE,,,,,,,,c2a4d586-c2ae-4bc2-82d7-7daf525a649d,,2026-03-27T15:13:35.359382Z,,,,,,,,,,,
3699acb5-a310-4af4-8cb8-6a6fc2e61a3d,2026-03-27T15:13:20.719400+00:00,inference,playbook_selector,1.0.0,detection,DET-141281,cust-acme-corp-002,0.907,pb-ransomware-containment,0.654,194.7,FALSE,,,,,,,,b5c23e11-7e07-4e7c-976f-6c80ff37f9cd,,2026-03-27T15:13:20.719349Z,,,,,,,,,,,
95f4d4d1-4264-4a38-a02b-e0edc668d57c,2026-03-27T15:13:20.399157+00:00,inference,playbook_selector,1.0.0,detection,DET-141280,cust-globex-003,0.755,pb-data-exfil-investigate,0.764,43.7,FALSE,,,,,,,,23b9f4bf-47a3-4f35-bf2e-e4e971b41f92,,2026-03-27T15:13:20.399105Z,,,,,,,,,,,
19ca1f97-c79e-4b34-b803-e1fca5bd00c9,2026-03-27T15:13:05.222044+00:00,inference,playbook_selector,1.0.0,detection,DET-141276,cust-acme-corp-002,0.616,pb-malware-response,0.628,136.3,FALSE,,,,,,,,758823dd-a0ab-48c3-bd49-de85a217f79e,,2026-03-27T15:13:05.221992Z,,,,,,,,,,,
390ae6fb-b8cc-4c6a-b29c-3f51e1f25503,2026-03-27T15:12:50.924074+00:00,inference,playbook_selector,1.0.0,detection,DET-141275,cust-tekstream-001,0.512,pb-brute-force-block,0.714,49.7,FALSE,,,,,,,,8f23ee95-4164-41bf-bc19-6a54455e0105,,2026-03-27T15:12:50.924021Z,,,,,,,,,,,
80f480eb-b0c0-423e-b6eb-742f10657b82,2026-03-27T15:12:50.171470+00:00,inference,playbook_selector,1.0.0,detection,DET-141273,cust-tekstream-001,0.966,pb-brute-force-block,0.868,7.4,FALSE,,,,,,,,22c97ff8-afd3-450c-9a7e-5e7177a44c9d,,2026-03-27T15:12:50.171418Z,,,,,,,,,,,
ca7b58c6-59e9-4889-83d8-8186145605f7,2026-03-27T15:12:35.928428+00:00,inference,playbook_selector,1.0.0,detection,DET-141272,cust-acme-corp-002,0.591,pb-ransomware-containment,0.871,110.3,TRUE,,,,,,,,54e706da-d144-4618-bab6-3bef3f41ed43,,2026-03-27T15:12:35.928361Z,,,,,,,,,,,
b674e5ab-a7e2-4f30-808b-d625adce5025,2026-03-27T15:12:35.527988+00:00,inference,playbook_selector,1.0.0,detection,DET-141271,cust-acme-corp-002,0.73,pb-ransomware-containment,0.628,166.5,FALSE,,,,,,,,cf5d2c4a-b1d6-478c-9601-970ea4741011,,2026-03-27T15:12:35.527935Z,,,,,,,,,,,
a94aad14-599e-4c2c-bbd2-2a3875650a81,2026-03-27T15:12:35.178238+00:00,inference,playbook_selector,1.0.0,detection,DET-141270,cust-acme-corp-002,0.812,pb-data-exfil-investigate,0.576,53.5,FALSE,,,,,,,,7d7b4d3c-a87f-45bc-81f4-e1a9cf620c9b,,2026-03-27T15:12:35.178187Z,,,,,,,,,,,
ad44e360-0981-44e4-87b5-b1ff7cea30a4,2026-03-27T15:12:20.383408+00:00,inference,playbook_selector,1.0.0,detection,DET-141269,cust-acme-corp-002,0.798,pb-data-exfil-investigate,0.677,126.2,TRUE,,,,,,,,63eb969d-9042-4e5c-99f4-53b08979e68f,,2026-03-27T15:12:20.383349Z,,,,,,,,,,,
c1fa940f-7157-4f59-a93c-db23775f1032,2026-03-27T15:12:20.033820+00:00,inference,playbook_selector,1.0.0,detection,DET-141268,cust-acme-corp-002,0.677,pb-brute-force-block,0.88,104.1,FALSE,,,,,,,,e0003494-a0e5-4638-882d-c6f256e7d14c,,2026-03-27T15:12:20.033767Z,,,,,,,,,,,
926681f2-40ea-4f2f-8a71-abe449e2cfb0,2026-03-27T15:12:06.249883+00:00,inference,playbook_selector,1.0.0,detection,DET-141267,cust-acme-corp-002,0.576,pb-malware-response,0.57,52,FALSE,,,,,,,,660318f2-bae6-484f-a479-f85de188f2b0,,2026-03-27T15:12:06.249832Z,,,,,,,,,,,
f7c74cf3-dd51-4305-9eea-1d13fad3e9fb,2026-03-27T15:12:05.908634+00:00,inference,playbook_selector,1.0.0,detection,DET-141266,cust-tekstream-001,0.553,pb-ransomware-containment,0.84,115.7,FALSE,,,,,,,,7d193d68-4a9d-4bfd-8365-ddb4cd0f636f,,2026-03-27T15:12:05.908577Z,,,,,,,,,,,
0db880eb-79bb-4fbf-bc1e-97ced78c4f31,2026-03-27T15:12:05.642812+00:00,inference,playbook_selector,1.0.0,detection,DET-141265,cust-globex-003,0.762,pb-lateral-movement,0.673,162.9,FALSE,,,,,,,,55b5c4aa-6785-446f-9e11-6d00ce60e509,,2026-03-27T15:12:05.642759Z,,,,,,,,,,,
47688036-7439-4342-9770-5e1c8bd909bf,2026-03-27T15:12:05.285271+00:00,inference,playbook_selector,1.0.0,detection,DET-141264,cust-globex-003,0.962,pb-lateral-movement,0.619,149,FALSE,,,,,,,,f54fe0ec-429c-4be6-82e5-bcf6f31efbdf,,2026-03-27T15:12:05.285217Z,,,,,,,,,,,
37e4f374-f45b-4337-9f0c-bee60a03697a,2026-03-27T15:11:50.526928+00:00,inference,playbook_selector,1.0.0,detection,DET-141262,cust-globex-003,0.675,pb-malware-response,0.591,17,FALSE,,,,,,,,2369de9f-a410-4592-8a81-6721a1fc625a,,2026-03-27T15:11:50.526874Z,,,,,,,,,,,
8ecdd46e-e867-4d1f-b215-0606c5291325,2026-03-27T15:11:35.303406+00:00,inference,playbook_selector,1.0.0,detection,DET-141260,cust-tekstream-001,0.608,pb-phishing-triage,0.774,30.4,FALSE,,,,,,,,dcd2b426-19c0-4970-a1ca-c8f16e85672c,,2026-03-27T15:11:35.303352Z,,,,,,,,,,,
81596943-1b7a-4f37-8191-6ebc01856282,2026-03-27T15:11:20.085921+00:00,inference,playbook_selector,1.0.0,detection,DET-141256,cust-globex-003,0.58,pb-ransomware-containment,0.913,126.5,FALSE,,,,,,,,4aab87b1-8c09-40c1-a106-5ecb653cf3ce,,2026-03-27T15:11:20.085869Z,,,,,,,,,,,
10fef69d-c1d7-48db-9753-d188a239e059,2026-03-27T15:10:35.813266+00:00,inference,playbook_selector,1.0.0,detection,DET-141252,cust-tekstream-001,0.537,pb-brute-force-block,0.711,71.1,FALSE,,,,,,,,b7739676-30c9-45b1-8863-97b58614160a,,2026-03-27T15:10:35.813209Z,,,,,,,,,,,
c1ac7c83-41e1-4f5d-a2c2-e6938496f2c7,2026-03-27T15:10:35.478399+00:00,inference,playbook_selector,1.0.0,detection,DET-141251,cust-globex-003,0.696,pb-phishing-triage,0.556,123,FALSE,,,,,,,,efbc3063-223f-4189-9178-a099864bd950,,2026-03-27T15:10:35.478347Z,,,,,,,,,,,
823e89bc-53a6-4303-8448-a89dc15a6500,2026-03-27T15:10:20.354763+00:00,inference,playbook_selector,1.0.0,detection,DET-141249,cust-tekstream-001,0.762,pb-data-exfil-investigate,0.694,92.8,FALSE,,,,,,,,8ec7c8b3-8a3f-4366-ad9c-83ee9aa90dfd,,2026-03-27T15:10:20.354712Z,,,,,,,,,,,
eecbeaf8-13a2-409e-9975-e47194449f0c,2026-03-27T15:10:20.194873+00:00,inference,playbook_selector,1.0.0,detection,DET-141248,cust-tekstream-001,0.737,pb-brute-force-block,0.888,151.1,TRUE,,,,,,,,c5fd8a2e-aa2c-4ef5-bbe9-30d4ccac3ede,,2026-03-27T15:10:20.194822Z,,,,,,,,,,,
4facd480-41db-4c01-814a-bbdb552b74e9,2026-03-27T15:10:06.344950+00:00,inference,playbook_selector,1.0.0,detection,DET-141247,cust-acme-corp-002,0.889,pb-phishing-triage,0.832,66.6,FALSE,,,,,,,,2085d8b3-d319-4c6d-8c26-f5c832ad1d8a,,2026-03-27T15:10:06.344898Z,,,,,,,,,,,
ceb7d124-b204-493e-b696-7f21c0b688d1,2026-03-27T15:10:05.390894+00:00,inference,playbook_selector,1.0.0,detection,DET-141245,cust-acme-corp-002,0.723,pb-phishing-triage,0.941,167.4,FALSE,,,,,,,,38ad4157-cdac-4ca1-8357-3abc6de483c6,,2026-03-27T15:10:05.390844Z,,,,,,,,,,,
b235a3b0-ed6f-4c88-a984-d0f7fece7ebb,2026-03-27T15:10:04.956050+00:00,inference,playbook_selector,1.0.0,detection,DET-141244,cust-acme-corp-002,0.793,pb-phishing-triage,0.567,117.8,TRUE,,,,,,,,07ec98b1-a0a1-4c0f-a928-f45ba2baff49,,2026-03-27T15:10:04.955999Z,,,,,,,,,,,
d19c37d9-92c5-49d8-b31f-efa93b5b275e,2026-03-27T15:09:49.961064+00:00,inference,playbook_selector,1.0.0,detection,DET-141242,cust-tekstream-001,0.599,pb-malware-response,0.987,69.2,TRUE,,,,,,,,17aa9339-7163-4242-befd-a17db196ab44,,2026-03-27T15:09:49.961011Z,,,,,,,,,,,
8856f2f3-8f35-4e91-8291-88d0b52fd45d,2026-03-27T15:09:21.263262+00:00,inference,playbook_selector,1.0.0,detection,DET-141240,cust-acme-corp-002,0.501,pb-lateral-movement,0.675,186.6,FALSE,,,,,,,,e812f721-c881-4ecd-b821-aeb4b889a46d,,2026-03-27T15:09:21.263206Z,,,,,,,,,,,
877a1065-573e-4a11-b1e1-d1ef041d7d4a,2026-03-27T15:09:20.841734+00:00,inference,playbook_selector,1.0.0,detection,DET-141239,cust-tekstream-001,0.847,pb-ransomware-containment,0.776,20.4,FALSE,,,,,,,,39c95e21-2ed6-4df4-b258-80c92fcf3293,,2026-03-27T15:09:20.841670Z,,,,,,,,,,,
a99f543f-dec0-4aaa-a611-1143abca0db8,2026-03-27T15:09:19.970446+00:00,inference,playbook_selector,1.0.0,detection,DET-141238,cust-acme-corp-002,0.752,pb-malware-response,0.846,37.3,FALSE,,,,,,,,ce93a1f0-a429-4b8c-8ab0-f0c0426fe2f7,,2026-03-27T15:09:19.970390Z,,,,,,,,,,,
497405d9-d998-4829-9389-184dea992682,2026-03-27T15:08:50.217909+00:00,inference,playbook_selector,1.0.0,detection,DET-141233,cust-acme-corp-002,0.515,pb-phishing-triage,0.637,191,TRUE,,,,,,,,69a97987-eb33-4e56-bef3-aa33d92adc73,,2026-03-27T15:08:50.217857Z,,,,,,,,,,,
49074dda-b092-42c2-bd85-1a624240f1e1,2026-03-27T15:08:20.956489+00:00,inference,playbook_selector,1.0.0,detection,DET-141231,cust-acme-corp-002,0.675,pb-ransomware-containment,0.961,163.1,FALSE,,,,,,,,982bf94b-546a-4f5a-b2bf-c963bf7db17e,,2026-03-27T15:08:20.956431Z,,,,,,,,,,,
226b1ca4-c8cb-4ae8-acbe-36a4a8a98a40,2026-03-27T15:08:20.643987+00:00,inference,playbook_selector,1.0.0,detection,DET-141230,cust-tekstream-001,0.564,pb-phishing-triage,0.94,169.6,TRUE,,,,,,,,0bda95a0-4b34-4a94-8aa4-d7910e67d056,,2026-03-27T15:08:20.643935Z,,,,,,,,,,,
03c50c00-6bb8-459d-a626-cb18c1030183,2026-03-27T15:08:19.948990+00:00,inference,playbook_selector,1.0.0,detection,DET-141228,cust-globex-003,0.682,pb-malware-response,0.956,175.9,FALSE,,,,,,,,0beb1a57-e6fc-4fb0-ad06-b2e120a0fcfd,,2026-03-27T15:08:19.948234Z,,,,,,,,,,,
7490e872-acff-4301-ab89-3fc397745ae0,2026-03-27T15:08:05.466201+00:00,inference,playbook_selector,1.0.0,detection,DET-141227,cust-tekstream-001,0.941,pb-malware-response,0.641,97.1,FALSE,,,,,,,,225c09bf-5ff1-413b-8754-ae6182cccbd5,,2026-03-27T15:08:05.466150Z,,,,,,,,,,,
d0f58981-519c-49c0-b54a-5ef04152076d,2026-03-27T15:08:05.170253+00:00,inference,playbook_selector,1.0.0,detection,DET-141226,cust-acme-corp-002,0.744,pb-phishing-triage,0.792,8,FALSE,,,,,,,,d6c2338b-b561-44b6-8ef6-dcb9aaca91f6,,2026-03-27T15:08:05.170202Z,,,,,,,,,,,
f667e1f3-616a-43cb-9f8e-6b6c8a54c6d5,2026-03-27T15:07:51.478447+00:00,inference,playbook_selector,1.0.0,detection,DET-141225,cust-acme-corp-002,0.513,pb-malware-response,0.578,112.7,FALSE,,,,,,,,210500d9-bc40-49a3-8129-908d26724622,,2026-03-27T15:07:51.478396Z,,,,,,,,,,,
3bb37166-3c0b-4ec9-8341-b079b7b50472,2026-03-27T15:07:50.891925+00:00,inference,playbook_selector,1.0.0,detection,DET-141224,cust-acme-corp-002,0.838,pb-brute-force-block,0.67,112.3,FALSE,,,,,,,,20ff8c7f-1b7c-4d12-aa81-1f3a1092348c,,2026-03-27T15:07:50.891874Z,,,,,,,,,,,
0a7b5f1c-1c4e-461c-a994-02ff606a55ff,2026-03-27T15:07:50.277567+00:00,inference,playbook_selector,1.0.0,detection,DET-141223,cust-acme-corp-002,0.653,pb-data-exfil-investigate,0.737,35.3,TRUE,,,,,,,,b105956b-b878-4b0b-af03-02f881eaa10b,,2026-03-27T15:07:50.277485Z,,,,,,,,,,,
bd11bc13-a5d4-491a-853b-14009c7da997,2026-03-27T15:07:36.455583+00:00,inference,playbook_selector,1.0.0,detection,DET-141221,cust-tekstream-001,0.851,pb-malware-response,0.699,10.2,FALSE,,,,,,,,ca82087f-fdb6-44de-aa37-5b88e0b41b7c,,2026-03-27T15:07:36.455532Z,,,,,,,,,,,
e51292ce-bf46-4329-baf7-5fe6b4de4ca0,2026-03-27T15:07:35.845658+00:00,inference,playbook_selector,1.0.0,detection,DET-141220,cust-tekstream-001,0.794,pb-data-exfil-investigate,0.843,106.5,FALSE,,,,,,,,532b3577-ac1f-4bf1-928c-623be68e0df9,,2026-03-27T15:07:35.845595Z,,,,,,,,,,,
fcb74cab-a9ad-4467-97e3-50d596715960,2026-03-27T15:07:35.232648+00:00,inference,playbook_selector,1.0.0,detection,DET-141219,cust-globex-003,0.844,pb-brute-force-block,0.842,28.8,FALSE,,,,,,,,769efc85-4631-4c6d-a647-525deba6e74a,,2026-03-27T15:07:35.232585Z,,,,,,,,,,,
d484d8b6-1d35-4abc-839a-e7a7580baf16,2026-03-27T15:07:20.557636+00:00,inference,playbook_selector,1.0.0,detection,DET-141216,cust-globex-003,0.707,pb-phishing-triage,0.695,58.4,FALSE,,,,,,,,8807bfbb-8723-4dba-b7c0-6b25e4126b0a,,2026-03-27T15:07:20.557581Z,,,,,,,,,,,
5db21531-a491-4873-b4b1-06b514ccc1bc,2026-03-27T15:07:20.394331+00:00,inference,playbook_selector,1.0.0,detection,DET-141215,cust-tekstream-001,0.601,pb-phishing-triage,0.566,73,FALSE,,,,,,,,724c8016-a651-4935-a22c-1cecd666c3cc,,2026-03-27T15:07:20.394281Z,,,,,,,,,,,
c39ade26-da8f-460b-822d-b4a1c546c1ca,2026-03-27T15:07:05.694172+00:00,inference,playbook_selector,1.0.0,detection,DET-141213,cust-acme-corp-002,0.908,pb-phishing-triage,0.922,175.6,TRUE,,,,,,,,7b499c74-3b51-4539-92b6-1442ec824cf4,,2026-03-27T15:07:05.694121Z,,,,,,,,,,,
7316f161-4c73-4dbd-9695-8ee948172aa9,2026-03-27T15:07:05.209058+00:00,inference,playbook_selector,1.0.0,detection,DET-141211,cust-acme-corp-002,0.525,pb-phishing-triage,0.887,130.6,FALSE,,,,,,,,8007612a-6a39-4c94-91b6-e908b7b7a0d6,,2026-03-27T15:07:05.209009Z,,,,,,,,,,,
ea9e3459-3296-49f3-a834-022d984a7c18,2026-03-27T15:06:35.785445+00:00,inference,playbook_selector,1.0.0,detection,DET-141208,cust-acme-corp-002,0.919,pb-lateral-movement,0.666,141.1,FALSE,,,,,,,,4549dd64-2ec9-4f03-a52d-4b52ca626665,,2026-03-27T15:06:35.785391Z,,,,,,,,,,,
4ff15096-76fd-4767-a13d-a356307a1ba2,2026-03-27T15:06:35.439744+00:00,inference,playbook_selector,1.0.0,detection,DET-141207,cust-acme-corp-002,0.535,pb-malware-response,0.597,47.2,TRUE,,,,,,,,5fcb7d23-b18b-43a0-9797-b450d2f8c76c,,2026-03-27T15:06:35.439692Z,,,,,,,,,,,
3da7f8f9-44df-4e28-a046-210091b3bef2,2026-03-27T15:06:20.355357+00:00,inference,playbook_selector,1.0.0,detection,DET-141205,cust-tekstream-001,0.52,pb-malware-response,0.61,193.4,TRUE,,,,,,,,f5f1be08-ade2-4396-b89d-2d5d7617f301,,2026-03-27T15:06:20.355299Z,,,,,,,,,,,
942c5a39-41a5-40aa-bf86-34424f6557e8,2026-03-27T15:06:20.085878+00:00,inference,playbook_selector,1.0.0,detection,DET-141204,cust-tekstream-001,0.531,pb-phishing-triage,0.874,181.9,FALSE,,,,,,,,94916e4b-273c-4cf1-8852-e58aa3723275,,2026-03-27T15:06:20.085825Z,,,,,,,,,,,
66246aab-dc56-4a78-9c94-ed3392b87661,2026-03-27T15:06:06.047683+00:00,inference,playbook_selector,1.0.0,detection,DET-141203,cust-acme-corp-002,0.504,pb-lateral-movement,0.652,172.2,TRUE,,,,,,,,2756b492-37ec-42b2-946b-cba0eb7ee1a4,,2026-03-27T15:06:06.047619Z,,,,,,,,,,,
7b2bb0f6-6fad-42ad-b2e1-1b6e8bc1da33,2026-03-27T15:06:05.866914+00:00,inference,playbook_selector,1.0.0,detection,DET-141202,cust-acme-corp-002,0.73,pb-lateral-movement,0.598,118.6,FALSE,,,,,,,,71b5eebc-9a8b-4f8b-ac5a-73090d9cd66a,,2026-03-27T15:06:05.866857Z,,,,,,,,,,,
ed417ea4-9599-4c81-aa6f-918ab389b442,2026-03-27T15:06:05.354870+00:00,inference,playbook_selector,1.0.0,detection,DET-141201,cust-globex-003,0.521,pb-malware-response,0.726,183.2,FALSE,,,,,,,,278c22f0-ab5a-47f5-91b6-4f1f4440d56d,,2026-03-27T15:06:05.354815Z,,,,,,,,,,,
5fd98f9d-45ac-44b6-8459-c966205b3e74,2026-03-27T15:06:04.942995+00:00,inference,playbook_selector,1.0.0,detection,DET-141200,cust-tekstream-001,0.954,pb-malware-response,0.786,154,TRUE,,,,,,,,d7bae0ab-db91-4d40-a2fd-651d12a137f2,,2026-03-27T15:06:04.942941Z,,,,,,,,,,,
089aaeb8-0ab0-4e31-8bbd-287f998ed4d7,2026-03-27T15:05:50.766477+00:00,inference,playbook_selector,1.0.0,detection,DET-141199,cust-acme-corp-002,0.956,pb-ransomware-containment,0.565,174,FALSE,,,,,,,,160e7645-6fa7-49e6-95d5-e0375e7de187,,2026-03-27T15:05:50.766426Z,,,,,,,,,,,
f7e86058-8a0d-4d1f-9fbf-8c8c8f1a0ef2,2026-03-27T15:05:50.091684+00:00,inference,playbook_selector,1.0.0,detection,DET-141197,cust-acme-corp-002,0.818,pb-malware-response,0.754,91.5,FALSE,,,,,,,,94add2e2-bffa-4f31-9bd3-5de370b9d25d,,2026-03-27T15:05:50.091635Z,,,,,,,,,,,
51d77a52-66b0-4193-bb97-5faa15e9a40a,2026-03-27T15:05:34.943945+00:00,inference,playbook_selector,1.0.0,detection,DET-141196,cust-tekstream-001,0.672,pb-malware-response,0.585,63.3,FALSE,,,,,,,,b0983732-7cf6-4419-8e8a-280f4ec1f39d,,2026-03-27T15:05:34.943897Z,,,,,,,,,,,
73fbf8e3-478d-4332-8e7a-b0468811aad9,2026-03-27T15:05:20.026960+00:00,inference,playbook_selector,1.0.0,detection,DET-141193,cust-tekstream-001,0.925,pb-malware-response,0.657,128.1,FALSE,,,,,,,,335b1b7b-b25a-41e6-aadc-035bc2bf5344,,2026-03-27T15:05:20.026910Z,,,,,,,,,,,
791208b7-04e2-45ce-a73b-e0ef8eff95b2,2026-03-27T15:05:05.862340+00:00,inference,playbook_selector,1.0.0,detection,DET-141191,cust-acme-corp-002,0.817,pb-ransomware-containment,0.951,18.5,FALSE,,,,,,,,652ac266-2c55-4dd1-8a17-642260499788,,2026-03-27T15:05:05.862288Z,,,,,,,,,,,
c1174f3a-9d26-4ede-b7be-9cb7a9610f35,2026-03-27T15:05:05.498584+00:00,inference,playbook_selector,1.0.0,detection,DET-141190,cust-tekstream-001,0.774,pb-data-exfil-investigate,0.808,125.2,FALSE,,,,,,,,0c18a1b1-b1ff-4e92-bcd6-ea3ae6700784,,2026-03-27T15:05:05.498529Z,,,,,,,,,,,
1a1a0b9b-95ae-4321-bbbb-01d324b9a130,2026-03-27T15:04:50.580824+00:00,inference,playbook_selector,1.0.0,detection,DET-141188,cust-tekstream-001,0.917,pb-ransomware-containment,0.828,17.3,FALSE,,,,,,,,6be2e08e-c985-466b-8c73-5dd338128c74,,2026-03-27T15:04:50.580773Z,,,,,,,,,,,
7d70adcd-2d82-4b48-acf6-202e4a9aee4e,2026-03-27T15:04:50.100790+00:00,inference,playbook_selector,1.0.0,detection,DET-141187,cust-globex-003,0.532,pb-phishing-triage,0.718,90.3,FALSE,,,,,,,,221b14b1-0923-4cb8-adf8-dc0e9f980c0c,,2026-03-27T15:04:50.100735Z,,,,,,,,,,,
6ed6e55a-4e39-47f0-ad95-896dacc64123,2026-03-27T15:04:35.182663+00:00,inference,playbook_selector,1.0.0,detection,DET-141186,cust-globex-003,0.962,pb-data-exfil-investigate,0.87,186.1,FALSE,,,,,,,,9b4cb24e-1ece-4f6b-a77d-88f97b123003,,2026-03-27T15:04:35.182608Z,,,,,,,,,,,
c9c837a2-5317-4f68-87f4-48796ca260f6,2026-03-27T15:04:20.438121+00:00,inference,playbook_selector,1.0.0,detection,DET-141185,cust-tekstream-001,0.849,pb-brute-force-block,0.61,171.4,FALSE,,,,,,,,2dfa1012-7d7c-4867-b60a-835c3e775b3f,,2026-03-27T15:04:20.438068Z,,,,,,,,,,,
5f9d81bf-b9b7-4a8f-a4fc-57f06b879af8,2026-03-27T15:04:20.154251+00:00,inference,playbook_selector,1.0.0,detection,DET-141184,cust-globex-003,0.894,pb-malware-response,0.625,163.2,FALSE,,,,,,,,64979c5f-e57e-4a9a-b3ab-0fb554b6c4a7,,2026-03-27T15:04:20.154200Z,,,,,,,,,,,
719890e9-dc92-4fcb-ad08-e4a5b950071c,2026-03-27T15:04:05.993154+00:00,inference,playbook_selector,1.0.0,detection,DET-141183,cust-acme-corp-002,0.512,pb-brute-force-block,0.664,158.2,FALSE,,,,,,,,09a851af-78e3-43d9-bc7c-b2b4417a5d45,,2026-03-27T15:04:05.993101Z,,,,,,,,,,,
b9f7fa40-d1a2-489e-9944-9f9d082150f8,2026-03-27T15:04:05.423501+00:00,inference,playbook_selector,1.0.0,detection,DET-141182,cust-tekstream-001,0.828,pb-ransomware-containment,0.662,25.4,FALSE,,,,,,,,2b62edb2-6659-419b-8b07-1a46e1de20e3,,2026-03-27T15:04:05.423450Z,,,,,,,,,,,
af253be2-5b31-4b5a-86bb-b9497da66cb1,2026-03-27T15:04:04.949844+00:00,inference,playbook_selector,1.0.0,detection,DET-141181,cust-acme-corp-002,0.537,pb-ransomware-containment,0.505,136.4,FALSE,,,,,,,,16b3144a-b864-4f64-a202-806fe633ac9e,,2026-03-27T15:04:04.949787Z,,,,,,,,,,,
d638349f-a287-4c39-a57f-cd7a3c81fb8b,2026-03-27T15:03:50.079725+00:00,inference,playbook_selector,1.0.0,detection,DET-141180,cust-globex-003,0.774,pb-ransomware-containment,0.577,42.5,FALSE,,,,,,,,cfd9132d-4be8-4eba-bfd3-07918d468eb1,,2026-03-27T15:03:50.079671Z,,,,,,,,,,,
be751620-ca46-4471-a6b6-05bc01a10e87,2026-03-27T15:03:20.973311+00:00,inference,playbook_selector,1.0.0,detection,DET-141176,cust-tekstream-001,0.741,pb-data-exfil-investigate,0.667,142.2,FALSE,,,,,,,,e72cb2cf-43f1-40e5-a57c-464143938e4e,,2026-03-27T15:03:20.973258Z,,,,,,,,,,,
69b8590d-6d29-49ac-9698-8b2f351c079e,2026-03-27T15:03:20.088609+00:00,inference,playbook_selector,1.0.0,detection,DET-141173,cust-globex-003,0.647,pb-brute-force-block,0.758,32.9,FALSE,,,,,,,,6d937ae3-9cc0-41ac-9d3d-cd75b5d3b706,,2026-03-27T15:03:20.088551Z,,,,,,,,,,,
14b7c16b-acb6-4079-b589-6b42ecd1fed5,2026-03-27T15:03:05.351423+00:00,inference,playbook_selector,1.0.0,detection,DET-141172,cust-acme-corp-002,0.609,pb-lateral-movement,0.692,178.5,FALSE,,,,,,,,2e6eded6-c3fa-46e0-b647-87e79b6e656e,,2026-03-27T15:03:05.351369Z,,,,,,,,,,,
294ad25e-2d8b-426f-8b9e-cc2a5e8470ea,2026-03-27T15:03:04.944067+00:00,inference,playbook_selector,1.0.0,detection,DET-141171,cust-tekstream-001,0.612,pb-data-exfil-investigate,0.98,186.3,FALSE,,,,,,,,9e7f6591-0c80-40a4-867c-17e480ae1910,,2026-03-27T15:03:04.944003Z,,,,,,,,,,,
9488b5c4-1680-432d-9c24-c520a287e87d,2026-03-27T15:02:35.683744+00:00,inference,playbook_selector,1.0.0,detection,DET-141169,cust-tekstream-001,0.945,pb-data-exfil-investigate,0.639,50,FALSE,,,,,,,,e05998e9-465c-4d7e-b1cd-b772f2824bb6,,2026-03-27T15:02:35.683686Z,,,,,,,,,,,
120cb69a-f117-43a5-a97c-9a2cdff7c26d,2026-03-27T15:02:35.232982+00:00,inference,playbook_selector,1.0.0,detection,DET-141168,cust-globex-003,0.501,pb-malware-response,0.639,97.8,FALSE,,,,,,,,d2286113-17be-497a-920e-818b579bbfd8,,2026-03-27T15:02:35.232925Z,,,,,,,,,,,
b7592da2-e6f5-4e49-a60c-da30f5fd82e1,2026-03-27T15:02:20.312869+00:00,inference,playbook_selector,1.0.0,detection,DET-141166,cust-acme-corp-002,0.632,pb-lateral-movement,0.868,169.8,TRUE,,,,,,,,07a66509-cd94-487a-9957-9c9dfed2d6cc,,2026-03-27T15:02:20.312815Z,,,,,,,,,,,
47fcdf11-9221-4224-85a1-bd2beccb8bef,2026-03-27T15:02:19.954419+00:00,inference,playbook_selector,1.0.0,detection,DET-141165,cust-acme-corp-002,0.928,pb-data-exfil-investigate,0.875,66.6,FALSE,,,,,,,,adb190d0-8cf0-499c-8f4a-e0eb2977d733,,2026-03-27T15:02:19.954367Z,,,,,,,,,,,
23814dbe-bdd4-4a7a-a0da-14f2aa6995a1,2026-03-27T15:02:05.541479+00:00,inference,playbook_selector,1.0.0,detection,DET-141164,cust-acme-corp-002,0.748,pb-phishing-triage,0.507,194.6,FALSE,,,,,,,,694c8f38-0fdc-4049-8219-c2adac8bcb6f,,2026-03-27T15:02:05.541407Z,,,,,,,,,,,
29744b1f-277f-4206-be26-0928758dc9ed,2026-03-27T15:01:50.170272+00:00,inference,playbook_selector,1.0.0,detection,DET-141162,cust-globex-003,0.841,pb-malware-response,0.791,60.7,TRUE,,,,,,,,27d9e8c9-9ae0-4761-b85e-2947b00454a1,,2026-03-27T15:01:50.170218Z,,,,,,,,,,,
0d9d7eda-113d-4131-a824-2fd361fb7ce0,2026-03-27T15:01:35.058697+00:00,inference,playbook_selector,1.0.0,detection,DET-141160,cust-globex-003,0.709,pb-phishing-triage,0.718,121.9,FALSE,,,,,,,,4231f217-5b86-443a-ae39-c40645ff8325,,2026-03-27T15:01:35.058644Z,,,,,,,,,,,
edca2954-1a0b-4191-ab30-d21c50900903,2026-03-27T15:01:20.648140+00:00,inference,playbook_selector,1.0.0,detection,DET-141157,cust-tekstream-001,0.812,pb-phishing-triage,0.857,30.6,FALSE,,,,,,,,4043f8f7-bdbc-4829-9cb1-0802763e02fa,,2026-03-27T15:01:20.648087Z,,,,,,,,,,,
a5bf681f-9fe6-42ff-b7f1-e0e13e5a5d0e,2026-03-27T15:01:19.954326+00:00,inference,playbook_selector,1.0.0,detection,DET-141156,cust-tekstream-001,0.524,pb-phishing-triage,0.809,182.5,FALSE,,,,,,,,e17a5305-d34b-4dcd-8c0a-ce397008b1e2,,2026-03-27T15:01:19.954274Z,,,,,,,,,,,
5ebba09f-ab7d-4433-913e-522000de8469,2026-03-27T15:00:36.239129+00:00,inference,playbook_selector,1.0.0,detection,DET-141153,cust-acme-corp-002,0.797,pb-brute-force-block,0.914,35.1,TRUE,,,,,,,,77dff9eb-600a-4acd-a132-0f70e85984f2,,2026-03-27T15:00:36.239078Z,,,,,,,,,,,
dbbe1b73-1cbf-4c28-a52f-52534b989282,2026-03-27T15:00:35.153212+00:00,inference,playbook_selector,1.0.0,detection,DET-141150,cust-tekstream-001,0.912,pb-brute-force-block,0.928,165.7,FALSE,,,,,,,,dc757d10-d5e0-4e28-9dbb-08854edeb274,,2026-03-27T15:00:35.153161Z,,,,,,,,,,,
6fb80516-ed45-4923-b9b3-4a6c06276ef3,2026-03-27T15:00:20.474914+00:00,inference,playbook_selector,1.0.0,detection,DET-141149,cust-globex-003,0.958,pb-ransomware-containment,0.746,171.4,FALSE,,,,,,,,fcf4740a-1a7c-42b5-8ce3-f32e9da3fe3e,,2026-03-27T15:00:20.474863Z,,,,,,,,,,,
8be8b4f9-7614-4f28-9ad7-0338a0102559,2026-03-27T15:00:05.097378+00:00,inference,playbook_selector,1.0.0,detection,DET-141145,cust-tekstream-001,0.614,pb-data-exfil-investigate,0.646,13.2,TRUE,,,,,,,,f0af0d09-44f3-4dbc-aa92-d03babdd09c5,,2026-03-27T15:00:05.097329Z,,,,,,,,,,,
a418a86f-b6d3-4482-bede-39814598121f,2026-03-27T14:59:36.139353+00:00,inference,playbook_selector,1.0.0,detection,DET-141143,cust-globex-003,0.554,pb-ransomware-containment,0.872,27.2,FALSE,,,,,,,,bfe901a9-7df6-4aa0-8eeb-16b3ed16cc2c,,2026-03-27T14:59:36.139301Z,,,,,,,,,,,
953d9da1-2fb0-4885-8f5e-d7bc20d77b14,2026-03-27T14:59:35.857473+00:00,inference,playbook_selector,1.0.0,detection,DET-141142,cust-tekstream-001,0.632,pb-data-exfil-investigate,0.818,12.6,FALSE,,,,,,,,bda57937-4b80-4344-96c7-3f8d9c8a5242,,2026-03-27T14:59:35.857420Z,,,,,,,,,,,
8a87e2ff-e343-4655-9483-85b4c7dd362c,2026-03-27T14:59:34.937192+00:00,inference,playbook_selector,1.0.0,detection,DET-141140,cust-tekstream-001,0.565,pb-phishing-triage,0.579,129.1,FALSE,,,,,,,,3b81a35d-6bcb-4af5-9cee-86190a377b48,,2026-03-27T14:59:34.937141Z,,,,,,,,,,,
c194dcdc-9835-4bfc-85dd-c0fbe79cae76,2026-03-27T14:59:20.100772+00:00,inference,playbook_selector,1.0.0,detection,DET-141139,cust-tekstream-001,0.975,pb-malware-response,0.564,93.7,FALSE,,,,,,,,400d7133-2806-45c6-913c-cb05ac5d1082,,2026-03-27T14:59:20.100720Z,,,,,,,,,,,
d6bccd02-eda7-4e6c-b9ca-111e7afeab38,2026-03-27T14:59:05.357009+00:00,inference,playbook_selector,1.0.0,detection,DET-141138,cust-acme-corp-002,0.835,pb-ransomware-containment,0.734,165.2,FALSE,,,,,,,,af9f4ca0-eb67-4a1b-8d86-767c4a4f67c3,,2026-03-27T14:59:05.356955Z,,,,,,,,,,,
8c5bf465-0a34-4548-8772-a6b8090283b7,2026-03-27T14:58:51.504163+00:00,inference,playbook_selector,1.0.0,detection,DET-141136,cust-acme-corp-002,0.686,pb-brute-force-block,0.53,39.2,FALSE,,,,,,,,0fd91411-51aa-45e1-a27e-c122470ea1e2,,2026-03-27T14:58:51.504113Z,,,,,,,,,,,
342f636c-a25e-4cf1-9fbe-4d0be7fd8802,2026-03-27T14:58:50.929152+00:00,inference,playbook_selector,1.0.0,detection,DET-141135,cust-globex-003,0.507,pb-malware-response,0.735,47.2,FALSE,,,,,,,,46b6c7ca-a0cb-4793-a1c0-5b4534dc0c9d,,2026-03-27T14:58:50.929096Z,,,,,,,,,,,
20011eb7-6dd1-49c9-86e8-3c4c1fc035d0,2026-03-27T14:58:50.137700+00:00,inference,playbook_selector,1.0.0,detection,DET-141133,cust-tekstream-001,0.928,pb-malware-response,0.693,50.9,TRUE,,,,,,,,c87a7e09-b6e4-4bc8-80cb-ed9ff3e7f748,,2026-03-27T14:58:50.137635Z,,,,,,,,,,,
7bd48f95-f3f1-48f9-bb21-14b0be20a691,2026-03-27T14:58:36.249087+00:00,inference,playbook_selector,1.0.0,detection,DET-141132,cust-tekstream-001,0.509,pb-lateral-movement,0.889,144.3,FALSE,,,,,,,,00670f37-4811-4fef-82b0-5ea6cda01e7b,,2026-03-27T14:58:36.249034Z,,,,,,,,,,,
4a83eab6-ed7a-409a-9416-728b45a2dfaf,2026-03-27T14:58:35.802451+00:00,inference,playbook_selector,1.0.0,detection,DET-141131,cust-globex-003,0.522,pb-phishing-triage,0.714,107.7,FALSE,,,,,,,,7d43f9b2-82d6-42c3-b932-1efe270981cb,,2026-03-27T14:58:35.802399Z,,,,,,,,,,,
a0a7923d-6a08-4daa-8d3c-7412096ed64c,2026-03-27T14:58:35.513959+00:00,inference,playbook_selector,1.0.0,detection,DET-141130,cust-acme-corp-002,0.907,pb-lateral-movement,0.626,198.4,FALSE,,,,,,,,73de0e4f-c274-451c-aa3b-b0b43dd5e08b,,2026-03-27T14:58:35.513909Z,,,,,,,,,,,
5c5ae8bf-600c-4b9b-9063-912cfdd211ab,2026-03-27T14:58:35.167431+00:00,inference,playbook_selector,1.0.0,detection,DET-141129,cust-globex-003,0.641,pb-phishing-triage,0.528,101.9,TRUE,,,,,,,,faf061a0-1c64-453d-821a-aaa6c0c22759,,2026-03-27T14:58:35.167378Z,,,,,,,,,,,
0e2c50c0-d655-451c-aa5d-fef4716fbe5e,2026-03-27T14:58:21.041455+00:00,inference,playbook_selector,1.0.0,detection,DET-141128,cust-globex-003,0.742,pb-lateral-movement,0.964,100.6,FALSE,,,,,,,,6d2e89f0-f0de-4278-b9e8-d6848965afc4,,2026-03-27T14:58:21.041403Z,,,,,,,,,,,
f5f2b1ad-621c-476d-b4b4-8f9c8417976f,2026-03-27T14:58:20.526446+00:00,inference,playbook_selector,1.0.0,detection,DET-141127,cust-tekstream-001,0.87,pb-brute-force-block,0.936,156.4,TRUE,,,,,,,,72355f5a-a8bc-4a3e-9ffb-8a5d896eb1f2,,2026-03-27T14:58:20.526387Z,,,,,,,,,,,
616b151d-9558-4009-a0ad-1cf7b0fa20bc,2026-03-27T14:58:20.010897+00:00,inference,playbook_selector,1.0.0,detection,DET-141125,cust-acme-corp-002,0.752,pb-ransomware-containment,0.716,174.5,FALSE,,,,,,,,ec58af4e-1283-4538-b984-9676cb40baaf,,2026-03-27T14:58:20.010844Z,,,,,,,,,,,
59c68561-c388-4f7d-90da-5e15decd084b,2026-03-27T14:58:05.032921+00:00,inference,playbook_selector,1.0.0,detection,DET-141123,cust-tekstream-001,0.708,pb-malware-response,0.749,120.2,FALSE,,,,,,,,e5465320-b76e-4514-b540-e1b80e21566e,,2026-03-27T14:58:05.032871Z,,,,,,,,,,,
0c3ad06f-bdbf-4576-bf67-637ecfe70231,2026-03-27T14:57:49.937910+00:00,inference,playbook_selector,1.0.0,detection,DET-141120,cust-tekstream-001,0.851,pb-lateral-movement,0.657,128.2,FALSE,,,,,,,,2d0a8b45-b6ae-4c3c-b225-de681359cec7,,2026-03-27T14:57:49.937858Z,,,,,,,,,,,
30e57323-9d5c-4128-9729-92772e2b3907,2026-03-27T14:57:35.011198+00:00,inference,playbook_selector,1.0.0,detection,DET-141119,cust-acme-corp-002,0.961,pb-malware-response,0.905,188.8,FALSE,,,,,,,,0ae9c931-c49b-4118-af56-1c38e69b3c72,,2026-03-27T14:57:35.011148Z,,,,,,,,,,,
329e3679-72a2-486a-8d58-246014384eae,2026-03-27T14:57:19.877289+00:00,inference,playbook_selector,1.0.0,detection,DET-141118,cust-tekstream-001,0.568,pb-malware-response,0.685,188.9,FALSE,,,,,,,,20f66372-0f21-4550-b38d-dbf2d1769999,,2026-03-27T14:57:19.877237Z,,,,,,,,,,,
875c786e-7aa5-4397-94d7-ba27e44cec43,2026-03-27T14:57:05.464630+00:00,inference,playbook_selector,1.0.0,detection,DET-141116,cust-globex-003,0.627,pb-phishing-triage,0.586,155.4,FALSE,,,,,,,,90a777b6-d813-4bea-9ee8-023c54533155,,2026-03-27T14:57:05.464561Z,,,,,,,,,,,
128cadfb-4f59-462f-be36-1d121fb2d5f0,2026-03-27T14:57:04.987046+00:00,inference,playbook_selector,1.0.0,detection,DET-141115,cust-tekstream-001,0.929,pb-lateral-movement,0.827,122.1,FALSE,,,,,,,,72384e63-514c-46b3-ade2-3e523226212c,,2026-03-27T14:57:04.986993Z,,,,,,,,,,,
39fee3a2-3430-465d-91cb-4240f6803035,2026-03-27T14:56:35.905950+00:00,inference,playbook_selector,1.0.0,detection,DET-141111,cust-globex-003,0.646,pb-lateral-movement,0.876,14.2,TRUE,,,,,,,,9656ea9a-d5a8-4789-b2f4-479e15cce53b,,2026-03-27T14:56:35.905900Z,,,,,,,,,,,
9dd9f54f-9594-4a86-ad02-99bf2973b1c2,2026-03-27T14:56:35.322787+00:00,inference,playbook_selector,1.0.0,detection,DET-141110,cust-tekstream-001,0.728,pb-malware-response,0.701,85.7,FALSE,,,,,,,,475ecd0b-1b95-48b2-bf3e-581ddffecaf3,,2026-03-27T14:56:35.322696Z,,,,,,,,,,,
74dfea93-2f96-41b2-9233-40a2e75d4c51,2026-03-27T14:56:34.941428+00:00,inference,playbook_selector,1.0.0,detection,DET-141109,cust-globex-003,0.776,pb-brute-force-block,0.972,89.7,FALSE,,,,,,,,babfb16b-ede4-4819-8a78-fa835437a427,,2026-03-27T14:56:34.941376Z,,,,,,,,,,,
ba298267-0b54-45cf-a6b8-804f57cb7d1a,2026-03-27T14:56:20.401587+00:00,inference,playbook_selector,1.0.0,detection,DET-141108,cust-tekstream-001,0.867,pb-data-exfil-investigate,0.744,130.7,TRUE,,,,,,,,df43a6b5-70ea-412b-8d5e-27c9e53ceff7,,2026-03-27T14:56:20.401535Z,,,,,,,,,,,
308fbbbc-3b5e-4290-9bbd-b4bb894c2917,2026-03-27T14:56:19.898685+00:00,inference,playbook_selector,1.0.0,detection,DET-141106,cust-acme-corp-002,0.554,pb-lateral-movement,0.942,72,FALSE,,,,,,,,2d7ad8f0-f28e-4869-b56a-ce43286fc150,,2026-03-27T14:56:19.898633Z,,,,,,,,,,,
766ce7c4-d0d7-4bd8-9e3d-74c79f745ee3,2026-03-27T14:56:05.058425+00:00,inference,playbook_selector,1.0.0,detection,DET-141103,cust-tekstream-001,0.577,pb-malware-response,0.852,34.8,FALSE,,,,,,,,973d9b1e-d2ca-48f6-bf11-a7be7ae236aa,,2026-03-27T14:56:05.058373Z,,,,,,,,,,,
d1cefe16-f825-40d3-a1b2-99ef71c2e32d,2026-03-27T14:55:49.945042+00:00,inference,playbook_selector,1.0.0,detection,DET-141101,cust-acme-corp-002,0.663,pb-data-exfil-investigate,0.82,186.6,FALSE,,,,,,,,dccd6d1e-0c7c-44ce-a7c4-88fdf742747f,,2026-03-27T14:55:49.944992Z,,,,,,,,,,,
308d6e74-950a-4f04-becd-34ffa3064577,2026-03-27T14:55:35.813557+00:00,inference,playbook_selector,1.0.0,detection,DET-141100,cust-globex-003,0.87,pb-malware-response,0.829,9.1,FALSE,,,,,,,,c4e60dfc-77ac-40c9-a8c6-0c71678cbf44,,2026-03-27T14:55:35.813477Z,,,,,,,,,,,
ad655792-2dd7-490f-9bed-74c0f2261460,2026-03-27T14:55:35.009386+00:00,inference,playbook_selector,1.0.0,detection,DET-141097,cust-tekstream-001,0.599,pb-lateral-movement,0.668,138.7,FALSE,,,,,,,,bb84db2d-3e6f-45eb-8eb2-666f049db9b9,,2026-03-27T14:55:35.009330Z,,,,,,,,,,,
83e654a0-fd2e-4211-892c-11f9cd63234c,2026-03-27T14:55:19.869389+00:00,inference,playbook_selector,1.0.0,detection,DET-141096,cust-globex-003,0.641,pb-ransomware-containment,0.972,122.1,TRUE,,,,,,,,ab59883d-6e5e-4891-87f0-4e2794adc9e3,,2026-03-27T14:55:19.869336Z,,,,,,,,,,,
4c22d249-9669-4ddd-99c8-f6fca9a52956,2026-03-27T14:55:06.132911+00:00,inference,playbook_selector,1.0.0,detection,DET-141095,cust-tekstream-001,0.556,pb-phishing-triage,0.655,118.5,FALSE,,,,,,,,faf6383f-feb5-4f54-a8e3-234cae088f58,,2026-03-27T14:55:06.132859Z,,,,,,,,,,,
12d64df6-43cc-4dfc-9b9f-ed8686ea6690,2026-03-27T14:55:05.349563+00:00,inference,playbook_selector,1.0.0,detection,DET-141093,cust-acme-corp-002,0.608,pb-lateral-movement,0.588,156.7,TRUE,,,,,,,,91087efa-2367-4388-ae3b-30e322091d8c,,2026-03-27T14:55:05.349480Z,,,,,,,,,,,
ac424c2e-cfe1-40d6-aabc-893a50291b45,2026-03-27T14:55:04.999399+00:00,inference,playbook_selector,1.0.0,detection,DET-141092,cust-globex-003,0.677,pb-ransomware-containment,0.82,168.6,FALSE,,,,,,,,d1eda88b-849f-4f42-a375-f0eadd3f74d2,,2026-03-27T14:55:04.999345Z,,,,,,,,,,,
5eb32a30-a0d0-454a-8c6c-e3451d1ff668,2026-03-27T14:54:34.872780+00:00,inference,playbook_selector,1.0.0,detection,DET-141088,cust-globex-003,0.501,pb-malware-response,0.891,115.3,FALSE,,,,,,,,1f32f568-3497-4441-9248-24d61604a135,,2026-03-27T14:54:34.872729Z,,,,,,,,,,,
e2d70a8d-9366-47b2-b558-bb759e391e12,2026-03-27T14:54:05.027156+00:00,inference,playbook_selector,1.0.0,detection,DET-141085,cust-tekstream-001,0.53,pb-brute-force-block,0.577,167.5,FALSE,,,,,,,,f107e44e-11e2-4c14-8540-eb4fb413a7ee,,2026-03-27T14:54:05.027101Z,,,,,,,,,,,
4033a8d7-bd3a-4b87-bd31-6994489ef5a8,2026-03-27T14:53:51.328520+00:00,inference,playbook_selector,1.0.0,detection,DET-141084,cust-acme-corp-002,0.805,pb-malware-response,0.663,13.3,FALSE,,,,,,,,e461dd9e-0066-4114-b86f-9448271cd4b7,,2026-03-27T14:53:51.328460Z,,,,,,,,,,,
21f75067-532f-4340-b355-7ba1e0e7c02f,2026-03-27T14:53:50.864545+00:00,inference,playbook_selector,1.0.0,detection,DET-141083,cust-tekstream-001,0.655,pb-malware-response,0.961,31.2,FALSE,,,,,,,,4a640a37-086d-4e63-83fd-b99a7a5bf45c,,2026-03-27T14:53:50.864490Z,,,,,,,,,,,
b894c4b7-37bf-4361-ba69-7360070e3ac8,2026-03-27T14:53:49.955391+00:00,inference,playbook_selector,1.0.0,detection,DET-141081,cust-tekstream-001,0.736,pb-malware-response,0.776,14.2,FALSE,,,,,,,,ec143e46-b8b7-47ef-bb6a-cde9152d02a3,,2026-03-27T14:53:49.955339Z,,,,,,,,,,,
eaf5d378-8133-40a1-83e6-e7ad9f610b0f,2026-03-27T14:53:35.824639+00:00,inference,playbook_selector,1.0.0,detection,DET-141080,cust-acme-corp-002,0.691,pb-brute-force-block,0.855,61.4,FALSE,,,,,,,,9445cb56-9aeb-4e96-9f91-9c0a82addeb0,,2026-03-27T14:53:35.824585Z,,,,,,,,,,,
a997e8d2-d767-46c4-9e55-7df4d8cc0a57,2026-03-27T14:53:35.369355+00:00,inference,playbook_selector,1.0.0,detection,DET-141079,cust-globex-003,0.784,pb-phishing-triage,0.927,47.7,FALSE,,,,,,,,9750d308-f000-42e0-bd5d-a3be3643a476,,2026-03-27T14:53:35.369302Z,,,,,,,,,,,
536110f3-5ea7-46c9-9f7c-91b1c29614cc,2026-03-27T14:53:20.524172+00:00,inference,playbook_selector,1.0.0,detection,DET-141077,cust-tekstream-001,0.511,pb-malware-response,0.577,10.7,FALSE,,,,,,,,a558bb09-910b-498b-9ef4-2e0f126c94b4,,2026-03-27T14:53:20.524119Z,,,,,,,,,,,
d499fe16-e626-410b-9c13-6f6ab169b865,2026-03-27T14:53:19.869282+00:00,inference,playbook_selector,1.0.0,detection,DET-141075,cust-globex-003,0.877,pb-malware-response,0.728,113.4,TRUE,,,,,,,,a3e369b5-1987-4b13-a045-8ef09e594b50,,2026-03-27T14:53:19.869233Z,,,,,,,,,,,
a1e944ad-fe0e-48a9-8ec0-6fba17c4d242,2026-03-27T14:53:05.062068+00:00,inference,playbook_selector,1.0.0,detection,DET-141074,cust-acme-corp-002,0.822,pb-malware-response,0.59,131.2,FALSE,,,,,,,,0d54a7fd-4a07-4d3d-b387-989556f0f483,,2026-03-27T14:53:05.062018Z,,,,,,,,,,,
3c4c36f8-83c0-49ec-ae6b-c6e99e775077,2026-03-27T14:52:49.866414+00:00,inference,playbook_selector,1.0.0,detection,DET-141072,cust-globex-003,0.509,pb-brute-force-block,0.508,165.3,FALSE,,,,,,,,d62f8557-8c74-404e-8fee-5ee4a8ba6642,,2026-03-27T14:52:49.866362Z,,,,,,,,,,,
afc2e1d4-119f-4d8a-90c2-aa8fccacaf0a,2026-03-27T14:52:35.415294+00:00,inference,playbook_selector,1.0.0,detection,DET-141071,cust-globex-003,0.93,pb-malware-response,0.696,38.8,TRUE,,,,,,,,a966c42b-4235-47d3-b2f8-f5b3e27f3436,,2026-03-27T14:52:35.415237Z,,,,,,,,,,,
79700391-99e2-4e47-8fa1-ea409a04af76,2026-03-27T14:52:19.877303+00:00,inference,playbook_selector,1.0.0,detection,DET-141068,cust-globex-003,0.963,pb-malware-response,0.726,100.6,FALSE,,,,,,,,61d4b787-a253-474e-9720-8182fd991ce9,,2026-03-27T14:52:19.877256Z,,,,,,,,,,,
221b2c69-8589-4c80-8c5c-a691d993d04b,2026-03-27T14:51:50.478708+00:00,inference,playbook_selector,1.0.0,detection,DET-141066,cust-acme-corp-002,0.856,pb-data-exfil-investigate,0.646,147.8,FALSE,,,,,,,,9832389c-a8a3-4ff3-acc1-fe8965871518,,2026-03-27T14:51:50.478655Z,,,,,,,,,,,
7a3f2053-f859-4e6f-a12b-3a60fd359e32,2026-03-27T14:51:34.861968+00:00,inference,playbook_selector,1.0.0,detection,DET-141063,cust-tekstream-001,0.584,pb-brute-force-block,0.96,104.6,TRUE,,,,,,,,9b4e2739-3c2c-4ce8-b41d-e7425d67ebae,,2026-03-27T14:51:34.861869Z,,,,,,,,,,,
b24a6dc3-d934-4bf0-99a7-d102bde81278,2026-03-27T14:51:20.898953+00:00,inference,playbook_selector,1.0.0,detection,DET-141062,cust-tekstream-001,0.662,pb-ransomware-containment,0.808,83.5,FALSE,,,,,,,,6ae1ed31-d531-43d1-8ae4-ff27fa5a0842,,2026-03-27T14:51:20.898902Z,,,,,,,,,,,
d6be05c6-e796-4fd7-b8ac-24caca3c1516,2026-03-27T14:51:20.501737+00:00,inference,playbook_selector,1.0.0,detection,DET-141060,cust-acme-corp-002,0.543,pb-data-exfil-investigate,0.593,88.4,FALSE,,,,,,,,5ae45174-0d40-4b62-a96c-cc59efe3ad8f,,2026-03-27T14:51:20.501684Z,,,,,,,,,,,
53dd065f-3902-4a44-9f38-9197ed3b3e44,2026-03-27T14:51:20.124504+00:00,inference,playbook_selector,1.0.0,detection,DET-141059,cust-tekstream-001,0.768,pb-ransomware-containment,0.513,109.6,FALSE,,,,,,,,4e34a156-87a4-4f2f-98a2-1727b08bb17c,,2026-03-27T14:51:20.124449Z,,,,,,,,,,,
599d8488-0859-427a-8830-d017a04ba2f8,2026-03-27T14:51:04.857948+00:00,inference,playbook_selector,1.0.0,detection,DET-141058,cust-tekstream-001,0.655,pb-brute-force-block,0.886,192.1,FALSE,,,,,,,,54253a2d-3547-446a-b9ef-e28ba0d17bed,,2026-03-27T14:51:04.857896Z,,,,,,,,,,,
df17b697-faa0-4eb2-b77a-f6f3f879350e,2026-03-27T14:50:50.882207+00:00,inference,playbook_selector,1.0.0,detection,DET-141057,cust-tekstream-001,0.881,pb-phishing-triage,0.638,137.9,FALSE,,,,,,,,3f2896f6-a3e9-4e98-972f-49cbd4626a86,,2026-03-27T14:50:50.882154Z,,,,,,,,,,,
cd1aa496-9d80-4af1-b40e-d5489828395e,2026-03-27T14:50:36.194545+00:00,inference,playbook_selector,1.0.0,detection,DET-141054,cust-globex-003,0.915,pb-brute-force-block,0.727,41.2,FALSE,,,,,,,,75684afc-134b-4004-b292-46f603cf4a5c,,2026-03-27T14:50:36.194493Z,,,,,,,,,,,
939769bc-08ec-492d-bc48-f180dfcb28c3,2026-03-27T14:50:36.077882+00:00,inference,playbook_selector,1.0.0,detection,DET-141053,cust-acme-corp-002,0.757,pb-phishing-triage,0.781,61.3,FALSE,,,,,,,,93359c58-7fd5-4c3b-982d-00c89e9b0802,,2026-03-27T14:50:36.077823Z,,,,,,,,,,,
85c794ee-18c1-4522-b083-57cf46effabd,2026-03-27T14:50:35.667490+00:00,inference,playbook_selector,1.0.0,detection,DET-141052,cust-tekstream-001,0.744,pb-ransomware-containment,0.528,38.8,FALSE,,,,,,,,8cee98e5-a43f-43da-bdc0-cb453acad59b,,2026-03-27T14:50:35.667441Z,,,,,,,,,,,
da029635-113c-4794-ba56-119843589f17,2026-03-27T14:50:35.085825+00:00,inference,playbook_selector,1.0.0,detection,DET-141051,cust-globex-003,0.55,pb-data-exfil-investigate,0.735,20.6,FALSE,,,,,,,,33663c2b-29fa-46b9-a2d8-ffb35521605e,,2026-03-27T14:50:35.085770Z,,,,,,,,,,,
cede4a6c-4e3e-4254-bab6-0eb36cc352d8,2026-03-27T14:50:20.014364+00:00,inference,playbook_selector,1.0.0,detection,DET-141050,cust-acme-corp-002,0.709,pb-data-exfil-investigate,0.839,176.3,FALSE,,,,,,,,e1718baf-ba44-4077-8d6c-4e336a484abc,,2026-03-27T14:50:20.014308Z,,,,,,,,,,,
76d76be5-3f48-4cb3-945d-3d287814c879,2026-03-27T14:50:04.954217+00:00,inference,playbook_selector,1.0.0,detection,DET-141049,cust-acme-corp-002,0.523,pb-brute-force-block,0.725,195.7,FALSE,,,,,,,,cde8b8be-9188-4df0-be10-d786c742313e,,2026-03-27T14:50:04.954164Z,,,,,,,,,,,
d597caee-7d88-4b00-92d3-536fe32c8c5f,2026-03-27T14:49:49.929106+00:00,inference,playbook_selector,1.0.0,detection,DET-141048,cust-globex-003,0.875,pb-data-exfil-investigate,0.783,107.7,FALSE,,,,,,,,514ace72-71d7-46fd-9df5-925473c28a24,,2026-03-27T14:49:49.929048Z,,,,,,,,,,,
c8c3b33e-636e-48af-90ea-d6f527a2c79e,2026-03-27T14:49:35.484427+00:00,inference,playbook_selector,1.0.0,detection,DET-141047,cust-globex-003,0.518,pb-data-exfil-investigate,0.714,8.5,FALSE,,,,,,,,8ebd64e3-a72e-4dd2-873b-6e497daf8727,,2026-03-27T14:49:35.484257Z,,,,,,,,,,,
5f80f8f2-91bb-49c6-8442-ec380ad921a0,2026-03-27T14:49:20.397792+00:00,inference,playbook_selector,1.0.0,detection,DET-141045,cust-acme-corp-002,0.689,pb-malware-response,0.837,150.1,FALSE,,,,,,,,4671b31a-9bd6-4b97-adc3-5f5ed26a761f,,2026-03-27T14:49:20.397741Z,,,,,,,,,,,
1c258b8f-361f-4752-8805-db7b2dce74af,2026-03-27T14:49:19.990258+00:00,inference,playbook_selector,1.0.0,detection,DET-141044,cust-tekstream-001,0.702,pb-data-exfil-investigate,0.752,29.1,FALSE,,,,,,,,1191bcd1-2cdf-4e68-b663-b4d10ee082dd,,2026-03-27T14:49:19.990192Z,,,,,,,,,,,
82478a10-1769-4380-a410-79a0e06d5e7c,2026-03-27T14:49:05.870564+00:00,inference,playbook_selector,1.0.0,detection,DET-141043,cust-tekstream-001,0.622,pb-phishing-triage,0.609,181.9,TRUE,,,,,,,,b2c964be-4d16-4a5e-9a3b-49552110c240,,2026-03-27T14:49:05.870511Z,,,,,,,,,,,
79bd1531-14c2-437c-b13f-4f0ea8e055cc,2026-03-27T14:49:05.345104+00:00,inference,playbook_selector,1.0.0,detection,DET-141041,cust-globex-003,0.813,pb-ransomware-containment,0.904,107.9,TRUE,,,,,,,,11d1918f-e32a-4605-a905-df5df4bf3c4e,,2026-03-27T14:49:05.345049Z,,,,,,,,,,,
5cec8912-8638-4b3d-88ff-f83adc61b9b2,2026-03-27T14:48:50.440832+00:00,inference,playbook_selector,1.0.0,detection,DET-141039,cust-globex-003,0.549,pb-ransomware-containment,0.691,79.4,FALSE,,,,,,,,f3e3d1e7-168e-49aa-ac71-e6711df780fb,,2026-03-27T14:48:50.440780Z,,,,,,,,,,,
353697d0-c325-4455-b9b7-4eefdb7cc520,2026-03-27T14:48:50.232309+00:00,inference,playbook_selector,1.0.0,detection,DET-141038,cust-globex-003,0.925,pb-phishing-triage,0.832,84.9,FALSE,,,,,,,,ddbd55bf-bf15-4ae6-ab21-cf7e1fc4b732,,2026-03-27T14:48:50.232261Z,,,,,,,,,,,
4e065c71-597b-45dc-928c-ed656bb85dee,2026-03-27T14:48:35.574164+00:00,inference,playbook_selector,1.0.0,detection,DET-141036,cust-acme-corp-002,0.772,pb-brute-force-block,0.766,139.9,FALSE,,,,,,,,83ef1e28-8087-4529-a995-0eb0f6905e41,,2026-03-27T14:48:35.574112Z,,,,,,,,,,,
9a1e6c70-7572-4679-9213-a537618629d7,2026-03-27T14:48:35.388013+00:00,inference,playbook_selector,1.0.0,detection,DET-141035,cust-tekstream-001,0.759,pb-malware-response,0.791,108.3,TRUE,,,,,,,,856a245a-11b8-4d72-845b-d205e78f0559,,2026-03-27T14:48:35.387962Z,,,,,,,,,,,
03de18b4-13e9-4b96-93ac-34c203710c53,2026-03-27T14:48:20.974202+00:00,inference,playbook_selector,1.0.0,detection,DET-141032,cust-globex-003,0.96,pb-ransomware-containment,0.525,137.3,TRUE,,,,,,,,99f2e337-c3cc-47b9-a5ed-6f368a18836c,,2026-03-27T14:48:20.974148Z,,,,,,,,,,,
b5d29620-e91c-4702-875d-f7560823f51d,2026-03-27T14:48:20.480547+00:00,inference,playbook_selector,1.0.0,detection,DET-141031,cust-globex-003,0.605,pb-ransomware-containment,0.544,189.3,FALSE,,,,,,,,ad175303-5c8d-430f-b7bc-4a10d978312d,,2026-03-27T14:48:20.480485Z,,,,,,,,,,,
1126de10-e1eb-49ce-af54-0204a0180138,2026-03-27T14:48:19.949230+00:00,inference,playbook_selector,1.0.0,detection,DET-141030,cust-globex-003,0.715,pb-ransomware-containment,0.546,47,FALSE,,,,,,,,b8e4eea2-b0c7-4185-b7c6-86cdde77eaff,,2026-03-27T14:48:19.949176Z,,,,,,,,,,,
08b28d6e-e66c-4864-8e2b-131877f0e69d,2026-03-27T14:48:06.325230+00:00,inference,playbook_selector,1.0.0,detection,DET-141029,cust-acme-corp-002,0.685,pb-phishing-triage,0.942,165.6,FALSE,,,,,,,,db65f199-2fd0-4cc3-8c8e-15a252abcf70,,2026-03-27T14:48:06.325175Z,,,,,,,,,,,
576ae889-59a0-443b-925b-acb4002e3107,2026-03-27T14:48:05.484208+00:00,inference,playbook_selector,1.0.0,detection,DET-141027,cust-globex-003,0.513,pb-brute-force-block,0.796,17.1,FALSE,,,,,,,,8c54d6f3-1924-427f-81e5-89fe35540087,,2026-03-27T14:48:05.484157Z,,,,,,,,,,,
21b4b550-fd3f-4ce7-a336-111acd00cf5a,2026-03-27T14:47:50.034432+00:00,inference,playbook_selector,1.0.0,detection,DET-141025,cust-acme-corp-002,0.622,pb-data-exfil-investigate,0.676,173.6,FALSE,,,,,,,,48de68ac-71ca-47e4-b752-99327df193b3,,2026-03-27T14:47:50.034378Z,,,,,,,,,,,
71f11c15-af51-40b2-b401-576b99c0f2a5,2026-03-27T14:47:05.815450+00:00,inference,playbook_selector,1.0.0,detection,DET-141018,cust-acme-corp-002,0.729,pb-phishing-triage,0.656,165.8,FALSE,,,,,,,,f62f8612-e182-4a3c-94d3-aa0db2c9e9e1,,2026-03-27T14:47:05.815399Z,,,,,,,,,,,
916b17bc-43a6-447a-868d-a852be3e4da4,2026-03-27T14:47:05.145059+00:00,inference,playbook_selector,1.0.0,detection,DET-141015,cust-acme-corp-002,0.922,pb-malware-response,0.847,175.2,FALSE,,,,,,,,0bed6bcd-ad50-4070-90c2-2226d0bbcd73,,2026-03-27T14:47:05.144992Z,,,,,,,,,,,
e18d48ec-fabe-40c4-aafd-a57ba02da5f4,2026-03-27T14:46:50.281104+00:00,inference,playbook_selector,1.0.0,detection,DET-141014,cust-acme-corp-002,0.51,pb-phishing-triage,0.836,96,FALSE,,,,,,,,61157591-78c2-4709-8a02-4b0ace0217fe,,2026-03-27T14:46:50.281054Z,,,,,,,,,,,
9c873e4c-f5aa-4953-9439-7a06402b262e,2026-03-27T14:46:21.062414+00:00,inference,playbook_selector,1.0.0,detection,DET-141011,cust-acme-corp-002,0.889,pb-lateral-movement,0.859,62.2,FALSE,,,,,,,,99feffdf-0911-4b76-a16b-6e6a4f69dfaf,,2026-03-27T14:46:21.062362Z,,,,,,,,,,,
e8c35e09-c635-4a3d-9302-3efd5b006391,2026-03-27T14:46:19.918632+00:00,inference,playbook_selector,1.0.0,detection,DET-141008,cust-acme-corp-002,0.762,pb-data-exfil-investigate,0.824,156.7,FALSE,,,,,,,,eb9303be-4cd3-42c5-9a24-2b84d33c26f4,,2026-03-27T14:46:19.918541Z,,,,,,,,,,,
bc297ded-1c2b-4f26-8e3d-014e98a2b5bd,2026-03-27T14:46:04.878075+00:00,inference,playbook_selector,1.0.0,detection,DET-141007,cust-acme-corp-002,0.87,pb-data-exfil-investigate,0.987,100,FALSE,,,,,,,,cf1d168b-cbe5-48e4-9393-ffe58ca4550c,,2026-03-27T14:46:04.878024Z,,,,,,,,,,,
fba954a8-fc06-43f9-8d9b-4e1dfb740f5c,2026-03-27T14:45:49.979759+00:00,inference,playbook_selector,1.0.0,detection,DET-141006,cust-globex-003,0.518,pb-phishing-triage,0.868,174.2,FALSE,,,,,,,,17032e44-c3ce-4863-9ac3-022afce63d84,,2026-03-27T14:45:49.979710Z,,,,,,,,,,,
c271acdd-e065-4488-babd-3bfd8bce9354,2026-03-27T14:45:35.355095+00:00,inference,playbook_selector,1.0.0,detection,DET-141005,cust-acme-corp-002,0.622,pb-lateral-movement,0.754,184.7,FALSE,,,,,,,,c2aae409-bdc2-42bd-9a04-efb10929f0e7,,2026-03-27T14:45:35.355036Z,,,,,,,,,,,
3e27672f-2337-43bd-b850-d71453b58d23,2026-03-27T14:45:34.850418+00:00,inference,playbook_selector,1.0.0,detection,DET-141004,cust-acme-corp-002,0.599,pb-brute-force-block,0.85,19.1,FALSE,,,,,,,,f9938c21-09a8-4ae2-b03a-24e202b65d7c,,2026-03-27T14:45:34.850366Z,,,,,,,,,,,
f872802a-2e3e-419f-a72a-595c339bd04e,2026-03-27T14:45:21.240202+00:00,inference,playbook_selector,1.0.0,detection,DET-141003,cust-tekstream-001,0.515,pb-data-exfil-investigate,0.603,172,FALSE,,,,,,,,5b4f4641-9663-4eea-b0dd-3324f2f5bde5,,2026-03-27T14:45:21.240152Z,,,,,,,,,,,
d89dee2f-7f01-4428-9f84-a1ccb48c27fa,2026-03-27T14:45:20.750033+00:00,inference,playbook_selector,1.0.0,detection,DET-141002,cust-tekstream-001,0.81,pb-lateral-movement,0.897,142.7,FALSE,,,,,,,,4cd489b4-1c0b-457a-9849-2f98e82468e4,,2026-03-27T14:45:20.749978Z,,,,,,,,,,,
45ef522c-fd4e-445d-bc02-9d890c24194a,2026-03-27T14:45:20.307739+00:00,inference,playbook_selector,1.0.0,detection,DET-141001,cust-tekstream-001,0.687,pb-phishing-triage,0.55,115.7,FALSE,,,,,,,,50a8b86e-68cc-4f4b-b428-5f24b87a3d54,,2026-03-27T14:45:20.307687Z,,,,,,,,,,,
507ae401-9e73-4052-a6b3-db1bf1b6f7a6,2026-03-27T14:45:06.117343+00:00,inference,playbook_selector,1.0.0,detection,DET-140999,cust-tekstream-001,0.974,pb-brute-force-block,0.944,51.8,FALSE,,,,,,,,30f8044e-a1bb-45a5-a5ff-5b0a506ec9e5,,2026-03-27T14:45:06.117274Z,,,,,,,,,,,
e37f06fb-9678-430e-a5ee-51f867bef677,2026-03-27T14:45:05.173411+00:00,inference,playbook_selector,1.0.0,detection,DET-140997,cust-acme-corp-002,0.734,pb-ransomware-containment,0.891,189.2,FALSE,,,,,,,,b3d7aa41-0172-48b3-882b-a9b23090b7dc,,2026-03-27T14:45:05.173344Z,,,,,,,,,,,
d52d3d78-fe21-4dcc-8246-00839dd9f57d,2026-03-27T14:45:04.759382+00:00,inference,playbook_selector,1.0.0,detection,DET-140996,cust-globex-003,0.942,pb-phishing-triage,0.789,192.7,FALSE,,,,,,,,913a4a89-b694-4322-a295-a102dc83ae3e,,2026-03-27T14:45:04.759332Z,,,,,,,,,,,
da7292b5-7469-4fef-a6fb-efacec25299d,2026-03-27T14:44:50.106012+00:00,inference,playbook_selector,1.0.0,detection,DET-140995,cust-globex-003,0.772,pb-brute-force-block,0.529,138.5,FALSE,,,,,,,,8b45de7e-4f28-446e-be33-b668b2f76688,,2026-03-27T14:44:50.105962Z,,,,,,,,,,,
2a28d9c7-5295-42ec-9361-beea39ec7ead,2026-03-27T14:44:20.458872+00:00,inference,playbook_selector,1.0.0,detection,DET-140990,cust-tekstream-001,0.788,pb-ransomware-containment,0.686,135.4,FALSE,,,,,,,,b546dbf1-a257-4ba3-a248-e8f2e30cb218,,2026-03-27T14:44:20.458822Z,,,,,,,,,,,
60ebfdab-297e-4d7c-99eb-359b45bbb9e8,2026-03-27T14:44:20.142701+00:00,inference,playbook_selector,1.0.0,detection,DET-140989,cust-tekstream-001,0.601,pb-ransomware-containment,0.861,46.2,FALSE,,,,,,,,a50166a0-9c1a-4f82-84e4-4f860522664c,,2026-03-27T14:44:20.142652Z,,,,,,,,,,,
5555cd95-baad-4485-985b-152f84e2d103,2026-03-27T14:44:04.793095+00:00,inference,playbook_selector,1.0.0,detection,DET-140987,cust-tekstream-001,0.678,pb-lateral-movement,0.848,115.7,FALSE,,,,,,,,90c206f0-64ff-419d-93d1-23907e679854,,2026-03-27T14:44:04.793042Z,,,,,,,,,,,
67f7af75-7bd5-4a4c-8f77-5d7e426a4cd2,2026-03-27T14:43:50.703524+00:00,inference,playbook_selector,1.0.0,detection,DET-140986,cust-tekstream-001,0.738,pb-brute-force-block,0.838,110,FALSE,,,,,,,,197c1545-06b3-4454-92c4-71a36899d1f3,,2026-03-27T14:43:50.703473Z,,,,,,,,,,,
20554c9f-ec46-424d-bdc5-26b00ae40b50,2026-03-27T14:43:50.326840+00:00,inference,playbook_selector,1.0.0,detection,DET-140985,cust-globex-003,0.934,pb-data-exfil-investigate,0.657,59.6,FALSE,,,,,,,,c00768ff-f13f-4470-8e77-f0faaebf782f,,2026-03-27T14:43:50.326773Z,,,,,,,,,,,
1c443195-ab07-4f40-990a-3526b137910d,2026-03-27T14:43:20.031339+00:00,inference,playbook_selector,1.0.0,detection,DET-140978,cust-globex-003,0.844,pb-malware-response,0.578,146.9,FALSE,,,,,,,,efb3a975-f480-4eb5-ae98-20df3a66c2ae,,2026-03-27T14:43:20.031275Z,,,,,,,,,,,
a114e778-5e79-41b7-8908-de5e7472bd4b,2026-03-27T14:43:05.754770+00:00,inference,playbook_selector,1.0.0,detection,DET-140976,cust-acme-corp-002,0.954,pb-brute-force-block,0.615,190.7,FALSE,,,,,,,,af078945-cbe0-4f64-908b-b9ce11faf1a0,,2026-03-27T14:43:05.754716Z,,,,,,,,,,,
701118fd-4c35-45ac-8d39-a37da58bdc43,2026-03-27T14:43:05.087083+00:00,inference,playbook_selector,1.0.0,detection,DET-140974,cust-acme-corp-002,0.628,pb-phishing-triage,0.912,7.6,FALSE,,,,,,,,41c80dc2-34fc-40e5-a87d-ff7ceb0adbfe,,2026-03-27T14:43:05.087028Z,,,,,,,,,,,
b6d1acc2-0e1a-48ab-9bb1-58a539c1d1c7,2026-03-27T14:42:50.397244+00:00,inference,playbook_selector,1.0.0,detection,DET-140973,cust-acme-corp-002,0.857,pb-lateral-movement,0.932,9,FALSE,,,,,,,,24e694f3-32a5-47bb-8373-2d093145d10d,,2026-03-27T14:42:50.397196Z,,,,,,,,,,,
c0cd278c-de95-49f1-8e5a-ca4bab543c84,2026-03-27T14:42:36.120420+00:00,inference,playbook_selector,1.0.0,detection,DET-140971,cust-acme-corp-002,0.565,pb-malware-response,0.666,11.2,FALSE,,,,,,,,e1e889d8-eb76-45cb-bfb5-aee08408952f,,2026-03-27T14:42:36.120264Z,,,,,,,,,,,
918d72c6-a2aa-4eeb-8389-11bc1e671190,2026-03-27T14:42:35.721262+00:00,inference,playbook_selector,1.0.0,detection,DET-140970,cust-tekstream-001,0.625,pb-data-exfil-investigate,0.83,104,FALSE,,,,,,,,69249046-f7f9-4bd7-8a79-8bebf2df9426,,2026-03-27T14:42:35.721213Z,,,,,,,,,,,
b7e4a4b3-78b8-4fcd-a343-8816e3cebba6,2026-03-27T14:42:20.330917+00:00,inference,playbook_selector,1.0.0,detection,DET-140967,cust-globex-003,0.711,pb-data-exfil-investigate,0.601,95.8,FALSE,,,,,,,,c7a6af1f-3546-428e-b2ad-8a3bcbf4df42,,2026-03-27T14:42:20.330862Z,,,,,,,,,,,
60989686-a5ed-43b5-b368-f85289ec43eb,2026-03-27T14:42:19.966222+00:00,inference,playbook_selector,1.0.0,detection,DET-140966,cust-globex-003,0.848,pb-lateral-movement,0.586,45.8,FALSE,,,,,,,,bebffe1a-0fde-49e2-93e3-be1fe81f64a6,,2026-03-27T14:42:19.966174Z,,,,,,,,,,,
c1098d90-67a3-4fc9-b803-c0866f8c88cb,2026-03-27T14:42:05.840495+00:00,inference,playbook_selector,1.0.0,detection,DET-140965,cust-acme-corp-002,0.66,pb-data-exfil-investigate,0.779,50.2,FALSE,,,,,,,,8ddc50c0-b9bb-4782-89e0-2312c9898db0,,2026-03-27T14:42:05.840431Z,,,,,,,,,,,
2eff4c01-9e04-4405-980d-1b12eb1558d9,2026-03-27T14:42:04.758208+00:00,inference,playbook_selector,1.0.0,detection,DET-140962,cust-globex-003,0.807,pb-phishing-triage,0.848,196.4,FALSE,,,,,,,,b512ec77-465a-47ca-9548-a8bf82ff0e09,,2026-03-27T14:42:04.758155Z,,,,,,,,,,,
96d85932-f13a-484a-a74d-5df648442dad,2026-03-27T14:41:35.689522+00:00,inference,playbook_selector,1.0.0,detection,DET-140959,cust-acme-corp-002,0.922,pb-ransomware-containment,0.74,114,FALSE,,,,,,,,582fe562-e8c1-4bf1-9fa9-1bc5924234d3,,2026-03-27T14:41:35.689446Z,,,,,,,,,,,
4cee1b66-1fdc-4fca-b2f5-3cc2645eb604,2026-03-27T14:41:35.148992+00:00,inference,playbook_selector,1.0.0,detection,DET-140958,cust-globex-003,0.582,pb-brute-force-block,0.796,186,FALSE,,,,,,,,a0b1c280-e3cb-4c88-aca2-fd861dc882cd,,2026-03-27T14:41:35.148909Z,,,,,,,,,,,
66e45d1b-87cc-47f3-9549-1c0a4ce7e7f4,2026-03-27T14:41:19.845355+00:00,inference,playbook_selector,1.0.0,detection,DET-140956,cust-tekstream-001,0.839,pb-malware-response,0.969,174.9,FALSE,,,,,,,,14eb0a07-61ab-45d3-b23e-703ae139ba2c,,2026-03-27T14:41:19.845304Z,,,,,,,,,,,
a04b1389-a575-4df3-b507-d59d4488620c,2026-03-27T14:41:05.796427+00:00,inference,playbook_selector,1.0.0,detection,DET-140955,cust-tekstream-001,0.578,pb-malware-response,0.588,138,TRUE,,,,,,,,5d48f0a6-94b7-484d-9b4d-f57b7ed85e29,,2026-03-27T14:41:05.796258Z,,,,,,,,,,,
7ef2cc71-4a45-41ca-8359-7a5bf780f5c9,2026-03-27T14:40:50.766627+00:00,inference,playbook_selector,1.0.0,detection,DET-140953,cust-tekstream-001,0.946,pb-ransomware-containment,0.704,115.5,TRUE,,,,,,,,4351c611-d7e5-44e9-9cf5-18f1b4cda990,,2026-03-27T14:40:50.766573Z,,,,,,,,,,,
37e4e22d-6e01-4b16-990c-cf5255359bbb,2026-03-27T14:40:50.432162+00:00,inference,playbook_selector,1.0.0,detection,DET-140952,cust-tekstream-001,0.67,pb-data-exfil-investigate,0.756,6.7,FALSE,,,,,,,,f4609512-ea9e-4f0b-b28c-91fb572a3508,,2026-03-27T14:40:50.432106Z,,,,,,,,,,,
15099725-4f6b-49d4-a36c-aa42d488d9ed,2026-03-27T14:40:49.888013+00:00,inference,playbook_selector,1.0.0,detection,DET-140951,cust-tekstream-001,0.674,pb-brute-force-block,0.692,186,FALSE,,,,,,,,69329073-52e3-4d1b-8d07-303c36348fc5,,2026-03-27T14:40:49.887961Z,,,,,,,,,,,
b9bbb56a-d4cd-448b-99ec-1c3363823c2d,2026-03-27T14:40:35.261633+00:00,inference,playbook_selector,1.0.0,detection,DET-140948,cust-tekstream-001,0.808,pb-brute-force-block,0.628,166.8,TRUE,,,,,,,,c83c8531-f83d-48f2-be4a-f035f210e2c4,,2026-03-27T14:40:35.261581Z,,,,,,,,,,,
834ddf7f-d4b4-4819-99eb-3e8b9a8eb036,2026-03-27T14:40:20.261756+00:00,inference,playbook_selector,1.0.0,detection,DET-140945,cust-globex-003,0.746,pb-brute-force-block,0.9,106.6,FALSE,,,,,,,,bbe4eb57-80ff-4afb-9559-a511e8387e03,,2026-03-27T14:40:20.261695Z,,,,,,,,,,,
df7d33d6-4b52-4c33-8c44-9e3a5d07a1b1,2026-03-27T14:39:50.990237+00:00,inference,playbook_selector,1.0.0,detection,DET-140940,cust-tekstream-001,0.804,pb-phishing-triage,0.713,26.9,FALSE,,,,,,,,6c7c69d5-0afe-4a9e-8393-86440383b724,,2026-03-27T14:39:50.990187Z,,,,,,,,,,,
1933a4cd-115e-421e-8671-7cdbaa0cd055,2026-03-27T14:39:50.424862+00:00,inference,playbook_selector,1.0.0,detection,DET-140939,cust-acme-corp-002,0.941,pb-data-exfil-investigate,0.826,110.4,FALSE,,,,,,,,3ca0d97f-da55-4ae7-9c1e-f9d69cd50e3c,,2026-03-27T14:39:50.424804Z,,,,,,,,,,,
5402e671-8b6b-49a9-afe7-755b46ad05a7,2026-03-27T14:39:50.050025+00:00,inference,playbook_selector,1.0.0,detection,DET-140938,cust-acme-corp-002,0.78,pb-brute-force-block,0.786,5.6,FALSE,,,,,,,,5272c506-07b3-4392-9ef7-30732e0a2a11,,2026-03-27T14:39:50.049967Z,,,,,,,,,,,
8d499ea2-af80-408c-8711-83cd7ff9f304,2026-03-27T14:39:35.089139+00:00,inference,playbook_selector,1.0.0,detection,DET-140937,cust-acme-corp-002,0.863,pb-brute-force-block,0.945,175.5,FALSE,,,,,,,,53f11d3c-bf6b-48a1-acfc-2956cd3070ab,,2026-03-27T14:39:35.089089Z,,,,,,,,,,,
8764f6ab-e3a2-433d-8735-6c0453b2fa30,2026-03-27T14:39:20.014705+00:00,inference,playbook_selector,1.0.0,detection,DET-140936,cust-globex-003,0.55,pb-phishing-triage,0.712,124.9,FALSE,,,,,,,,0d0abd79-9346-4bee-9deb-bb64dd03a05d,,2026-03-27T14:39:20.014652Z,,,,,,,,,,,
5005431d-ed7b-4b7d-aa39-6b42c2e69b6a,2026-03-27T14:39:06.468114+00:00,inference,playbook_selector,1.0.0,detection,DET-140935,cust-acme-corp-002,0.814,pb-brute-force-block,0.859,86.8,FALSE,,,,,,,,7cde49cc-8f92-4687-86b2-2bce34adae76,,2026-03-27T14:39:06.468059Z,,,,,,,,,,,
98284064-e8c8-4c4a-8032-ca358a809454,2026-03-27T14:39:05.825929+00:00,inference,playbook_selector,1.0.0,detection,DET-140934,cust-tekstream-001,0.834,pb-phishing-triage,0.943,110.8,FALSE,,,,,,,,75478377-9331-4770-acb8-8a1fb03b4fb8,,2026-03-27T14:39:05.825876Z,,,,,,,,,,,
aae6b9fc-2914-4e88-9809-bb032a45b2fc,2026-03-27T14:39:05.377783+00:00,inference,playbook_selector,1.0.0,detection,DET-140933,cust-acme-corp-002,0.916,pb-malware-response,0.773,190,FALSE,,,,,,,,aff6774e-f727-424b-b348-00f3e7f2b212,,2026-03-27T14:39:05.377731Z,,,,,,,,,,,
bc20a446-8f7e-4596-bab3-9e4debadc016,2026-03-27T14:39:05.093701+00:00,inference,playbook_selector,1.0.0,detection,DET-140932,cust-tekstream-001,0.663,pb-phishing-triage,0.791,82.8,TRUE,,,,,,,,2f080484-57e2-469c-b7f2-c9e04c2ecd3e,,2026-03-27T14:39:05.093647Z,,,,,,,,,,,
93ca5a7e-648a-4432-bbb6-5a6f418282dc,2026-03-27T14:38:50.910347+00:00,inference,playbook_selector,1.0.0,detection,DET-140931,cust-tekstream-001,0.915,pb-ransomware-containment,0.653,174.9,FALSE,,,,,,,,6cc6eb66-acb8-4460-be85-012749936b2e,,2026-03-27T14:38:50.910296Z,,,,,,,,,,,
0e5cb42d-c233-4d75-bdd6-8e16e822c088,2026-03-27T14:38:50.448833+00:00,inference,playbook_selector,1.0.0,detection,DET-140930,cust-tekstream-001,0.528,pb-malware-response,0.901,86.9,FALSE,,,,,,,,2e3f0aae-150e-4b88-9401-795e5fb238ca,,2026-03-27T14:38:50.448779Z,,,,,,,,,,,
9978d48d-b168-4888-b3a3-2f7349246be9,2026-03-27T14:38:49.722419+00:00,inference,playbook_selector,1.0.0,detection,DET-140928,cust-tekstream-001,0.848,pb-phishing-triage,0.964,46.6,TRUE,,,,,,,,9a29178d-dc0f-4d1f-9529-917d33077460,,2026-03-27T14:38:49.722368Z,,,,,,,,,,,
eab0aacd-861a-4367-b8e5-fbc2a5334fd7,2026-03-27T14:38:34.868999+00:00,inference,playbook_selector,1.0.0,detection,DET-140926,cust-tekstream-001,0.685,pb-phishing-triage,0.693,27.9,FALSE,,,,,,,,e5b107c1-a563-45c4-95c9-db7ac46dbd41,,2026-03-27T14:38:34.868947Z,,,,,,,,,,,
c9d4d25a-98fe-4fb7-b0a8-d1a3a258f7c7,2026-03-27T14:38:20.291541+00:00,inference,playbook_selector,1.0.0,detection,DET-140923,cust-acme-corp-002,0.826,pb-lateral-movement,0.647,127.1,FALSE,,,,,,,,8badfde5-4311-4c68-9305-d66f66410f0c,,2026-03-27T14:38:20.291491Z,,,,,,,,,,,
9df7ec8e-5273-4ce7-a87c-33158d0321c8,2026-03-27T14:38:05.362942+00:00,inference,playbook_selector,1.0.0,detection,DET-140921,cust-globex-003,0.844,pb-ransomware-containment,0.8,138.2,FALSE,,,,,,,,1a657ff8-a0c7-4a15-b947-e373f7c51891,,2026-03-27T14:38:05.362892Z,,,,,,,,,,,
100a01f9-a7ed-4f7e-8200-e304db14f112,2026-03-27T14:37:50.833809+00:00,inference,playbook_selector,1.0.0,detection,DET-140918,cust-tekstream-001,0.884,pb-ransomware-containment,0.98,50.1,FALSE,,,,,,,,53e4c0ec-0eae-456d-973f-923d91111f9c,,2026-03-27T14:37:50.833755Z,,,,,,,,,,,
e6853afd-7528-48c5-a4bd-3ff89fe74b92,2026-03-27T14:37:50.218214+00:00,inference,playbook_selector,1.0.0,detection,DET-140916,cust-globex-003,0.93,pb-data-exfil-investigate,0.727,12.9,FALSE,,,,,,,,d6a14e5b-8e7a-47a5-bafe-300c0b29ec81,,2026-03-27T14:37:50.218162Z,,,,,,,,,,,
a2a989c5-8f4b-4b87-a408-97fbb386272a,2026-03-27T14:37:34.865700+00:00,inference,playbook_selector,1.0.0,detection,DET-140913,cust-tekstream-001,0.715,pb-data-exfil-investigate,0.842,117.4,FALSE,,,,,,,,d19d6787-0bfc-40ed-9375-924aa8dec9a2,,2026-03-27T14:37:34.865648Z,,,,,,,,,,,
6c30b9a5-3110-46bf-b77d-f274673c7b29,2026-03-27T14:37:21.066379+00:00,inference,playbook_selector,1.0.0,detection,DET-140912,cust-acme-corp-002,0.789,pb-lateral-movement,0.647,144.7,FALSE,,,,,,,,05fd2760-ab6c-468a-b58a-fa252ecd5f1f,,2026-03-27T14:37:21.066330Z,,,,,,,,,,,
41aac7db-5e78-46e6-8238-73f3b90b8517,2026-03-27T14:37:20.519163+00:00,inference,playbook_selector,1.0.0,detection,DET-140911,cust-globex-003,0.855,pb-brute-force-block,0.681,63.1,FALSE,,,,,,,,a598073f-7870-4481-8fe9-95ce4da9eb9e,,2026-03-27T14:37:20.519115Z,,,,,,,,,,,
e8a04d2f-e507-4f33-bfe7-8d8e7f0a8755,2026-03-27T14:37:19.864810+00:00,inference,playbook_selector,1.0.0,detection,DET-140909,cust-acme-corp-002,0.589,pb-malware-response,0.94,181.3,FALSE,,,,,,,,1fd684fe-38b5-4dca-b84e-897c9caff8ab,,2026-03-27T14:37:19.864760Z,,,,,,,,,,,
5c74ab24-923a-4051-8552-9bb6552ec2bc,2026-03-27T14:37:05.105539+00:00,inference,playbook_selector,1.0.0,detection,DET-140908,cust-tekstream-001,0.738,pb-data-exfil-investigate,0.568,30.2,FALSE,,,,,,,,1025f078-c553-4a35-ab04-85e5605013dd,,2026-03-27T14:37:05.105462Z,,,,,,,,,,,
39738402-80da-460d-a5d0-69cf88beca4c,2026-03-27T14:37:04.790534+00:00,inference,playbook_selector,1.0.0,detection,DET-140907,cust-tekstream-001,0.646,pb-malware-response,0.936,157.9,FALSE,,,,,,,,fe1dc18b-1e40-4d58-8244-a61e298ad871,,2026-03-27T14:37:04.790482Z,,,,,,,,,,,
8e05d153-40f6-4876-bb1f-e2bd42ed77d5,2026-03-27T14:36:50.454267+00:00,inference,playbook_selector,1.0.0,detection,DET-140905,cust-globex-003,0.631,pb-malware-response,0.513,171.6,FALSE,,,,,,,,af95435a-8890-451a-a35f-c09db5a4f75e,,2026-03-27T14:36:50.454217Z,,,,,,,,,,,
24fa0a79-c374-46c7-b74e-cfc8fd799720,2026-03-27T14:36:50.116263+00:00,inference,playbook_selector,1.0.0,detection,DET-140904,cust-acme-corp-002,0.72,pb-ransomware-containment,0.53,111.6,FALSE,,,,,,,,b74dfcc5-e842-48b6-bcc8-af8cf0bf9c4f,,2026-03-27T14:36:50.116198Z,,,,,,,,,,,
2ef2380a-1965-452c-a910-3cfa28a06d04,2026-03-27T14:36:49.742151+00:00,inference,playbook_selector,1.0.0,detection,DET-140903,cust-tekstream-001,0.835,pb-lateral-movement,0.502,47.4,FALSE,,,,,,,,481ca16b-eb7a-4a03-9ffe-c03b8b037057,,2026-03-27T14:36:49.742099Z,,,,,,,,,,,
ab5e91ae-77a4-4de9-a061-4315887965a6,2026-03-27T14:36:35.809633+00:00,inference,playbook_selector,1.0.0,detection,DET-140902,cust-tekstream-001,0.835,pb-lateral-movement,0.858,34.5,FALSE,,,,,,,,0b4be58f-c48f-47f3-85cc-d6f438c8a3c5,,2026-03-27T14:36:35.809573Z,,,,,,,,,,,
0dd61d11-f14c-4fcd-bd5e-32c58bb2c0f8,2026-03-27T14:36:35.576132+00:00,inference,playbook_selector,1.0.0,detection,DET-140901,cust-tekstream-001,0.737,pb-brute-force-block,0.601,76.4,FALSE,,,,,,,,974e7b1a-8e4a-4fc0-ad04-7cb0cb0d3b97,,2026-03-27T14:36:35.576081Z,,,,,,,,,,,
dcc1bf86-ac83-4aff-8b72-28cd4b2c39f8,2026-03-27T14:36:34.851795+00:00,inference,playbook_selector,1.0.0,detection,DET-140900,cust-globex-003,0.517,pb-data-exfil-investigate,0.539,129.5,FALSE,,,,,,,,58354f64-d1b3-4536-93b3-48cce2bd5911,,2026-03-27T14:36:34.851745Z,,,,,,,,,,,
b00be0b3-c4a9-4fd1-9a3f-8c9cbb91ff31,2026-03-27T14:36:20.316195+00:00,inference,playbook_selector,1.0.0,detection,DET-140898,cust-tekstream-001,0.608,pb-phishing-triage,0.99,195,TRUE,,,,,,,,50a77bed-dc64-4f40-817a-d7a579d268f1,,2026-03-27T14:36:20.316144Z,,,,,,,,,,,
4604d946-df90-4060-b52f-972901636276,2026-03-27T14:36:05.181775+00:00,inference,playbook_selector,1.0.0,detection,DET-140895,cust-acme-corp-002,0.957,pb-brute-force-block,0.711,167.1,TRUE,,,,,,,,47b4134b-f0e0-4a99-9bc0-30d3e5c6c620,,2026-03-27T14:36:05.181724Z,,,,,,,,,,,
204c7bc0-8492-4679-8de9-1f532c55c0f9,2026-03-27T14:35:50.422169+00:00,inference,playbook_selector,1.0.0,detection,DET-140893,cust-acme-corp-002,0.715,pb-phishing-triage,0.901,139.6,FALSE,,,,,,,,1e954c2f-684a-4546-91c0-4ac97dbf88c6,,2026-03-27T14:35:50.422119Z,,,,,,,,,,,
c6eca3e5-3b90-40ee-b4d8-264d025eb7e8,2026-03-27T14:35:50.270077+00:00,inference,playbook_selector,1.0.0,detection,DET-140892,cust-tekstream-001,0.543,pb-ransomware-containment,0.689,147.8,TRUE,,,,,,,,c5051649-c884-44f9-9232-b472a1eee40c,,2026-03-27T14:35:50.270019Z,,,,,,,,,,,
eaa46e27-6412-4b14-8cd0-3e9449a0f625,2026-03-27T14:35:35.411409+00:00,inference,playbook_selector,1.0.0,detection,DET-140890,cust-tekstream-001,0.794,pb-phishing-triage,0.558,67.3,FALSE,,,,,,,,e7ddaafe-1176-4a1f-80af-f0d9606200f6,,2026-03-27T14:35:35.411354Z,,,,,,,,,,,
65aa859f-9984-4848-9b4d-faa7a40a0df5,2026-03-27T14:35:34.872787+00:00,inference,playbook_selector,1.0.0,detection,DET-140889,cust-acme-corp-002,0.505,pb-ransomware-containment,0.731,103.9,FALSE,,,,,,,,d40e9e6f-8883-4397-bb8d-e13428cc87a5,,2026-03-27T14:35:34.872730Z,,,,,,,,,,,
da25b83a-b637-4d21-acc0-7fe2ea28fca7,2026-03-27T14:35:04.864080+00:00,inference,playbook_selector,1.0.0,detection,DET-140886,cust-globex-003,0.889,pb-phishing-triage,0.535,53.1,FALSE,,,,,,,,d7a3aede-c522-4c14-b9d4-023c25f4bd84,,2026-03-27T14:35:04.864029Z,,,,,,,,,,,
4f925c56-7606-4ca1-be59-ca392d651a17,2026-03-27T14:34:35.782321+00:00,inference,playbook_selector,1.0.0,detection,DET-140884,cust-tekstream-001,0.688,pb-malware-response,0.841,68.3,FALSE,,,,,,,,59c980c1-1aea-4a45-b093-a631590616e9,,2026-03-27T14:34:35.782272Z,,,,,,,,,,,
680b227e-462e-46cb-b81a-37be47f903b5,2026-03-27T14:34:35.478374+00:00,inference,playbook_selector,1.0.0,detection,DET-140883,cust-tekstream-001,0.505,pb-ransomware-containment,0.702,81,FALSE,,,,,,,,5b361fdf-48c2-4975-a93f-c278d908dfb2,,2026-03-27T14:34:35.478322Z,,,,,,,,,,,
729827ff-1fde-492a-b3cc-ce0f3253410e,2026-03-27T14:34:35.092480+00:00,inference,playbook_selector,1.0.0,detection,DET-140882,cust-acme-corp-002,0.774,pb-ransomware-containment,0.696,63.5,FALSE,,,,,,,,edc5aba7-787e-4c18-8e14-13606fe23ebc,,2026-03-27T14:34:35.092278Z,,,,,,,,,,,
35d92ef4-9015-4d7c-b722-2e9afaa597d0,2026-03-27T14:34:20.402366+00:00,inference,playbook_selector,1.0.0,detection,DET-140879,cust-globex-003,0.69,pb-lateral-movement,0.707,42.3,FALSE,,,,,,,,8ce5f06f-7c60-4804-8b27-5a324c93d891,,2026-03-27T14:34:20.402318Z,,,,,,,,,,,
ba8ee144-3486-4d69-aeba-d1e368d8dbf9,2026-03-27T14:34:05.919498+00:00,inference,playbook_selector,1.0.0,detection,DET-140876,cust-tekstream-001,0.659,pb-ransomware-containment,0.572,130.8,FALSE,,,,,,,,baf61cf3-e80d-49f7-b260-ec7581ca957a,,2026-03-27T14:34:05.919445Z,,,,,,,,,,,
5d4122ab-33ea-49aa-ad15-1e72e9c69882,2026-03-27T14:34:05.697491+00:00,inference,playbook_selector,1.0.0,detection,DET-140875,cust-acme-corp-002,0.955,pb-phishing-triage,0.541,149.2,FALSE,,,,,,,,ad274190-881e-49d4-9dd5-ecc7a2695ea8,,2026-03-27T14:34:05.697440Z,,,,,,,,,,,
ccdb610d-ab62-4577-9a99-0a3bfc470212,2026-03-27T14:34:05.207223+00:00,inference,playbook_selector,1.0.0,detection,DET-140874,cust-globex-003,0.743,pb-malware-response,0.588,18.8,FALSE,,,,,,,,75c0281b-e9ab-4df5-9a4e-d4bb4d83e7eb,,2026-03-27T14:34:05.207167Z,,,,,,,,,,,
0fb1cd29-380c-4b07-91b6-64745393af41,2026-03-27T14:34:04.898923+00:00,inference,playbook_selector,1.0.0,detection,DET-140873,cust-globex-003,0.608,pb-lateral-movement,0.623,125.5,FALSE,,,,,,,,1f84b1cc-a3c0-4cf4-aed1-eb62e40674ae,,2026-03-27T14:34:04.898871Z,,,,,,,,,,,
f6f46a41-a6ba-4be1-9ec4-22e952203936,2026-03-27T14:33:49.820031+00:00,inference,playbook_selector,1.0.0,detection,DET-140872,cust-acme-corp-002,0.791,pb-phishing-triage,0.816,192.3,FALSE,,,,,,,,3f3f29e1-38be-40d8-86ea-755ca90ba7e9,,2026-03-27T14:33:49.819977Z,,,,,,,,,,,
53a84347-9447-42bd-8069-b6b0eb72bbf7,2026-03-27T14:33:34.950153+00:00,inference,playbook_selector,1.0.0,detection,DET-140871,cust-tekstream-001,0.821,pb-ransomware-containment,0.803,97.2,FALSE,,,,,,,,ce0b1813-d702-4bb2-bf19-cb516821b2c9,,2026-03-27T14:33:34.950103Z,,,,,,,,,,,
e080149f-60ae-45be-b896-a8829e093737,2026-03-27T14:33:19.898795+00:00,inference,playbook_selector,1.0.0,detection,DET-140868,cust-tekstream-001,0.563,pb-ransomware-containment,0.525,136.5,FALSE,,,,,,,,902b9c48-0b18-45e8-82be-4666dd549300,,2026-03-27T14:33:19.898744Z,,,,,,,,,,,
c3aa18c9-b5d0-468b-8b36-fbfd110f29ff,2026-03-27T14:33:05.850773+00:00,inference,playbook_selector,1.0.0,detection,DET-140867,cust-acme-corp-002,0.557,pb-data-exfil-investigate,0.632,123.1,FALSE,,,,,,,,f37076ab-9e2c-4a36-84fa-f0b17e04a0bb,,2026-03-27T14:33:05.850705Z,,,,,,,,,,,
45468e0b-1e1e-4852-9693-9063dac81d5d,2026-03-27T14:33:05.023165+00:00,inference,playbook_selector,1.0.0,detection,DET-140864,cust-tekstream-001,0.53,pb-brute-force-block,0.64,12.2,TRUE,,,,,,,,f007bf50-2fcb-411e-ba60-127980647d53,,2026-03-27T14:33:05.023110Z,,,,,,,,,,,
12af2d11-2c72-488f-9297-32052a3a1559,2026-03-27T14:32:50.690523+00:00,inference,playbook_selector,1.0.0,detection,DET-140863,cust-globex-003,0.884,pb-phishing-triage,0.564,131.2,FALSE,,,,,,,,9c165fc9-a8cf-4dc3-8c3a-953c65550061,,2026-03-27T14:32:50.690472Z,,,,,,,,,,,
a41356e3-0412-4378-a274-11059198fea9,2026-03-27T14:32:49.775837+00:00,inference,playbook_selector,1.0.0,detection,DET-140862,cust-tekstream-001,0.565,pb-brute-force-block,0.749,5.4,FALSE,,,,,,,,4e480246-2c0f-4106-879c-876ab33c526a,,2026-03-27T14:32:49.775786Z,,,,,,,,,,,
54ae6532-debe-48d5-9517-3bd73bb7a44c,2026-03-27T14:32:35.161234+00:00,inference,playbook_selector,1.0.0,detection,DET-140859,cust-tekstream-001,0.576,pb-brute-force-block,0.678,132.2,FALSE,,,,,,,,c6018b1e-f845-45bc-a9ec-690e8992da25,,2026-03-27T14:32:35.161185Z,,,,,,,,,,,
a59a7e53-24ea-432f-b492-332a412b3d9a,2026-03-27T14:32:34.938235+00:00,inference,playbook_selector,1.0.0,detection,DET-140858,cust-tekstream-001,0.71,pb-brute-force-block,0.662,89.5,TRUE,,,,,,,,8ce49944-fadb-472a-be52-d60fef88f00e,,2026-03-27T14:32:34.938185Z,,,,,,,,,,,
056ed5ed-30d4-4864-9390-d8f6038b4e06,2026-03-27T14:32:20.049696+00:00,inference,playbook_selector,1.0.0,detection,DET-140857,cust-tekstream-001,0.506,pb-brute-force-block,0.851,72.6,FALSE,,,,,,,,2d3b444e-2cd4-410e-a9a1-623872cd0380,,2026-03-27T14:32:20.049643Z,,,,,,,,,,,
81c66d53-3e43-4e71-9406-f0d3f95d2df8,2026-03-27T14:31:49.656514+00:00,inference,playbook_selector,1.0.0,detection,DET-140853,cust-tekstream-001,0.978,pb-ransomware-containment,0.964,68,FALSE,,,,,,,,1e87b54f-5b26-417d-88df-474dcb813164,,2026-03-27T14:31:49.656456Z,,,,,,,,,,,
d027e4da-a5cb-4b4a-bdb1-c449727df1ca,2026-03-27T14:31:34.826196+00:00,inference,playbook_selector,1.0.0,detection,DET-140852,cust-tekstream-001,0.844,pb-ransomware-containment,0.821,139.7,FALSE,,,,,,,,2437676a-b5ea-4b24-b7f0-c6e32e682d12,,2026-03-27T14:31:34.826146Z,,,,,,,,,,,
847c2f45-3d5b-4359-8b4c-7e20a4ff4cbf,2026-03-27T14:31:20.533013+00:00,inference,playbook_selector,1.0.0,detection,DET-140851,cust-acme-corp-002,0.908,pb-lateral-movement,0.893,155.7,FALSE,,,,,,,,e7feead7-d3db-487c-bce4-3cc25eb77a5c,,2026-03-27T14:31:20.532961Z,,,,,,,,,,,
d543ed28-735e-441a-a355-c4b60b9b68c6,2026-03-27T14:31:20.105215+00:00,inference,playbook_selector,1.0.0,detection,DET-140850,cust-acme-corp-002,0.588,pb-malware-response,0.897,22.5,FALSE,,,,,,,,f3ebe449-fab7-4a26-9877-e87e905d3bc2,,2026-03-27T14:31:20.105167Z,,,,,,,,,,,
9723a390-af20-43db-9383-4554d6bab5a4,2026-03-27T14:31:04.725523+00:00,inference,playbook_selector,1.0.0,detection,DET-140847,cust-tekstream-001,0.529,pb-brute-force-block,0.834,175.6,FALSE,,,,,,,,0c81e145-c86f-4735-956e-7c4f0dc0cac7,,2026-03-27T14:31:04.725446Z,,,,,,,,,,,
c7f5b0c4-e4dd-4baf-9d37-17ea0dd8e362,2026-03-27T14:30:49.901444+00:00,inference,playbook_selector,1.0.0,detection,DET-140846,cust-globex-003,0.539,pb-brute-force-block,0.957,41.5,FALSE,,,,,,,,696a55af-513b-499a-bd4f-62d5a4c40587,,2026-03-27T14:30:49.901386Z,,,,,,,,,,,
56f5846a-9ca8-43bb-8c69-111612b4f290,2026-03-27T14:30:35.066559+00:00,inference,playbook_selector,1.0.0,detection,DET-140843,cust-globex-003,0.637,pb-data-exfil-investigate,0.809,147,FALSE,,,,,,,,78ae15af-9c45-47c5-bf4f-a8386a189919,,2026-03-27T14:30:35.066508Z,,,,,,,,,,,
480b8e12-8411-4f74-821f-9cf5bdfe73c8,2026-03-27T14:30:34.786446+00:00,inference,playbook_selector,1.0.0,detection,DET-140842,cust-tekstream-001,0.688,pb-phishing-triage,0.624,156.4,FALSE,,,,,,,,f4024c66-0d5c-407d-8e1c-4bfd27ab3f29,,2026-03-27T14:30:34.786393Z,,,,,,,,,,,
e6da5fa4-510f-449c-822c-21ec9b3724f0,2026-03-27T14:30:20.256645+00:00,inference,playbook_selector,1.0.0,detection,DET-140839,cust-tekstream-001,0.648,pb-data-exfil-investigate,0.801,7.5,FALSE,,,,,,,,d90d3558-aae1-4de8-a000-68933519cbc6,,2026-03-27T14:30:20.256588Z,,,,,,,,,,,
f4309871-54d6-4519-9474-6fc1236869df,2026-03-27T14:30:19.648105+00:00,inference,playbook_selector,1.0.0,detection,DET-140838,cust-tekstream-001,0.858,pb-brute-force-block,0.739,69.5,FALSE,,,,,,,,0194425f-48aa-4329-b62b-eaa73e9574f5,,2026-03-27T14:30:19.648054Z,,,,,,,,,,,
675c5cce-8c4c-49d5-8c15-27fd8dc6dda5,2026-03-27T14:30:05.651635+00:00,inference,playbook_selector,1.0.0,detection,DET-140837,cust-tekstream-001,0.524,pb-brute-force-block,0.698,151.2,FALSE,,,,,,,,a75c9675-54c1-4739-8bc1-f6635a984e44,,2026-03-27T14:30:05.651581Z,,,,,,,,,,,
61f257a9-5fc9-4bf2-b043-ba41b33fa389,2026-03-27T14:30:04.833185+00:00,inference,playbook_selector,1.0.0,detection,DET-140834,cust-acme-corp-002,0.939,pb-phishing-triage,0.707,53.3,FALSE,,,,,,,,6187ddcf-4ede-429b-a258-fcf640c30c71,,2026-03-27T14:30:04.833132Z,,,,,,,,,,,
92de54c7-3100-4405-aa45-bbc2336fa2e5,2026-03-27T14:29:49.840028+00:00,inference,playbook_selector,1.0.0,detection,DET-140833,cust-globex-003,0.829,pb-phishing-triage,0.849,197,FALSE,,,,,,,,fcec89e9-44d9-40d4-9c56-3cda2268a7f8,,2026-03-27T14:29:49.839977Z,,,,,,,,,,,
3afeaf08-51f7-4b7d-a918-1103a6734689,2026-03-27T14:29:35.486272+00:00,inference,playbook_selector,1.0.0,detection,DET-140831,cust-acme-corp-002,0.763,pb-malware-response,0.721,9.9,FALSE,,,,,,,,2aa27594-475a-49d5-a295-defcc4d2978a,,2026-03-27T14:29:35.486220Z,,,,,,,,,,,
e91fc126-84ac-4e65-9423-b4c5260e07e5,2026-03-27T14:29:35.082931+00:00,inference,playbook_selector,1.0.0,detection,DET-140830,cust-tekstream-001,0.846,pb-phishing-triage,0.926,64.3,FALSE,,,,,,,,33337d0e-b947-4223-ac7b-9df49e40cc0f,,2026-03-27T14:29:35.082882Z,,,,,,,,,,,
d4a2e91f-e9c1-45e1-be8d-a3747bae1c94,2026-03-27T14:29:34.947106+00:00,inference,playbook_selector,1.0.0,detection,DET-140829,cust-acme-corp-002,0.656,pb-brute-force-block,0.955,109.9,FALSE,,,,,,,,c9457898-d360-4266-98bb-e4bd6f2c58a4,,2026-03-27T14:29:34.947054Z,,,,,,,,,,,
85058c30-4a3b-4e13-b01d-ecdc05f1f7ba,2026-03-27T14:29:04.715376+00:00,inference,playbook_selector,1.0.0,detection,DET-140824,cust-tekstream-001,0.637,pb-malware-response,0.587,24.6,FALSE,,,,,,,,739c62a1-3db1-454b-acd1-fc08b2e06604,,2026-03-27T14:29:04.715323Z,,,,,,,,,,,
9961aed6-9efb-4e33-9cc4-29edbb1cf97a,2026-03-27T14:28:50.238437+00:00,inference,playbook_selector,1.0.0,detection,DET-140822,cust-globex-003,0.892,pb-data-exfil-investigate,0.688,75,FALSE,,,,,,,,57a1a57e-2616-4eed-bf82-acf17bef5203,,2026-03-27T14:28:50.238388Z,,,,,,,,,,,
ded33f21-f9eb-4082-9226-5d21c4f4b71a,2026-03-27T14:28:50.120179+00:00,inference,playbook_selector,1.0.0,detection,DET-140821,cust-globex-003,0.643,pb-lateral-movement,0.595,120.9,TRUE,,,,,,,,8dea24f1-0c72-44dc-a056-15a3d5e0bef7,,2026-03-27T14:28:50.120127Z,,,,,,,,,,,
1d7e33ff-318e-4bfe-a2b6-373dd11e7ba5,2026-03-27T14:28:49.776790+00:00,inference,playbook_selector,1.0.0,detection,DET-140820,cust-tekstream-001,0.658,pb-phishing-triage,0.531,169.6,FALSE,,,,,,,,bd151cde-774c-4998-9f5a-a1e0294aae88,,2026-03-27T14:28:49.776739Z,,,,,,,,,,,
3d5f5719-13b3-4023-b0e8-e79479005679,2026-03-27T14:28:34.870198+00:00,inference,playbook_selector,1.0.0,detection,DET-140818,cust-acme-corp-002,0.916,pb-data-exfil-investigate,0.716,63.6,FALSE,,,,,,,,6245b922-6b58-42ee-980c-98ed71b703f1,,2026-03-27T14:28:34.870128Z,,,,,,,,,,,
19f005b7-30fc-4273-917f-5556b3e6f91b,2026-03-27T14:28:05.177241+00:00,inference,playbook_selector,1.0.0,detection,DET-140815,cust-tekstream-001,0.609,pb-malware-response,0.868,166.7,FALSE,,,,,,,,b70bd31a-493c-46c2-9fcb-30e1be0b16c5,,2026-03-27T14:28:05.177187Z,,,,,,,,,,,
81378146-72d8-4f4d-8453-e4762ff4c37f,2026-03-27T14:27:50.663202+00:00,inference,playbook_selector,1.0.0,detection,DET-140813,cust-acme-corp-002,0.607,pb-lateral-movement,0.979,88.4,FALSE,,,,,,,,ea949e49-19f5-4bde-a6b6-4df248d5ee10,,2026-03-27T14:27:50.663151Z,,,,,,,,,,,
50ebefc6-4032-49c6-b3b6-71cdf96d5648,2026-03-27T14:27:50.305820+00:00,inference,playbook_selector,1.0.0,detection,DET-140812,cust-globex-003,0.585,pb-ransomware-containment,0.512,95.1,FALSE,,,,,,,,da48e749-c86e-4c8a-878e-9a6e450624d8,,2026-03-27T14:27:50.305770Z,,,,,,,,,,,
8c22acc8-f18e-4c4c-b12b-8d0c47cdbc20,2026-03-27T14:27:49.842210+00:00,inference,playbook_selector,1.0.0,detection,DET-140810,cust-globex-003,0.819,pb-lateral-movement,0.772,187,TRUE,,,,,,,,873ecc95-92d8-4e8d-9c27-656ff85b816f,,2026-03-27T14:27:49.842156Z,,,,,,,,,,,
fd1f2e34-9b71-4617-89fd-3b513ffa591f,2026-03-27T14:27:35.685748+00:00,inference,playbook_selector,1.0.0,detection,DET-140809,cust-acme-corp-002,0.83,pb-ransomware-containment,0.71,36.9,FALSE,,,,,,,,b03cf708-4df0-4edf-9597-d2b1dab42276,,2026-03-27T14:27:35.685683Z,,,,,,,,,,,
ccbc84a7-5d65-4282-b9ec-1569857c4cd6,2026-03-27T14:27:34.902523+00:00,inference,playbook_selector,1.0.0,detection,DET-140807,cust-globex-003,0.686,pb-brute-force-block,0.63,129.9,FALSE,,,,,,,,c76480c6-f46a-447c-8915-92e715aed8c0,,2026-03-27T14:27:34.902472Z,,,,,,,,,,,
875b052e-4184-47a3-8f34-1c24fa811a05,2026-03-27T14:27:20.695433+00:00,inference,playbook_selector,1.0.0,detection,DET-140806,cust-acme-corp-002,0.522,pb-ransomware-containment,0.882,196.1,TRUE,,,,,,,,1a4d3fda-d020-461e-83ac-b6b7ed9386a9,,2026-03-27T14:27:20.695383Z,,,,,,,,,,,
50fe8e99-d57a-4def-8d5a-940fb52f75f2,2026-03-27T14:27:20.451901+00:00,inference,playbook_selector,1.0.0,detection,DET-140805,cust-acme-corp-002,0.867,pb-lateral-movement,0.557,151.8,TRUE,,,,,,,,64351379-54c7-4c09-bb7b-5e92bfb1bb95,,2026-03-27T14:27:20.451850Z,,,,,,,,,,,
cf3220e0-1aa5-423f-af9f-4669bdb982fa,2026-03-27T14:27:20.010044+00:00,inference,playbook_selector,1.0.0,detection,DET-140804,cust-tekstream-001,0.899,pb-phishing-triage,0.507,129.5,TRUE,,,,,,,,b3bb7e2a-5338-47e0-9349-fffcf7cd780a,,2026-03-27T14:27:20.009990Z,,,,,,,,,,,
c1048c01-92e5-4ea9-b663-3ab3e0be15c2,2026-03-27T14:27:05.660387+00:00,inference,playbook_selector,1.0.0,detection,DET-140802,cust-globex-003,0.82,pb-brute-force-block,0.606,52.6,FALSE,,,,,,,,69ea8c0a-211e-437e-8209-0f2512179a9d,,2026-03-27T14:27:05.660261Z,,,,,,,,,,,
aab266ab-4641-4ff8-a5c7-9e3b8e9b4e12,2026-03-27T14:27:05.151132+00:00,inference,playbook_selector,1.0.0,detection,DET-140801,cust-globex-003,0.909,pb-phishing-triage,0.888,19.8,FALSE,,,,,,,,6b417e47-4d4c-41d5-ac89-8237bd06bed4,,2026-03-27T14:27:05.151076Z,,,,,,,,,,,
14e16984-d272-4a24-926e-f59e145cc88c,2026-03-27T14:26:49.965783+00:00,inference,playbook_selector,1.0.0,detection,DET-140799,cust-tekstream-001,0.977,pb-phishing-triage,0.875,6.6,FALSE,,,,,,,,7b156fa2-46d0-4505-bb6d-46d4b8856ce5,,2026-03-27T14:26:49.965732Z,,,,,,,,,,,
168b2af4-7346-47e4-90c0-de487ba7b21f,2026-03-27T14:26:49.759914+00:00,inference,playbook_selector,1.0.0,detection,DET-140798,cust-acme-corp-002,0.91,pb-ransomware-containment,0.811,174.3,FALSE,,,,,,,,fffc5fbf-fc9d-427c-8553-3ea7d5fb93c8,,2026-03-27T14:26:49.759844Z,,,,,,,,,,,
2e11099b-1cce-4f35-b972-d9c05ebec6f7,2026-03-27T14:26:35.414995+00:00,inference,playbook_selector,1.0.0,detection,DET-140797,cust-globex-003,0.781,pb-malware-response,0.675,141.7,FALSE,,,,,,,,53f10b69-57fa-4c12-bff6-4ad77d7543d4,,2026-03-27T14:26:35.414944Z,,,,,,,,,,,
086669c9-c7c4-4a1c-ac9c-b270deb1ac2c,2026-03-27T14:26:34.860015+00:00,inference,playbook_selector,1.0.0,detection,DET-140796,cust-acme-corp-002,0.964,pb-lateral-movement,0.746,89.5,FALSE,,,,,,,,a92b7736-3560-4c35-b0d4-a8959452263f,,2026-03-27T14:26:34.859961Z,,,,,,,,,,,
a03fe6a8-7ced-45d9-ac6a-519eb11543f7,2026-03-27T14:26:20.434602+00:00,inference,playbook_selector,1.0.0,detection,DET-140794,cust-tekstream-001,0.906,pb-ransomware-containment,0.628,191.4,FALSE,,,,,,,,41c50ea3-59e3-4748-b97b-4df9991f8d36,,2026-03-27T14:26:20.434553Z,,,,,,,,,,,
62316281-a98b-4118-b16e-7e60fae7e1fa,2026-03-27T14:26:20.062021+00:00,inference,playbook_selector,1.0.0,detection,DET-140793,cust-acme-corp-002,0.746,pb-brute-force-block,0.771,170.9,FALSE,,,,,,,,e29740a9-9e76-4bb0-951f-c1f9ebb780ef,,2026-03-27T14:26:20.061971Z,,,,,,,,,,,
987f83b0-b664-4a0a-89d8-14699cfe4ad5,2026-03-27T14:26:05.242348+00:00,inference,playbook_selector,1.0.0,detection,DET-140791,cust-globex-003,0.546,pb-phishing-triage,0.722,108,FALSE,,,,,,,,73cfa513-44f6-4d69-ad8e-0eba0658b53c,,2026-03-27T14:26:05.242297Z,,,,,,,,,,,
effa627b-cc56-4a14-95d6-1689ee547822,2026-03-27T14:26:05.106088+00:00,inference,playbook_selector,1.0.0,detection,DET-140790,cust-acme-corp-002,0.682,pb-malware-response,0.661,6.2,FALSE,,,,,,,,2e2b2920-61d5-4c1f-ae19-2110b082c129,,2026-03-27T14:26:05.106033Z,,,,,,,,,,,
9336bed1-34a9-4406-a98c-85d8f4d9f719,2026-03-27T14:25:49.698693+00:00,inference,playbook_selector,1.0.0,detection,DET-140787,cust-globex-003,0.937,pb-malware-response,0.94,103.2,FALSE,,,,,,,,b02df685-414e-4251-ab20-95bb9e0ab0c0,,2026-03-27T14:25:49.698641Z,,,,,,,,,,,
b677d22c-d244-4edd-abfd-b6aefed284d4,2026-03-27T14:25:34.921803+00:00,inference,playbook_selector,1.0.0,detection,DET-140785,cust-tekstream-001,0.729,pb-ransomware-containment,0.594,167.5,FALSE,,,,,,,,bd3dd39e-8ba2-4350-993d-5b8685467928,,2026-03-27T14:25:34.921752Z,,,,,,,,,,,
f8eca288-19e5-485d-aab9-31d2135a7fb3,2026-03-27T14:25:19.856518+00:00,inference,playbook_selector,1.0.0,detection,DET-140783,cust-tekstream-001,0.86,pb-ransomware-containment,0.804,64,FALSE,,,,,,,,83acb2a9-26a8-4519-bf35-b0041d4d4b93,,2026-03-27T14:25:19.856457Z,,,,,,,,,,,
6c5b46e0-a93d-46ad-93ea-e4095b8dbb07,2026-03-27T14:25:04.994275+00:00,inference,playbook_selector,1.0.0,detection,DET-140782,cust-globex-003,0.527,pb-malware-response,0.597,21.9,FALSE,,,,,,,,43b4d10d-367c-4dda-b3b8-5af5a79043ee,,2026-03-27T14:25:04.994221Z,,,,,,,,,,,
1ad665bc-db77-4ff2-9b73-52882b2a6d58,2026-03-27T14:24:49.682770+00:00,inference,playbook_selector,1.0.0,detection,DET-140780,cust-globex-003,0.91,pb-phishing-triage,0.727,48.2,FALSE,,,,,,,,e425e8b7-645e-4383-8581-0d3a52c24483,,2026-03-27T14:24:49.682720Z,,,,,,,,,,,
edd2c7e1-9cd2-4961-a98a-e0618aa10ccb,2026-03-27T14:24:19.733559+00:00,inference,playbook_selector,1.0.0,detection,DET-140778,cust-globex-003,0.582,pb-data-exfil-investigate,0.879,138.7,FALSE,,,,,,,,df3b816a-2ac3-4f90-bbba-ded35e6719be,,2026-03-27T14:24:19.733477Z,,,,,,,,,,,
337f817d-9a45-4830-bc5a-4c990a4c54b5,2026-03-27T14:24:05.132963+00:00,inference,playbook_selector,1.0.0,detection,DET-140776,cust-globex-003,0.802,pb-brute-force-block,0.589,113.7,FALSE,,,,,,,,e488cdca-6f66-4126-9eca-77319599e612,,2026-03-27T14:24:05.132906Z,,,,,,,,,,,
ba1ee357-7ed2-4183-af0a-88d2e9eff93a,2026-03-27T14:24:04.703373+00:00,inference,playbook_selector,1.0.0,detection,DET-140775,cust-globex-003,0.967,pb-data-exfil-investigate,0.807,186.9,FALSE,,,,,,,,c7bf4662-ebb6-4ff7-9d5d-91f88a094396,,2026-03-27T14:24:04.703320Z,,,,,,,,,,,
d6c10c34-ce5c-4a7e-97da-3e8e2d625634,2026-03-27T14:23:50.594752+00:00,inference,playbook_selector,1.0.0,detection,DET-140774,cust-acme-corp-002,0.931,pb-malware-response,0.956,39,FALSE,,,,,,,,96852112-67b8-46ec-905d-23f748515249,,2026-03-27T14:23:50.594701Z,,,,,,,,,,,
6e243c96-ac5c-488c-91ef-3fdcc04d8fef,2026-03-27T14:23:49.990060+00:00,inference,playbook_selector,1.0.0,detection,DET-140772,cust-tekstream-001,0.517,pb-brute-force-block,0.756,43.7,FALSE,,,,,,,,a13b08ae-8cf8-4953-8715-7a52a0e704a2,,2026-03-27T14:23:49.990007Z,,,,,,,,,,,
a14c2e21-4179-429c-9de6-927ef41312c6,2026-03-27T14:23:35.349094+00:00,inference,playbook_selector,1.0.0,detection,DET-140770,cust-globex-003,0.504,pb-brute-force-block,0.641,102.2,FALSE,,,,,,,,44fc7193-a798-4d5e-b2ca-6930125d82ba,,2026-03-27T14:23:35.349024Z,,,,,,,,,,,
9bfdbac6-5398-4da5-b953-6f01696670bd,2026-03-27T14:23:34.651503+00:00,inference,playbook_selector,1.0.0,detection,DET-140768,cust-acme-corp-002,0.546,pb-malware-response,0.712,139.5,FALSE,,,,,,,,e1473807-c940-4a34-9d71-0c1818aa4c22,,2026-03-27T14:23:34.651446Z,,,,,,,,,,,
3c5971df-8bdc-4f96-a18f-533e5b233362,2026-03-27T14:23:19.664796+00:00,inference,playbook_selector,1.0.0,detection,DET-140766,cust-globex-003,0.509,pb-phishing-triage,0.577,42.3,TRUE,,,,,,,,f1f34d12-594d-463a-a138-c461b4a1f914,,2026-03-27T14:23:19.664745Z,,,,,,,,,,,
d06df721-6e4d-44e0-8af7-b73f699ef23f,2026-03-27T14:23:05.184648+00:00,inference,playbook_selector,1.0.0,detection,DET-140764,cust-globex-003,0.939,pb-brute-force-block,0.724,18.5,FALSE,,,,,,,,530eb46b-d1fb-4b2d-85c0-cf47b482d498,,2026-03-27T14:23:05.184596Z,,,,,,,,,,,
6da3c5f2-844c-4312-a51e-d5cc99a7498a,2026-03-27T14:22:50.529217+00:00,inference,playbook_selector,1.0.0,detection,DET-140761,cust-acme-corp-002,0.867,pb-brute-force-block,0.76,92.5,FALSE,,,,,,,,3714d3b8-9530-4ffc-b21c-f91605fe4307,,2026-03-27T14:22:50.529168Z,,,,,,,,,,,
16b88b4f-3711-4dd9-9549-f517f39502fc,2026-03-27T14:22:50.086372+00:00,inference,playbook_selector,1.0.0,detection,DET-140760,cust-acme-corp-002,0.543,pb-ransomware-containment,0.607,53.6,FALSE,,,,,,,,0c7e6e27-5669-4bfe-b71e-c72120ea5b05,,2026-03-27T14:22:50.086321Z,,,,,,,,,,,
323d08db-37c2-4c81-8a57-a08e083d599d,2026-03-27T14:22:49.693709+00:00,inference,playbook_selector,1.0.0,detection,DET-140759,cust-tekstream-001,0.713,pb-malware-response,0.948,130.4,FALSE,,,,,,,,3cd88758-1ab1-4a1f-8708-bddba832d93d,,2026-03-27T14:22:49.693650Z,,,,,,,,,,,
2890c308-60b0-434b-b01b-f30aee67a48b,2026-03-27T14:22:35.330270+00:00,inference,playbook_selector,1.0.0,detection,DET-140757,cust-tekstream-001,0.593,pb-malware-response,0.975,43.1,FALSE,,,,,,,,16aac9ce-17d8-43fc-9130-41e50e78ab98,,2026-03-27T14:22:35.330219Z,,,,,,,,,,,
5059e06f-d749-4a88-bce3-9c87624b3a45,2026-03-27T14:22:35.001972+00:00,inference,playbook_selector,1.0.0,detection,DET-140756,cust-globex-003,0.672,pb-malware-response,0.623,70.8,FALSE,,,,,,,,6817b502-a7be-4beb-8e47-b049c2adf2b5,,2026-03-27T14:22:35.001920Z,,,,,,,,,,,
eea98fc9-2882-461c-be4e-aa1a8be2ed29,2026-03-27T14:22:20.280503+00:00,inference,playbook_selector,1.0.0,detection,DET-140754,cust-tekstream-001,0.65,pb-phishing-triage,0.666,5.6,FALSE,,,,,,,,f38994d3-ceb3-4957-8505-18889437207f,,2026-03-27T14:22:20.280449Z,,,,,,,,,,,
1705eaeb-53ef-44d9-9dc1-882c19c72970,2026-03-27T14:22:20.066549+00:00,inference,playbook_selector,1.0.0,detection,DET-140753,cust-acme-corp-002,0.753,pb-lateral-movement,0.934,128.5,FALSE,,,,,,,,8f9d53f6-1c49-452a-b291-dd33a3c90081,,2026-03-27T14:22:20.066495Z,,,,,,,,,,,
7a64d4ce-f0c3-4789-8b04-0e4aeaada3fc,2026-03-27T14:22:19.883071+00:00,inference,playbook_selector,1.0.0,detection,DET-140752,cust-globex-003,0.811,pb-data-exfil-investigate,0.501,29.9,FALSE,,,,,,,,5d435e10-1689-4731-bdc1-39b2698cb4dd,,2026-03-27T14:22:19.883020Z,,,,,,,,,,,
bd72669a-fd97-4097-adf7-60d268b4380e,2026-03-27T14:22:05.845592+00:00,inference,playbook_selector,1.0.0,detection,DET-140751,cust-globex-003,0.835,pb-phishing-triage,0.853,129.4,FALSE,,,,,,,,62d01f91-99a9-4ce1-9d37-d94b96776c4c,,2026-03-27T14:22:05.845488Z,,,,,,,,,,,
04799f04-1c7e-4401-8902-baa577fbe026,2026-03-27T14:22:05.444939+00:00,inference,playbook_selector,1.0.0,detection,DET-140750,cust-acme-corp-002,0.69,pb-lateral-movement,0.581,32,FALSE,,,,,,,,91834139-1c7b-49d0-b445-154d3edd76a2,,2026-03-27T14:22:05.444889Z,,,,,,,,,,,
b3f48657-30b2-4b15-bf6f-06f39c9c329b,2026-03-27T14:21:51.037544+00:00,inference,playbook_selector,1.0.0,detection,DET-140747,cust-tekstream-001,0.877,pb-malware-response,0.788,118.4,TRUE,,,,,,,,1f2476ad-187a-4537-90ae-4c890e05a4a6,,2026-03-27T14:21:51.037463Z,,,,,,,,,,,
2bd044bb-ff19-4b93-822e-0589980cf671,2026-03-27T14:21:50.555844+00:00,inference,playbook_selector,1.0.0,detection,DET-140746,cust-globex-003,0.799,pb-phishing-triage,0.859,185.1,FALSE,,,,,,,,8f5c974b-1cce-4a14-9638-b385042489a3,,2026-03-27T14:21:50.555777Z,,,,,,,,,,,
3d442f3a-b68e-4085-a922-87b6842883f7,2026-03-27T14:21:49.678798+00:00,inference,playbook_selector,1.0.0,detection,DET-140744,cust-globex-003,0.938,pb-malware-response,0.85,50.6,FALSE,,,,,,,,4fb684e1-91eb-4c77-b3e3-ef11b4d2b0e5,,2026-03-27T14:21:49.678745Z,,,,,,,,,,,
221a6d69-d62b-4203-8452-92487216acc5,2026-03-27T14:21:35.399240+00:00,inference,playbook_selector,1.0.0,detection,DET-140743,cust-globex-003,0.928,pb-data-exfil-investigate,0.733,87.6,TRUE,,,,,,,,3973ab97-c9c4-4177-a47c-18f64841dba3,,2026-03-27T14:21:35.399188Z,,,,,,,,,,,
57fa2154-6bad-4e7a-b816-8ccac192be35,2026-03-27T14:21:35.090723+00:00,inference,playbook_selector,1.0.0,detection,DET-140742,cust-globex-003,0.6,pb-phishing-triage,0.735,141,FALSE,,,,,,,,e2edee3c-6da9-4874-96d1-5283fdc5439c,,2026-03-27T14:21:35.090672Z,,,,,,,,,,,
f084eddb-aa61-4b20-9dc9-1a6120928f5b,2026-03-27T14:21:34.675701+00:00,inference,playbook_selector,1.0.0,detection,DET-140741,cust-tekstream-001,0.62,pb-data-exfil-investigate,0.771,87.7,FALSE,,,,,,,,5c1f09df-bc8e-461c-8fe1-f0236fdfc4a0,,2026-03-27T14:21:34.675650Z,,,,,,,,,,,
c0860fd8-538e-4b71-a0cd-2ea9de669957,2026-03-27T14:21:20.508171+00:00,inference,playbook_selector,1.0.0,detection,DET-140740,cust-acme-corp-002,0.925,pb-lateral-movement,0.724,178.9,FALSE,,,,,,,,cf0799c7-64f7-4488-af00-f7c17062b4ee,,2026-03-27T14:21:20.508118Z,,,,,,,,,,,
d959b660-b567-449d-898f-9a3a06cc4698,2026-03-27T14:21:19.986932+00:00,inference,playbook_selector,1.0.0,detection,DET-140738,cust-globex-003,0.582,pb-malware-response,0.502,172,TRUE,,,,,,,,0ebcbfe4-63bd-45a8-a920-a0182b229618,,2026-03-27T14:21:19.986882Z,,,,,,,,,,,
75c7b2f0-2215-443f-86e1-56fb52e19ab4,2026-03-27T14:21:05.587439+00:00,inference,playbook_selector,1.0.0,detection,DET-140737,cust-globex-003,0.758,pb-ransomware-containment,0.598,152,FALSE,,,,,,,,7e131dc1-4126-4b91-815e-abe2b95b487a,,2026-03-27T14:21:05.587373Z,,,,,,,,,,,
dc7f7ea4-54f1-48a2-98fa-37f1d9abef54,2026-03-27T14:21:04.659543+00:00,inference,playbook_selector,1.0.0,detection,DET-140735,cust-globex-003,0.515,pb-ransomware-containment,0.506,179.3,FALSE,,,,,,,,709a27b1-d9a9-4402-adb6-09117d29dc32,,2026-03-27T14:21:04.659473Z,,,,,,,,,,,
145528f8-948b-48cc-80c4-624ddf6b55f1,2026-03-27T14:20:50.847201+00:00,inference,playbook_selector,1.0.0,detection,DET-140734,cust-tekstream-001,0.684,pb-lateral-movement,0.981,21.8,FALSE,,,,,,,,8f3bc492-1311-4352-b876-cbad91a8a056,,2026-03-27T14:20:50.847149Z,,,,,,,,,,,
0e00aa04-7878-41d6-972d-7ac09fa8d3d3,2026-03-27T14:20:50.429773+00:00,inference,playbook_selector,1.0.0,detection,DET-140733,cust-globex-003,0.701,pb-data-exfil-investigate,0.964,65.8,FALSE,,,,,,,,cd9e6e86-7978-40dd-92cb-6c2b5a42b7c0,,2026-03-27T14:20:50.429721Z,,,,,,,,,,,
5cf63a25-69b1-4819-aad5-b1063d4290da,2026-03-27T14:20:50.114952+00:00,inference,playbook_selector,1.0.0,detection,DET-140732,cust-globex-003,0.685,pb-data-exfil-investigate,0.541,112.1,TRUE,,,,,,,,780058b2-d703-41f8-8277-4c822cf35f51,,2026-03-27T14:20:50.114902Z,,,,,,,,,,,
366b055f-1197-46fa-8f4e-f8dcdb42b8e1,2026-03-27T14:20:35.031389+00:00,inference,playbook_selector,1.0.0,detection,DET-140729,cust-globex-003,0.634,pb-brute-force-block,0.731,50.6,FALSE,,,,,,,,dca6dbaa-1b4e-4ac9-a5a8-84731cc77619,,2026-03-27T14:20:35.031298Z,,,,,,,,,,,
686712be-b6c9-4287-9275-2e48e7586cfc,2026-03-27T14:20:20.301588+00:00,inference,playbook_selector,1.0.0,detection,DET-140727,cust-tekstream-001,0.944,pb-malware-response,0.597,87.9,FALSE,,,,,,,,19504984-9f8b-4c68-9f8e-c5265f109b2a,,2026-03-27T14:20:20.301537Z,,,,,,,,,,,
ba5adb99-e305-4bf4-aa9e-d34b11e0d940,2026-03-27T14:19:49.574273+00:00,inference,playbook_selector,1.0.0,detection,DET-140724,cust-acme-corp-002,0.808,pb-phishing-triage,0.971,34.6,FALSE,,,,,,,,fb4fa386-afd5-4f55-89ce-43f713324cac,,2026-03-27T14:19:49.574209Z,,,,,,,,,,,
038714a4-6753-490c-ba18-2962c1dd01fa,2026-03-27T14:19:20.120868+00:00,inference,playbook_selector,1.0.0,detection,DET-140721,cust-globex-003,0.592,pb-brute-force-block,0.75,140.7,FALSE,,,,,,,,7680a9db-86a8-4177-9d4f-926de1e932c2,,2026-03-27T14:19:20.120817Z,,,,,,,,,,,
3bcad269-6999-4dbd-99d0-6895ceffae13,2026-03-27T14:19:19.818167+00:00,inference,playbook_selector,1.0.0,detection,DET-140720,cust-globex-003,0.886,pb-phishing-triage,0.821,122.7,FALSE,,,,,,,,3eeddbe5-a0fa-4313-b85d-eb712b47cae6,,2026-03-27T14:19:19.818118Z,,,,,,,,,,,
7cf12acb-78cf-44b5-85b3-9067f209871b,2026-03-27T14:19:05.181192+00:00,inference,playbook_selector,1.0.0,detection,DET-140717,cust-tekstream-001,0.54,pb-malware-response,0.836,18,FALSE,,,,,,,,4dafff5f-3122-4a8f-949d-b54bc9ff2d21,,2026-03-27T14:19:05.181140Z,,,,,,,,,,,
db0f5943-4db2-4cfa-9183-169de4d3f2e2,2026-03-27T14:19:04.969537+00:00,inference,playbook_selector,1.0.0,detection,DET-140716,cust-globex-003,0.67,pb-lateral-movement,0.981,12.6,FALSE,,,,,,,,ec79b111-3167-46e9-bdfd-4accf76d3259,,2026-03-27T14:19:04.969445Z,,,,,,,,,,,
56ecff33-99b7-4784-bd4f-e973287a97d9,2026-03-27T14:18:50.494080+00:00,inference,playbook_selector,1.0.0,detection,DET-140714,cust-globex-003,0.851,pb-phishing-triage,0.569,6.5,FALSE,,,,,,,,312e8a47-6bc9-460f-965f-06214e0f98df,,2026-03-27T14:18:50.494004Z,,,,,,,,,,,
26e313bc-6f40-4a32-b908-4f398d21461b,2026-03-27T14:18:50.144604+00:00,inference,playbook_selector,1.0.0,detection,DET-140713,cust-tekstream-001,0.735,pb-brute-force-block,0.933,107.5,TRUE,,,,,,,,73f564e3-badf-4180-a766-25a7291a6a45,,2026-03-27T14:18:50.144552Z,,,,,,,,,,,
2b64678c-e375-44b5-9f9c-3b7674adb60e,2026-03-27T14:18:49.576745+00:00,inference,playbook_selector,1.0.0,detection,DET-140712,cust-acme-corp-002,0.945,pb-lateral-movement,0.776,153.9,FALSE,,,,,,,,b087bce4-bc43-4878-a08b-3b7806a5cfaf,,2026-03-27T14:18:49.576696Z,,,,,,,,,,,
186d19da-fb96-4a7b-a16c-3ec81177dea5,2026-03-27T14:18:34.907842+00:00,inference,playbook_selector,1.0.0,detection,DET-140710,cust-tekstream-001,0.822,pb-ransomware-containment,0.644,103.8,FALSE,,,,,,,,11141642-8e0d-4f09-b819-1de14568c551,,2026-03-27T14:18:34.907788Z,,,,,,,,,,,
086704e4-551b-4a00-b8bb-648787c2c16e,2026-03-27T14:18:04.718093+00:00,inference,playbook_selector,1.0.0,detection,DET-140707,cust-tekstream-001,0.912,pb-brute-force-block,0.855,75.7,TRUE,,,,,,,,1b66dbc7-cddd-4df3-a7f2-ba387f396edb,,2026-03-27T14:18:04.718040Z,,,,,,,,,,,
2da03646-3581-4fb1-8b5c-2b9328c8f5af,2026-03-27T14:17:50.040741+00:00,inference,playbook_selector,1.0.0,detection,DET-140706,cust-tekstream-001,0.65,pb-ransomware-containment,0.794,69.7,FALSE,,,,,,,,c3d1b645-8952-4b0b-8e16-1495c527f0f5,,2026-03-27T14:17:50.040690Z,,,,,,,,,,,
dcc665fd-528c-47d4-a1f1-8709098cbb8a,2026-03-27T14:17:34.891795+00:00,inference,playbook_selector,1.0.0,detection,DET-140704,cust-acme-corp-002,0.685,pb-phishing-triage,0.815,8.8,TRUE,,,,,,,,faf1d7cf-4fa3-42fb-b880-77c420483450,,2026-03-27T14:17:34.891740Z,,,,,,,,,,,
8adc5cf2-dc5a-4c30-8d92-080946562c68,2026-03-27T14:17:20.073068+00:00,inference,playbook_selector,1.0.0,detection,DET-140702,cust-globex-003,0.714,pb-brute-force-block,0.572,45.6,FALSE,,,,,,,,223e2fcc-15ee-4888-9976-6e52920c1a9e,,2026-03-27T14:17:20.073016Z,,,,,,,,,,,
02de4664-a337-49c7-8455-efed2a77ada8,2026-03-27T14:17:05.204499+00:00,inference,playbook_selector,1.0.0,detection,DET-140700,cust-acme-corp-002,0.602,pb-ransomware-containment,0.79,127.8,TRUE,,,,,,,,eeddcc5b-7237-419c-8782-47ba097fb951,,2026-03-27T14:17:05.204441Z,,,,,,,,,,,
711690fd-c313-416b-82c5-42e36e8f062b,2026-03-27T14:17:04.697893+00:00,inference,playbook_selector,1.0.0,detection,DET-140698,cust-acme-corp-002,0.76,pb-brute-force-block,0.904,106,TRUE,,,,,,,,aa0a61c5-8fcc-49ca-a4e4-bea5e4e488a5,,2026-03-27T14:17:04.697839Z,,,,,,,,,,,
89a921aa-e7ec-4bbb-9ff2-55e72c7c9cfe,2026-03-27T14:16:50.807552+00:00,inference,playbook_selector,1.0.0,detection,DET-140697,cust-acme-corp-002,0.948,pb-malware-response,0.742,82.2,FALSE,,,,,,,,de67a009-e871-4338-ac64-2532a0967e23,,2026-03-27T14:16:50.807501Z,,,,,,,,,,,
f2f03523-e80c-44e3-b070-6e9f913440de,2026-03-27T14:16:50.277446+00:00,inference,playbook_selector,1.0.0,detection,DET-140696,cust-globex-003,0.953,pb-brute-force-block,0.508,5.7,FALSE,,,,,,,,a77cdc8c-55cd-4497-83f5-7d6399f44dc2,,2026-03-27T14:16:50.277397Z,,,,,,,,,,,
24df1570-ec6f-405e-8c2c-e8c81b770d05,2026-03-27T14:16:49.844448+00:00,inference,playbook_selector,1.0.0,detection,DET-140695,cust-acme-corp-002,0.565,pb-phishing-triage,0.631,6.6,FALSE,,,,,,,,b41b9371-bed5-400b-8a08-fa7a1272fba0,,2026-03-27T14:16:49.844387Z,,,,,,,,,,,
ea7247b3-f333-4bf0-904d-970f1fe78ead,2026-03-27T14:16:35.233301+00:00,inference,playbook_selector,1.0.0,detection,DET-140694,cust-tekstream-001,0.617,pb-data-exfil-investigate,0.878,63.8,FALSE,,,,,,,,85da379b-33c0-4954-8665-c7ef8ab56b6a,,2026-03-27T14:16:35.233249Z,,,,,,,,,,,
af98aeda-f7aa-4d8b-986d-35c699d69514,2026-03-27T14:16:34.929387+00:00,inference,playbook_selector,1.0.0,detection,DET-140693,cust-acme-corp-002,0.754,pb-brute-force-block,0.516,177.1,FALSE,,,,,,,,4f4344e4-379c-4d2a-a7bc-b446515814c2,,2026-03-27T14:16:34.929336Z,,,,,,,,,,,
78c13763-4efb-485d-8647-535b8d32a2db,2026-03-27T14:16:34.548858+00:00,inference,playbook_selector,1.0.0,detection,DET-140692,cust-tekstream-001,0.887,pb-ransomware-containment,0.685,115.8,FALSE,,,,,,,,4f057568-4b3e-4b00-ba6b-af35b20f8300,,2026-03-27T14:16:34.548808Z,,,,,,,,,,,
f1c013d0-9602-4267-a7b4-3b1b1f1ef052,2026-03-27T14:16:20.894581+00:00,inference,playbook_selector,1.0.0,detection,DET-140691,cust-acme-corp-002,0.713,pb-phishing-triage,0.665,138.7,FALSE,,,,,,,,4ef09b37-6db7-4c36-a80f-63a26eb7f0da,,2026-03-27T14:16:20.894531Z,,,,,,,,,,,
dfc54ea9-1dfe-4dca-a725-0834166ee283,2026-03-27T14:16:20.380497+00:00,inference,playbook_selector,1.0.0,detection,DET-140690,cust-globex-003,0.545,pb-phishing-triage,0.567,150.1,FALSE,,,,,,,,67db9ff4-a170-4bb8-a8d2-f91fd07a9c71,,2026-03-27T14:16:20.380440Z,,,,,,,,,,,
646ab0e9-324c-4859-9e3f-68606506c9c6,2026-03-27T14:16:20.084649+00:00,inference,playbook_selector,1.0.0,detection,DET-140689,cust-tekstream-001,0.749,pb-malware-response,0.61,160.4,FALSE,,,,,,,,11864909-7428-45a9-ad62-0805c199ed85,,2026-03-27T14:16:20.084586Z,,,,,,,,,,,
3d974b78-9af7-4ee8-aad7-614003422bed,2026-03-27T14:16:05.927637+00:00,inference,playbook_selector,1.0.0,detection,DET-140687,cust-tekstream-001,0.599,pb-phishing-triage,0.58,54.6,TRUE,,,,,,,,8118d4a6-b3c4-4e12-a70c-6dfd9e8f8589,,2026-03-27T14:16:05.927586Z,,,,,,,,,,,
d9ceb682-1fd7-4769-8fc5-6e9ac22ece72,2026-03-27T14:16:05.726538+00:00,inference,playbook_selector,1.0.0,detection,DET-140686,cust-globex-003,0.8,pb-ransomware-containment,0.749,151.5,FALSE,,,,,,,,2eff662e-ab6e-4891-a470-3f0329fbb738,,2026-03-27T14:16:05.726482Z,,,,,,,,,,,
0fa2863c-a46c-4382-a30d-cfcc08c3bc95,2026-03-27T14:16:04.595654+00:00,inference,playbook_selector,1.0.0,detection,DET-140684,cust-acme-corp-002,0.615,pb-lateral-movement,0.632,154.3,FALSE,,,,,,,,25465d8b-80fe-450a-9443-c98cbb1733c4,,2026-03-27T14:16:04.595599Z,,,,,,,,,,,
168ed956-d440-40fa-ad6b-fc426171a055,2026-03-27T14:15:34.614492+00:00,inference,playbook_selector,1.0.0,detection,DET-140681,cust-acme-corp-002,0.721,pb-phishing-triage,0.969,165,FALSE,,,,,,,,0378eac8-c037-446f-9ce5-8024d0869d68,,2026-03-27T14:15:34.614441Z,,,,,,,,,,,
0beb2681-d431-41c6-ba6e-02beaaecd515,2026-03-27T14:15:19.742354+00:00,inference,playbook_selector,1.0.0,detection,DET-140680,cust-acme-corp-002,0.656,pb-lateral-movement,0.794,137.3,FALSE,,,,,,,,90b3fda1-95e0-4b86-aef6-9e338f907aa8,,2026-03-27T14:15:19.742302Z,,,,,,,,,,,
3a87f8c6-2903-471b-8bff-23a229b9a024,2026-03-27T14:15:05.855409+00:00,inference,playbook_selector,1.0.0,detection,DET-140678,cust-acme-corp-002,0.607,pb-phishing-triage,0.83,114.5,FALSE,,,,,,,,10917f11-5e4b-417b-a72d-361c11d20515,,2026-03-27T14:15:05.855360Z,,,,,,,,,,,
af9b5e21-1316-4561-af6c-03d3794702b2,2026-03-27T14:15:05.633217+00:00,inference,playbook_selector,1.0.0,detection,DET-140677,cust-tekstream-001,0.757,pb-lateral-movement,0.91,125.5,FALSE,,,,,,,,de0d51cb-af06-4377-96d9-5a9825f04a6c,,2026-03-27T14:15:05.633144Z,,,,,,,,,,,
9f0e25ba-e65e-4798-a8e4-a28a966d54f5,2026-03-27T14:15:04.735817+00:00,inference,playbook_selector,1.0.0,detection,DET-140675,cust-acme-corp-002,0.693,pb-brute-force-block,0.974,6.2,FALSE,,,,,,,,0511831e-8d0c-4518-b9e6-f0edf841cd3e,,2026-03-27T14:15:04.735761Z,,,,,,,,,,,
277f1fed-62fa-4045-a154-5f86856ec7a6,2026-03-27T14:14:50.306994+00:00,inference,playbook_selector,1.0.0,detection,DET-140673,cust-tekstream-001,0.782,pb-brute-force-block,0.639,15.7,TRUE,,,,,,,,807cbd05-14d0-476f-a0df-10b1ce971679,,2026-03-27T14:14:50.306940Z,,,,,,,,,,,
042d2ce2-24f1-481d-a41b-f37467e2129b,2026-03-27T14:14:49.787541+00:00,inference,playbook_selector,1.0.0,detection,DET-140672,cust-globex-003,0.867,pb-malware-response,0.655,28.9,FALSE,,,,,,,,bfca12f6-5abe-4dc7-95fc-825a5ba00b5b,,2026-03-27T14:14:49.787488Z,,,,,,,,,,,
0ce98531-fd78-47a9-bea2-b8414ada72f3,2026-03-27T14:14:49.665596+00:00,inference,playbook_selector,1.0.0,detection,DET-140671,cust-acme-corp-002,0.825,pb-malware-response,0.677,39.2,FALSE,,,,,,,,0c29191c-b375-4724-9a4a-f949602d347a,,2026-03-27T14:14:49.665544Z,,,,,,,,,,,
841645a8-291a-4ffe-b437-549ae543eda4,2026-03-27T14:14:34.973032+00:00,inference,playbook_selector,1.0.0,detection,DET-140669,cust-tekstream-001,0.698,pb-data-exfil-investigate,0.521,185.7,FALSE,,,,,,,,491fe346-5a60-4d62-8807-4a236a3bde18,,2026-03-27T14:14:34.972981Z,,,,,,,,,,,
29508a56-6671-42c1-8d1d-5c66db1e17dc,2026-03-27T14:14:34.682209+00:00,inference,playbook_selector,1.0.0,detection,DET-140668,cust-acme-corp-002,0.963,pb-data-exfil-investigate,0.65,109.1,FALSE,,,,,,,,6d7f7456-5d24-4a71-9b89-993af4e79aa0,,2026-03-27T14:14:34.682158Z,,,,,,,,,,,
1c9ebfbd-a4b8-4d2b-ab1c-1b074ac99b93,2026-03-27T14:14:19.917152+00:00,inference,playbook_selector,1.0.0,detection,DET-140667,cust-globex-003,0.574,pb-ransomware-containment,0.638,44.9,FALSE,,,,,,,,56d58d49-97da-4d29-af2b-b4ae620c28c7,,2026-03-27T14:14:19.917102Z,,,,,,,,,,,
18fff0e1-29f3-4ccc-8267-66a3d653d185,2026-03-27T14:14:19.547995+00:00,inference,playbook_selector,1.0.0,detection,DET-140666,cust-tekstream-001,0.971,pb-brute-force-block,0.534,132,FALSE,,,,,,,,81b4ec54-dc2d-45a6-8c95-694d2883e041,,2026-03-27T14:14:19.547946Z,,,,,,,,,,,
5b6436ab-ec19-4583-8885-1c6160b51227,2026-03-27T14:13:49.908453+00:00,inference,playbook_selector,1.0.0,detection,DET-140663,cust-tekstream-001,0.845,pb-malware-response,0.953,97.4,TRUE,,,,,,,,59abc73c-d86e-45ea-a324-fabaf214a2cd,,2026-03-27T14:13:49.908383Z,,,,,,,,,,,
d06447bd-ae45-4d88-aea9-88933b258588,2026-03-27T14:13:35.567375+00:00,inference,playbook_selector,1.0.0,detection,DET-140661,cust-acme-corp-002,0.666,pb-malware-response,0.941,101,FALSE,,,,,,,,d64673f7-23a0-415f-b918-fd133e4cfb46,,2026-03-27T14:13:35.567308Z,,,,,,,,,,,
a06af8f1-1306-4371-a804-4295bceda88b,2026-03-27T14:13:34.983980+00:00,inference,playbook_selector,1.0.0,detection,DET-140659,cust-acme-corp-002,0.543,pb-phishing-triage,0.654,50.1,FALSE,,,,,,,,b8ec62c5-171f-4004-aead-78e6f7093f2d,,2026-03-27T14:13:34.983929Z,,,,,,,,,,,
c74dff98-65a6-42ae-b5ed-8dd68754a0f1,2026-03-27T14:13:19.578868+00:00,inference,playbook_selector,1.0.0,detection,DET-140657,cust-tekstream-001,0.577,pb-data-exfil-investigate,0.648,35.1,FALSE,,,,,,,,367f76d3-09e4-4943-b6ed-4117aaccdeff,,2026-03-27T14:13:19.578817Z,,,,,,,,,,,
7cfa7e4a-747a-474f-b8ad-bdffa3c5a56b,2026-03-27T14:13:05.101197+00:00,inference,playbook_selector,1.0.0,detection,DET-140656,cust-acme-corp-002,0.716,pb-brute-force-block,0.956,33.2,FALSE,,,,,,,,e67fad9c-29dc-438b-b467-5bf6673760ac,,2026-03-27T14:13:05.101147Z,,,,,,,,,,,
725d2851-dfe4-45ad-8919-6ed1732c2662,2026-03-27T14:13:04.737440+00:00,inference,playbook_selector,1.0.0,detection,DET-140655,cust-globex-003,0.819,pb-brute-force-block,0.867,11.5,FALSE,,,,,,,,fe0c89e7-e2b5-4205-ad7d-e1e1bcf13611,,2026-03-27T14:13:04.737389Z,,,,,,,,,,,
db97e83f-24aa-4b49-bab8-05eb64aec4e9,2026-03-27T14:12:50.160221+00:00,inference,playbook_selector,1.0.0,detection,DET-140653,cust-globex-003,0.677,pb-brute-force-block,0.698,92.4,FALSE,,,,,,,,1420cfd0-fb27-45b5-832f-7d6ba558f575,,2026-03-27T14:12:50.160170Z,,,,,,,,,,,
9986d0c8-f97a-440f-b5c2-8ee4e4b0c368,2026-03-27T14:12:49.680163+00:00,inference,playbook_selector,1.0.0,detection,DET-140652,cust-acme-corp-002,0.728,pb-brute-force-block,0.739,51.8,FALSE,,,,,,,,3ec6b00f-c674-4dfa-a982-d0e256f87be2,,2026-03-27T14:12:49.680105Z,,,,,,,,,,,
b5aa5d65-0d76-4621-8fd8-8ba9596d6a3e,2026-03-27T14:12:34.597098+00:00,inference,playbook_selector,1.0.0,detection,DET-140650,cust-acme-corp-002,0.748,pb-phishing-triage,0.98,110.4,FALSE,,,,,,,,ea781162-659c-4052-ad53-d0de58f31419,,2026-03-27T14:12:34.597048Z,,,,,,,,,,,
9a5081fa-c91d-4e14-ae53-35a720c265c1,2026-03-27T14:12:05.457283+00:00,inference,playbook_selector,1.0.0,detection,DET-140648,cust-tekstream-001,0.514,pb-lateral-movement,0.717,56.4,FALSE,,,,,,,,29e9e135-9f35-4aa6-b92c-b1213c8477ce,,2026-03-27T14:12:05.457231Z,,,,,,,,,,,
d94f9727-d3f2-459f-a889-a26afa3327a9,2026-03-27T14:12:04.928100+00:00,inference,playbook_selector,1.0.0,detection,DET-140646,cust-tekstream-001,0.647,pb-phishing-triage,0.799,100.2,FALSE,,,,,,,,bea33dd1-2981-449a-898f-dcf9463b6474,,2026-03-27T14:12:04.928049Z,,,,,,,,,,,
b582eaf1-70e6-4bdc-93cc-d0c8773eaed6,2026-03-27T14:12:04.567102+00:00,inference,playbook_selector,1.0.0,detection,DET-140645,cust-globex-003,0.746,pb-lateral-movement,0.603,48,FALSE,,,,,,,,3a8a34d9-d0cc-4925-8de5-1396623f3843,,2026-03-27T14:12:04.567049Z,,,,,,,,,,,
b740f615-9bf3-46b6-9a98-9ae6e8708c96,2026-03-27T14:11:50.238962+00:00,inference,playbook_selector,1.0.0,detection,DET-140644,cust-tekstream-001,0.558,pb-ransomware-containment,0.65,113,FALSE,,,,,,,,77881d9f-33bf-44ea-9b59-8866201cc258,,2026-03-27T14:11:50.238913Z,,,,,,,,,,,
71e23173-18f8-4da9-850a-6654fa012321,2026-03-27T14:11:49.641445+00:00,inference,playbook_selector,1.0.0,detection,DET-140643,cust-acme-corp-002,0.973,pb-brute-force-block,0.623,43.2,FALSE,,,,,,,,202bcb80-5880-45d2-96c1-15f33eedb650,,2026-03-27T14:11:49.641395Z,,,,,,,,,,,
69d28563-ce4a-41a3-ba71-2ce0ba9e9067,2026-03-27T14:11:35.398833+00:00,inference,playbook_selector,1.0.0,detection,DET-140641,cust-globex-003,0.554,pb-ransomware-containment,0.579,108.8,FALSE,,,,,,,,7342b03a-66b5-4510-b365-768abb74b4a0,,2026-03-27T14:11:35.398779Z,,,,,,,,,,,
dbabbedf-0a8b-49a2-960a-083a51cfa474,2026-03-27T14:11:34.607425+00:00,inference,playbook_selector,1.0.0,detection,DET-140639,cust-acme-corp-002,0.504,pb-lateral-movement,0.939,99.2,FALSE,,,,,,,,ded317db-ff88-417b-9874-2be77c93a065,,2026-03-27T14:11:34.607373Z,,,,,,,,,,,
96cc92b1-c011-465a-8660-f54d0dc5c266,2026-03-27T14:11:20.194248+00:00,inference,playbook_selector,1.0.0,detection,DET-140637,cust-globex-003,0.852,pb-brute-force-block,0.725,155.7,FALSE,,,,,,,,e0b1234a-7bbb-4b27-944b-426a623018e8,,2026-03-27T14:11:20.194197Z,,,,,,,,,,,
04250c24-194f-4c59-be39-4040d737b25b,2026-03-27T14:11:19.650098+00:00,inference,playbook_selector,1.0.0,detection,DET-140636,cust-globex-003,0.763,pb-lateral-movement,0.723,79.5,FALSE,,,,,,,,abc8f4c6-ffdf-4556-9685-82ee12d20e89,,2026-03-27T14:11:19.650046Z,,,,,,,,,,,
cb5033a0-b33d-432a-83c9-2e2ff2fd0fdf,2026-03-27T14:11:04.856603+00:00,inference,playbook_selector,1.0.0,detection,DET-140635,cust-globex-003,0.728,pb-brute-force-block,0.979,36.9,FALSE,,,,,,,,188bb6de-51f7-44dd-858c-81082451cccf,,2026-03-27T14:11:04.856551Z,,,,,,,,,,,
b150db7b-8cb0-4783-a5f8-bf3e4720340d,2026-03-27T14:10:49.767409+00:00,inference,playbook_selector,1.0.0,detection,DET-140633,cust-globex-003,0.688,pb-ransomware-containment,0.697,102.5,FALSE,,,,,,,,39798e01-abd0-4298-85fb-ed3756736950,,2026-03-27T14:10:49.767358Z,,,,,,,,,,,
1f253b1a-2d87-4896-ba43-7eed5e589a43,2026-03-27T14:10:35.171987+00:00,inference,playbook_selector,1.0.0,detection,DET-140631,cust-acme-corp-002,0.894,pb-malware-response,0.632,191.6,FALSE,,,,,,,,247d78e8-c5c4-4f26-bd8e-977da7b8473d,,2026-03-27T14:10:35.171934Z,,,,,,,,,,,
b4c9e835-c227-45ab-8e6d-ab6cb2a3a6ad,2026-03-27T14:10:34.822791+00:00,inference,playbook_selector,1.0.0,detection,DET-140630,cust-globex-003,0.627,pb-phishing-triage,0.848,96.2,TRUE,,,,,,,,4b838554-543c-4d7e-9cea-e8189f2e99f9,,2026-03-27T14:10:34.822740Z,,,,,,,,,,,
59deb6cb-fed3-410e-ad57-fae0e27d987d,2026-03-27T14:10:20.035907+00:00,inference,playbook_selector,1.0.0,detection,DET-140629,cust-globex-003,0.648,pb-lateral-movement,0.936,95.1,FALSE,,,,,,,,192cdafc-0790-4bcd-9158-6b420b81294d,,2026-03-27T14:10:20.035850Z,,,,,,,,,,,
825113d0-c6f7-45fd-9ccf-56b08afad538,2026-03-27T14:10:04.702183+00:00,inference,playbook_selector,1.0.0,detection,DET-140627,cust-tekstream-001,0.89,pb-brute-force-block,0.914,152.9,FALSE,,,,,,,,e875d7f6-1b90-47b5-a386-bb491dafb5bc,,2026-03-27T14:10:04.702133Z,,,,,,,,,,,
e4b72a29-0399-4fd3-9df3-c5ec6323f68d,2026-03-27T14:09:49.751530+00:00,inference,playbook_selector,1.0.0,detection,DET-140626,cust-tekstream-001,0.933,pb-malware-response,0.929,149.4,TRUE,,,,,,,,da71566d-1f10-4dd6-a4e8-f5a7d60844db,,2026-03-27T14:09:49.751480Z,,,,,,,,,,,
331bf1f1-9ba0-4861-88eb-4ce78c3b4170,2026-03-27T14:09:35.733809+00:00,inference,playbook_selector,1.0.0,detection,DET-140624,cust-globex-003,0.617,pb-brute-force-block,0.573,163.9,FALSE,,,,,,,,49346bcb-6277-4a98-aebc-c729f55f6374,,2026-03-27T14:09:35.733757Z,,,,,,,,,,,
911335fd-15eb-4206-82da-90e6c9d51207,2026-03-27T14:09:34.999963+00:00,inference,playbook_selector,1.0.0,detection,DET-140622,cust-globex-003,0.889,pb-lateral-movement,0.714,148.9,TRUE,,,,,,,,4a139786-8c6b-45bd-8e44-31f68672a703,,2026-03-27T14:09:34.999910Z,,,,,,,,,,,
1653c141-be2a-4ff1-9f74-c5e07d454010,2026-03-27T14:09:20.518267+00:00,inference,playbook_selector,1.0.0,detection,DET-140620,cust-tekstream-001,0.577,pb-lateral-movement,0.922,190.6,FALSE,,,,,,,,8af87786-0d3c-49b4-b957-8d92b9b1ff60,,2026-03-27T14:09:20.518216Z,,,,,,,,,,,
c0eeec35-2be6-45bb-955b-089b5787fd1f,2026-03-27T14:09:20.199840+00:00,inference,playbook_selector,1.0.0,detection,DET-140619,cust-tekstream-001,0.685,pb-phishing-triage,0.676,133.9,TRUE,,,,,,,,f67ca938-dcdc-4fe3-b4dc-5ea335a7337f,,2026-03-27T14:09:20.199789Z,,,,,,,,,,,
b6b5d68f-6241-4924-9706-e806e9463df8,2026-03-27T14:09:19.766363+00:00,inference,playbook_selector,1.0.0,detection,DET-140618,cust-tekstream-001,0.552,pb-data-exfil-investigate,0.629,24.8,FALSE,,,,,,,,8bda14be-ed66-4e62-8ad9-0a7e6e3834ac,,2026-03-27T14:09:19.766312Z,,,,,,,,,,,
e1ffcf65-4b1d-4283-85e4-3e55540a9951,2026-03-27T14:09:05.132657+00:00,inference,playbook_selector,1.0.0,detection,DET-140617,cust-tekstream-001,0.939,pb-lateral-movement,0.936,157.6,FALSE,,,,,,,,18626419-5029-4b1f-9541-fad28c35eea3,,2026-03-27T14:09:05.132587Z,,,,,,,,,,,
e62f5ea7-0e87-440b-a967-3751c52f081d,2026-03-27T14:08:34.610645+00:00,inference,playbook_selector,1.0.0,detection,DET-140611,cust-tekstream-001,0.862,pb-brute-force-block,0.886,153.8,FALSE,,,,,,,,8cc7ab5e-d109-45ba-b71d-1fc9179a7e36,,2026-03-27T14:08:34.610593Z,,,,,,,,,,,
e6a41652-1810-4e69-8d56-06bf09581fbb,2026-03-27T14:08:20.236799+00:00,inference,playbook_selector,1.0.0,detection,DET-140610,cust-globex-003,0.744,pb-data-exfil-investigate,0.831,68.1,FALSE,,,,,,,,61f3d72b-3d5e-437d-847b-d17d39f67a29,,2026-03-27T14:08:20.236747Z,,,,,,,,,,,
2903acff-fe27-4d04-8dea-871981dc03ea,2026-03-27T14:08:19.808273+00:00,inference,playbook_selector,1.0.0,detection,DET-140609,cust-globex-003,0.928,pb-lateral-movement,0.917,90.9,FALSE,,,,,,,,68370722-9723-4bc7-be2c-0fb84c3ac559,,2026-03-27T14:08:19.808222Z,,,,,,,,,,,
f26e5fc4-394e-4aee-84f3-228961f47ecc,2026-03-27T14:07:49.869381+00:00,inference,playbook_selector,1.0.0,detection,DET-140605,cust-globex-003,0.62,pb-brute-force-block,0.99,49.3,FALSE,,,,,,,,adf7a485-b84b-447c-b65e-e6f4bfe6d603,,2026-03-27T14:07:49.869330Z,,,,,,,,,,,
8a9ebcfb-5526-4461-a47a-372d390cc7e9,2026-03-27T14:07:49.728154+00:00,inference,playbook_selector,1.0.0,detection,DET-140604,cust-globex-003,0.506,pb-lateral-movement,0.909,91.5,FALSE,,,,,,,,ca29f6a2-a9c4-4650-8bab-570c30e44a3e,,2026-03-27T14:07:49.728104Z,,,,,,,,,,,
20d013e2-b9de-46c1-843e-256e3a9386a5,2026-03-27T14:07:35.234282+00:00,inference,playbook_selector,1.0.0,detection,DET-140603,cust-globex-003,0.801,pb-ransomware-containment,0.638,55.3,TRUE,,,,,,,,f4c915c1-e82b-4fb7-9571-33fc77ab4303,,2026-03-27T14:07:35.234228Z,,,,,,,,,,,
91c22a9d-50c3-47af-9b76-17ec7268b640,2026-03-27T14:07:05.277664+00:00,inference,playbook_selector,1.0.0,detection,DET-140597,cust-acme-corp-002,0.942,pb-phishing-triage,0.951,144.7,FALSE,,,,,,,,49d107d0-131a-4470-b885-bd85256a8bef,,2026-03-27T14:07:05.277611Z,,,,,,,,,,,
2fe82a0c-db4d-4887-b4d2-f76f9252df43,2026-03-27T14:07:04.756244+00:00,inference,playbook_selector,1.0.0,detection,DET-140596,cust-tekstream-001,0.541,pb-data-exfil-investigate,0.901,59,FALSE,,,,,,,,4fd02521-093e-459b-aa67-2691f401812f,,2026-03-27T14:07:04.756192Z,,,,,,,,,,,
bec2e1fb-0586-49aa-bafa-0f34145f1d45,2026-03-27T14:06:35.003377+00:00,inference,playbook_selector,1.0.0,detection,DET-140594,cust-globex-003,0.861,pb-data-exfil-investigate,0.72,192.1,FALSE,,,,,,,,e7de462e-9263-4b39-a65b-634022931b5d,,2026-03-27T14:06:35.003325Z,,,,,,,,,,,
6ce1ef02-0c80-4a2d-a6bf-de354dd798db,2026-03-27T14:06:04.913997+00:00,inference,playbook_selector,1.0.0,detection,DET-140589,cust-globex-003,0.56,pb-brute-force-block,0.717,164.9,FALSE,,,,,,,,8c5f16e8-16c7-4d95-bdad-b523a3d5e362,,2026-03-27T14:06:04.913946Z,,,,,,,,,,,
63365844-55b5-4dd6-9bff-09657def8025,2026-03-27T14:05:50.408459+00:00,inference,playbook_selector,1.0.0,detection,DET-140587,cust-globex-003,0.658,pb-lateral-movement,0.834,20.3,FALSE,,,,,,,,b459ae28-85d6-48bf-89ad-6183539b5e32,,2026-03-27T14:05:50.408396Z,,,,,,,,,,,
d90cf52d-0a17-4bf2-b163-c6ac87f6d9a8,2026-03-27T14:05:49.774524+00:00,inference,playbook_selector,1.0.0,detection,DET-140586,cust-tekstream-001,0.845,pb-malware-response,0.583,174.3,FALSE,,,,,,,,3a4394d1-84a8-4ded-8e6e-65a224e9c2cc,,2026-03-27T14:05:49.774449Z,,,,,,,,,,,
b2258ec9-98fb-401b-9aac-32da95e22b09,2026-03-27T14:05:34.907075+00:00,inference,playbook_selector,1.0.0,detection,DET-140584,cust-globex-003,0.634,pb-phishing-triage,0.978,101.4,TRUE,,,,,,,,6b05d82e-0f4c-45ca-bb09-c47e6611b717,,2026-03-27T14:05:34.907026Z,,,,,,,,,,,
84c99a42-7617-47cd-8f19-516f16247f3f,2026-03-27T14:05:19.956185+00:00,inference,playbook_selector,1.0.0,detection,DET-140582,cust-globex-003,0.573,pb-ransomware-containment,0.601,119.3,FALSE,,,,,,,,97deb565-6f64-4001-8b97-2f62d0a9b52b,,2026-03-27T14:05:19.956125Z,,,,,,,,,,,
7b7bcd54-6967-4d30-9aee-5c635d7a66a9,2026-03-27T14:05:19.524613+00:00,inference,playbook_selector,1.0.0,detection,DET-140581,cust-acme-corp-002,0.948,pb-lateral-movement,0.703,153.7,FALSE,,,,,,,,0376dc0e-4047-405a-b99a-fd4bdda1add8,,2026-03-27T14:05:19.524561Z,,,,,,,,,,,
8a03a230-2393-4e58-a01c-80c7c547c766,2026-03-27T14:05:05.205314+00:00,inference,playbook_selector,1.0.0,detection,DET-140579,cust-globex-003,0.946,pb-data-exfil-investigate,0.548,144.1,FALSE,,,,,,,,c83e5322-bee2-4434-b7e5-f7ce3fb17388,,2026-03-27T14:05:05.205262Z,,,,,,,,,,,
d523be2e-1862-419c-8379-a06077f8cd21,2026-03-27T14:05:04.655352+00:00,inference,playbook_selector,1.0.0,detection,DET-140577,cust-acme-corp-002,0.684,pb-malware-response,0.92,90.3,TRUE,,,,,,,,57f2710b-9473-41f5-922a-473efdc16fd2,,2026-03-27T14:05:04.655301Z,,,,,,,,,,,
b03ba2cd-f66d-4add-8902-1f38fbf8900e,2026-03-27T14:04:49.905339+00:00,inference,playbook_selector,1.0.0,detection,DET-140576,cust-acme-corp-002,0.822,pb-brute-force-block,0.975,113.5,FALSE,,,,,,,,cdbfb517-9285-41f1-8e70-83c06c03604a,,2026-03-27T14:04:49.905290Z,,,,,,,,,,,
4601de57-6b33-452d-8870-54e47f3eb0c0,2026-03-27T14:04:35.137654+00:00,inference,playbook_selector,1.0.0,detection,DET-140574,cust-globex-003,0.894,pb-ransomware-containment,0.669,53.9,FALSE,,,,,,,,4c3f158d-d6c0-4878-bcce-660188172822,,2026-03-27T14:04:35.137601Z,,,,,,,,,,,
90fcbb8d-f98e-4be8-a1a7-f8c8a6e2f021,2026-03-27T14:04:34.551877+00:00,inference,playbook_selector,1.0.0,detection,DET-140572,cust-acme-corp-002,0.796,pb-phishing-triage,0.99,71.8,FALSE,,,,,,,,c6246e4b-83e0-454f-bc30-7723e2551652,,2026-03-27T14:04:34.551827Z,,,,,,,,,,,
9216ff4c-6a56-4b40-8d16-3ed71be6b9dd,2026-03-27T14:04:19.995451+00:00,inference,playbook_selector,1.0.0,detection,DET-140569,cust-acme-corp-002,0.949,pb-data-exfil-investigate,0.954,105.9,TRUE,,,,,,,,388f8670-6278-4576-97f7-07af74f88434,,2026-03-27T14:04:19.995402Z,,,,,,,,,,,
f5e72989-c623-4372-91e3-1bc88d799a38,2026-03-27T14:03:50.600246+00:00,inference,playbook_selector,1.0.0,detection,DET-140566,cust-tekstream-001,0.535,pb-ransomware-containment,0.583,122.4,TRUE,,,,,,,,80dbf872-6f0d-49b7-b1ef-7f274c4645dc,,2026-03-27T14:03:50.600193Z,,,,,,,,,,,
6319d5a5-2857-4f98-99bc-eea4ec59a088,2026-03-27T14:03:49.472981+00:00,inference,playbook_selector,1.0.0,detection,DET-140563,cust-globex-003,0.951,pb-malware-response,0.958,116.9,FALSE,,,,,,,,2f9a56c8-a15a-4c2d-a79d-913751a5e199,,2026-03-27T14:03:49.472931Z,,,,,,,,,,,
f953e664-3099-4073-9af2-6aa95ebfad61,2026-03-27T14:03:34.567854+00:00,inference,playbook_selector,1.0.0,detection,DET-140560,cust-globex-003,0.752,pb-phishing-triage,0.762,47,FALSE,,,,,,,,39508a2d-58cb-46f7-85de-07b8c9ba8ce8,,2026-03-27T14:03:34.567803Z,,,,,,,,,,,
80a61ed2-d691-4ad0-83cf-75a893b2cc52,2026-03-27T14:03:04.520992+00:00,inference,playbook_selector,1.0.0,detection,DET-140555,cust-tekstream-001,0.656,pb-data-exfil-investigate,0.599,10.7,FALSE,,,,,,,,71058c21-2cfd-4e5e-ba3f-48e5a060c39b,,2026-03-27T14:03:04.520937Z,,,,,,,,,,,
fe7236c9-1ee7-439d-b914-406de687c7b6,2026-03-27T14:02:50.573377+00:00,inference,playbook_selector,1.0.0,detection,DET-140554,cust-acme-corp-002,0.735,pb-malware-response,0.782,54.7,FALSE,,,,,,,,c3748839-51dd-4d3c-be27-a5379ef2cf1a,,2026-03-27T14:02:50.573321Z,,,,,,,,,,,
65f746ce-0c68-4dc4-80b5-00810c8b4982,2026-03-27T14:02:49.641349+00:00,inference,playbook_selector,1.0.0,detection,DET-140551,cust-globex-003,0.554,pb-malware-response,0.727,76.1,TRUE,,,,,,,,a0278cdb-6e49-4a63-9610-39a4edfd3432,,2026-03-27T14:02:49.641292Z,,,,,,,,,,,
5a54a9ae-d903-4642-ba59-ddadfbe1bcc4,2026-03-27T14:02:34.675941+00:00,inference,playbook_selector,1.0.0,detection,DET-140550,cust-acme-corp-002,0.873,pb-data-exfil-investigate,0.944,55.9,TRUE,,,,,,,,f58bbb9c-49d8-4908-9f46-bc2ba9149508,,2026-03-27T14:02:34.675890Z,,,,,,,,,,,
11a35194-9adb-4eef-bfb7-fcdd4d6e5534,2026-03-27T14:02:04.715550+00:00,inference,playbook_selector,1.0.0,detection,DET-140547,cust-globex-003,0.717,pb-brute-force-block,0.624,154.2,FALSE,,,,,,,,dadd1b6d-1a46-4d2e-a789-91c48d72a581,,2026-03-27T14:02:04.715496Z,,,,,,,,,,,
bf68235b-693a-44b8-b219-b819171f3874,2026-03-27T14:01:49.539282+00:00,inference,playbook_selector,1.0.0,detection,DET-140546,cust-tekstream-001,0.774,pb-ransomware-containment,0.656,158.7,FALSE,,,,,,,,8ecea929-a600-4c42-9e92-10ab01492617,,2026-03-27T14:01:49.539231Z,,,,,,,,,,,
092ddb34-7602-4c63-bece-9691edcc9a9f,2026-03-27T14:01:05.143682+00:00,inference,playbook_selector,1.0.0,detection,DET-140542,cust-globex-003,0.553,pb-brute-force-block,0.835,108,FALSE,,,,,,,,1e6e5554-c6a3-401b-9f7a-018cdcfa1afa,,2026-03-27T14:01:05.143630Z,,,,,,,,,,,
a54deb87-1610-4c50-857e-04c5b5caa809,2026-03-27T14:01:04.997008+00:00,inference,playbook_selector,1.0.0,detection,DET-140541,cust-tekstream-001,0.951,pb-phishing-triage,0.673,137.3,FALSE,,,,,,,,d55c92c3-b443-4754-99c2-4695198e4d54,,2026-03-27T14:01:04.996957Z,,,,,,,,,,,
0b2fd757-e97f-4c34-b072-da4be7b29326,2026-03-27T14:00:50.086874+00:00,inference,playbook_selector,1.0.0,detection,DET-140538,cust-tekstream-001,0.75,pb-data-exfil-investigate,0.931,156.6,FALSE,,,,,,,,00a37ff0-66f5-4fa1-ba1f-2b5d06f015a3,,2026-03-27T14:00:50.086822Z,,,,,,,,,,,
8a4cfbd3-b4e7-463c-a9b1-f1d0b56f92cb,2026-03-27T14:00:49.911225+00:00,inference,playbook_selector,1.0.0,detection,DET-140537,cust-acme-corp-002,0.851,pb-data-exfil-investigate,0.967,92.2,FALSE,,,,,,,,c7a1a301-3750-49ad-8e5f-8c8d5bcecebe,,2026-03-27T14:00:49.911174Z,,,,,,,,,,,
eb30fc60-eda4-4d4a-a1cc-436430411464,2026-03-27T14:00:35.175604+00:00,inference,playbook_selector,1.0.0,detection,DET-140534,cust-acme-corp-002,0.731,pb-lateral-movement,0.559,181.6,FALSE,,,,,,,,fe8792c3-75d4-46f2-a638-3d94a73bc19a,,2026-03-27T14:00:35.175537Z,,,,,,,,,,,
6d76ee62-67b9-487d-91ae-10c056c66496,2026-03-27T14:00:34.802769+00:00,inference,playbook_selector,1.0.0,detection,DET-140533,cust-tekstream-001,0.642,pb-data-exfil-investigate,0.886,57.5,FALSE,,,,,,,,6ab42516-c794-45fe-9f44-f0cddac1466e,,2026-03-27T14:00:34.802701Z,,,,,,,,,,,
82431d65-6293-40de-98c5-f2a4e67638e5,2026-03-27T14:00:34.546370+00:00,inference,playbook_selector,1.0.0,detection,DET-140532,cust-globex-003,0.631,pb-brute-force-block,0.808,149.5,FALSE,,,,,,,,0548d88b-6a9e-416d-882c-f3924ff68b90,,2026-03-27T14:00:34.546319Z,,,,,,,,,,,
fb725155-c133-4531-8d7b-7cd0c16236aa,2026-03-27T14:00:20.254784+00:00,inference,playbook_selector,1.0.0,detection,DET-140531,cust-acme-corp-002,0.921,pb-lateral-movement,0.528,186,FALSE,,,,,,,,06ea9a19-6c64-43b7-9b3c-f678410e8186,,2026-03-27T14:00:20.254730Z,,,,,,,,,,,
03051dd3-80fe-4b35-b70c-2b718d836ddf,2026-03-27T14:00:19.892068+00:00,inference,playbook_selector,1.0.0,detection,DET-140530,cust-acme-corp-002,0.708,pb-malware-response,0.622,194.6,FALSE,,,,,,,,51ba007f-e058-46e6-9470-ea52ef6683df,,2026-03-27T14:00:19.892017Z,,,,,,,,,,,
544014c2-4146-4f76-a47d-4a2136e394bb,2026-03-27T14:00:05.013950+00:00,inference,playbook_selector,1.0.0,detection,DET-140528,cust-acme-corp-002,0.529,pb-data-exfil-investigate,0.52,111.8,TRUE,,,,,,,,96fce835-ff28-4d71-86e0-902c65c76d33,,2026-03-27T14:00:05.013896Z,,,,,,,,,,,
35e2fb71-3b4b-4d1c-971b-eeeeeb187138,2026-03-27T13:59:34.794028+00:00,inference,playbook_selector,1.0.0,detection,DET-140522,cust-globex-003,0.569,pb-data-exfil-investigate,0.741,48.2,FALSE,,,,,,,,e1af2fb5-457d-4bef-b6cc-7f6f2dee26da,,2026-03-27T13:59:34.793975Z,,,,,,,,,,,
e88a5ed3-0c6a-4bc1-abed-246b69550368,2026-03-27T13:59:20.369350+00:00,inference,playbook_selector,1.0.0,detection,DET-140520,cust-tekstream-001,0.888,pb-ransomware-containment,0.548,68.5,FALSE,,,,,,,,0c5efb63-acff-49e6-8ed8-b77269228f41,,2026-03-27T13:59:20.369298Z,,,,,,,,,,,
027b29fa-c912-4463-9f3d-744c290843fc,2026-03-27T13:59:20.081710+00:00,inference,playbook_selector,1.0.0,detection,DET-140519,cust-acme-corp-002,0.953,pb-phishing-triage,0.511,110.2,FALSE,,,,,,,,1bca101b-9821-475c-99e9-be26bb17f0cc,,2026-03-27T13:59:20.081658Z,,,,,,,,,,,
02de296f-6e56-4ebc-9acb-514f08fc0fe2,2026-03-27T13:59:19.537352+00:00,inference,playbook_selector,1.0.0,detection,DET-140517,cust-acme-corp-002,0.75,pb-brute-force-block,0.552,197.8,TRUE,,,,,,,,9da7fd0d-e6c9-41a6-a261-a93b7157ca46,,2026-03-27T13:59:19.537297Z,,,,,,,,,,,
4cd1025a-1287-4f33-b79e-6fd28a6e0723,2026-03-27T13:59:04.717081+00:00,inference,playbook_selector,1.0.0,detection,DET-140515,cust-tekstream-001,0.654,pb-lateral-movement,0.75,99.1,FALSE,,,,,,,,66844787-1e6d-4127-8f6b-64435098f17a,,2026-03-27T13:59:04.717029Z,,,,,,,,,,,
bd080159-6ea8-49e1-a450-6274244c009f,2026-03-27T13:58:35.503878+00:00,inference,playbook_selector,1.0.0,detection,DET-140512,cust-acme-corp-002,0.971,pb-brute-force-block,0.588,51.6,FALSE,,,,,,,,f712362b-07ec-46db-8a80-30f805f4d575,,2026-03-27T13:58:35.503828Z,,,,,,,,,,,
5a1c1480-c912-42a3-80d7-4becc33ef528,2026-03-27T13:58:34.477200+00:00,inference,playbook_selector,1.0.0,detection,DET-140510,cust-tekstream-001,0.684,pb-phishing-triage,0.58,166.3,FALSE,,,,,,,,edb6e915-9719-4a32-83ef-90bf329da494,,2026-03-27T13:58:34.477147Z,,,,,,,,,,,
609c4c5e-cbc2-4e01-8a9b-9b5469a31028,2026-03-27T13:58:20.369287+00:00,inference,playbook_selector,1.0.0,detection,DET-140509,cust-acme-corp-002,0.506,pb-phishing-triage,0.805,11.4,FALSE,,,,,,,,9f9c582d-4471-4f4f-886b-d8bb68e2972a,,2026-03-27T13:58:20.369237Z,,,,,,,,,,,
a724a4d9-f601-4b5d-b91f-fa562e221f41,2026-03-27T13:58:19.971140+00:00,inference,playbook_selector,1.0.0,detection,DET-140508,cust-globex-003,0.941,pb-phishing-triage,0.836,53.2,FALSE,,,,,,,,bb1131b6-66f0-48b4-a856-c67d9bf84c5c,,2026-03-27T13:58:19.971083Z,,,,,,,,,,,
c884fefe-4892-455b-ac11-b394aecc1534,2026-03-27T13:57:49.738818+00:00,inference,playbook_selector,1.0.0,detection,DET-140502,cust-acme-corp-002,0.752,pb-brute-force-block,0.698,72.9,FALSE,,,,,,,,6a7c22b9-6683-476c-a567-9e15e14ca6ca,,2026-03-27T13:57:49.738768Z,,,,,,,,,,,
1e2b879f-da11-4ea0-8cb6-c4fbe5fcc87c,2026-03-27T13:57:34.547688+00:00,inference,playbook_selector,1.0.0,detection,DET-140501,cust-tekstream-001,0.866,pb-phishing-triage,0.727,174.9,TRUE,,,,,,,,6dfd23ed-5906-4079-9aaa-7975f5b56695,,2026-03-27T13:57:34.547636Z,,,,,,,,,,,
6e2c3446-4e26-4ce4-a093-59adf7e7773c,2026-03-27T13:57:20.066881+00:00,inference,playbook_selector,1.0.0,detection,DET-140499,cust-globex-003,0.909,pb-data-exfil-investigate,0.577,163.8,FALSE,,,,,,,,da82c9af-6893-4980-9991-f2dac22330ff,,2026-03-27T13:57:20.066830Z,,,,,,,,,,,
e3d931d2-95a5-4bea-bec9-4bf2d5b55565,2026-03-27T13:57:19.807535+00:00,inference,playbook_selector,1.0.0,detection,DET-140498,cust-acme-corp-002,0.775,pb-phishing-triage,0.918,51,FALSE,,,,,,,,a01f5c3d-7da1-4a73-9d17-ec0bb298a197,,2026-03-27T13:57:19.807466Z,,,,,,,,,,,
652157ed-5241-4351-898e-5f4fd2ba0307,2026-03-27T13:57:04.850140+00:00,inference,playbook_selector,1.0.0,detection,DET-140495,cust-tekstream-001,0.692,pb-malware-response,0.62,20.4,FALSE,,,,,,,,d2ab2172-39c0-4a4a-88bf-983cad45b33e,,2026-03-27T13:57:04.850090Z,,,,,,,,,,,
aeb840b5-b9b0-4d0b-aea9-03cee3498227,2026-03-27T13:56:50.276391+00:00,inference,playbook_selector,1.0.0,detection,DET-140492,cust-globex-003,0.733,pb-malware-response,0.5,97,TRUE,,,,,,,,0f63bb09-5596-451c-9cca-677bb51a5f55,,2026-03-27T13:56:50.276249Z,,,,,,,,,,,
ca3b9dc7-1ed3-4f15-b2bd-0f7840141238,2026-03-27T13:56:49.678198+00:00,inference,playbook_selector,1.0.0,detection,DET-140490,cust-tekstream-001,0.617,pb-lateral-movement,0.75,178.1,FALSE,,,,,,,,983959ee-7605-41c4-ae7c-7c20edbbaf94,,2026-03-27T13:56:49.678148Z,,,,,,,,,,,
263a079f-5f20-4941-8aa7-33a0712043b6,2026-03-27T13:56:34.714420+00:00,inference,playbook_selector,1.0.0,detection,DET-140488,cust-acme-corp-002,0.839,pb-data-exfil-investigate,0.892,167.6,FALSE,,,,,,,,955ecea1-3661-418b-8111-fde48600c17f,,2026-03-27T13:56:34.714370Z,,,,,,,,,,,
fcb4c037-3135-4f11-b78b-1fcab7238661,2026-03-27T13:56:19.623913+00:00,inference,playbook_selector,1.0.0,detection,DET-140485,cust-globex-003,0.549,pb-phishing-triage,0.968,36.4,FALSE,,,,,,,,c8f248c7-454b-4022-99b6-292bb91b0b13,,2026-03-27T13:56:19.623860Z,,,,,,,,,,,
d6ae3cbf-1ebf-483a-88b6-a24c622791f9,2026-03-27T13:56:05.445324+00:00,inference,playbook_selector,1.0.0,detection,DET-140483,cust-globex-003,0.915,pb-ransomware-containment,0.874,13.4,FALSE,,,,,,,,0d52e02a-6521-451e-bc2b-057a71b7e9e1,,2026-03-27T13:56:05.445272Z,,,,,,,,,,,
555d94be-3980-44e4-93f2-d93abc4d257f,2026-03-27T13:56:04.880891+00:00,inference,playbook_selector,1.0.0,detection,DET-140482,cust-globex-003,0.874,pb-malware-response,0.915,64.3,FALSE,,,,,,,,0d3612f8-ea44-47ab-8f8a-5e7cc0e1aeae,,2026-03-27T13:56:04.880833Z,,,,,,,,,,,
549900ed-829a-4f5d-b528-98132e0d4be7,2026-03-27T13:56:04.515593+00:00,inference,playbook_selector,1.0.0,detection,DET-140481,cust-tekstream-001,0.518,pb-phishing-triage,0.656,77.1,FALSE,,,,,,,,8d82567e-7924-411f-b196-116607ea3da1,,2026-03-27T13:56:04.515540Z,,,,,,,,,,,
e671cf1c-fcf8-471c-9b71-825dae87b5a0,2026-03-27T13:55:49.734963+00:00,inference,playbook_selector,1.0.0,detection,DET-140479,cust-tekstream-001,0.843,pb-brute-force-block,0.808,53.9,FALSE,,,,,,,,edacfd86-2cd2-4c41-98a4-cef5d849a836,,2026-03-27T13:55:49.734914Z,,,,,,,,,,,
044ee991-59dc-4c79-8abe-5b351682db82,2026-03-27T13:55:20.008187+00:00,inference,playbook_selector,1.0.0,detection,DET-140475,cust-tekstream-001,0.557,pb-lateral-movement,0.551,100.9,FALSE,,,,,,,,e0c99bd5-c2c1-448e-a108-39042ab2c620,,2026-03-27T13:55:20.008137Z,,,,,,,,,,,
0cbce3a3-3d00-4040-8936-82daf34008a8,2026-03-27T13:55:19.591178+00:00,inference,playbook_selector,1.0.0,detection,DET-140474,cust-tekstream-001,0.969,pb-data-exfil-investigate,0.93,146.9,FALSE,,,,,,,,7aa67678-a7af-4a8f-9b82-c34fd8318802,,2026-03-27T13:55:19.591126Z,,,,,,,,,,,
0841e80b-022b-49e6-955e-2781a38efab6,2026-03-27T13:55:04.445419+00:00,inference,playbook_selector,1.0.0,detection,DET-140473,cust-acme-corp-002,0.733,pb-ransomware-containment,0.762,60.3,TRUE,,,,,,,,c0285361-a6f6-45f4-9c35-b4248b514f2e,,2026-03-27T13:55:04.445363Z,,,,,,,,,,,
e3a4e887-6cc9-4f1f-954b-38ba54128ae4,2026-03-27T13:54:49.553053+00:00,inference,playbook_selector,1.0.0,detection,DET-140472,cust-tekstream-001,0.899,pb-lateral-movement,0.576,121.8,FALSE,,,,,,,,3f257bb6-162d-4191-a815-3b84f4e39d2c,,2026-03-27T13:54:49.553000Z,,,,,,,,,,,
b64b9796-efe5-4854-b067-1edee4b156d4,2026-03-27T13:54:20.192177+00:00,inference,playbook_selector,1.0.0,detection,DET-140469,cust-tekstream-001,0.721,pb-malware-response,0.668,89.2,FALSE,,,,,,,,3cafbb8f-87ea-4288-b79a-b935f7183ed3,,2026-03-27T13:54:20.192128Z,,,,,,,,,,,
3280196c-bdda-4f19-9fbd-7cd321b1336d,2026-03-27T13:54:19.536946+00:00,inference,playbook_selector,1.0.0,detection,DET-140467,cust-acme-corp-002,0.537,pb-data-exfil-investigate,0.694,81.9,FALSE,,,,,,,,717dcdf8-bcad-495c-900a-f789a51ca759,,2026-03-27T13:54:19.536875Z,,,,,,,,,,,
5199e667-d02b-440c-b6f2-eae23f7a2677,2026-03-27T13:54:04.763841+00:00,inference,playbook_selector,1.0.0,detection,DET-140464,cust-globex-003,0.693,pb-phishing-triage,0.899,84.4,FALSE,,,,,,,,ae00dba0-1e11-4e65-82d7-d9ca3e1e2131,,2026-03-27T13:54:04.763788Z,,,,,,,,,,,
4679539d-afc8-4ccb-90b6-34d7a0af1e1f,2026-03-27T13:54:04.406001+00:00,inference,playbook_selector,1.0.0,detection,DET-140463,cust-tekstream-001,0.535,pb-brute-force-block,0.555,197.7,FALSE,,,,,,,,398a42cb-2c45-4adc-938e-56c6c981c922,,2026-03-27T13:54:04.405934Z,,,,,,,,,,,
7078afa4-1005-48ea-94ed-8ab3528913b2,2026-03-27T13:53:50.334284+00:00,inference,playbook_selector,1.0.0,detection,DET-140462,cust-globex-003,0.568,pb-brute-force-block,0.764,158.1,FALSE,,,,,,,,7035a5c8-fe9a-456f-ab4d-583552777ec1,,2026-03-27T13:53:50.334233Z,,,,,,,,,,,
2a302754-6784-48f3-8e04-00618706c0f6,2026-03-27T13:53:49.785027+00:00,inference,playbook_selector,1.0.0,detection,DET-140460,cust-globex-003,0.846,pb-phishing-triage,0.953,27.2,FALSE,,,,,,,,069a30f4-b0f5-4ee9-b997-3af3102f1504,,2026-03-27T13:53:49.784976Z,,,,,,,,,,,
72b60384-14de-4092-8d66-25ae4543ca03,2026-03-27T13:53:34.596458+00:00,inference,playbook_selector,1.0.0,detection,DET-140458,cust-tekstream-001,0.838,pb-brute-force-block,0.936,169.8,FALSE,,,,,,,,514339b3-28d8-4ebc-bfdf-be244036af37,,2026-03-27T13:53:34.596391Z,,,,,,,,,,,
f5b5f212-1cb1-4a46-9333-159a274f2d39,2026-03-27T13:53:19.905705+00:00,inference,playbook_selector,1.0.0,detection,DET-140457,cust-tekstream-001,0.96,pb-data-exfil-investigate,0.683,189.1,FALSE,,,,,,,,13400bdd-38bc-433a-80b6-e4dfd5020d49,,2026-03-27T13:53:19.905655Z,,,,,,,,,,,
4dc0a27d-cb09-462e-9b70-26627a68f23b,2026-03-27T13:53:19.370872+00:00,inference,playbook_selector,1.0.0,detection,DET-140455,cust-globex-003,0.748,pb-ransomware-containment,0.988,164.2,TRUE,,,,,,,,82fb4bed-0303-4639-9895-cadcb8ad2fa0,,2026-03-27T13:53:19.370822Z,,,,,,,,,,,
2f137e28-f30f-4b60-bab3-c261cb611dc7,2026-03-27T13:52:50.326326+00:00,inference,playbook_selector,1.0.0,detection,DET-140450,cust-acme-corp-002,0.762,pb-data-exfil-investigate,0.587,35.3,FALSE,,,,,,,,95a2fd90-0650-46f6-b7a0-488159aa8409,,2026-03-27T13:52:50.326280Z,,,,,,,,,,,
7615a703-7983-4479-90bc-863cf080c571,2026-03-27T13:52:49.813229+00:00,inference,playbook_selector,1.0.0,detection,DET-140449,cust-acme-corp-002,0.713,pb-phishing-triage,0.722,10.3,FALSE,,,,,,,,93363f07-3773-45a7-b017-3b9817fa43d7,,2026-03-27T13:52:49.813178Z,,,,,,,,,,,
e25b1ac5-3212-4d7e-99f1-ebf50a4dad4a,2026-03-27T13:52:49.627539+00:00,inference,playbook_selector,1.0.0,detection,DET-140448,cust-tekstream-001,0.597,pb-brute-force-block,0.775,139.2,FALSE,,,,,,,,37e199ec-0221-4b07-bf7f-16dbaf9d02c6,,2026-03-27T13:52:49.627488Z,,,,,,,,,,,
dda04eab-5c68-4662-8cc9-70f71547f9f6,2026-03-27T13:52:20.260419+00:00,inference,playbook_selector,1.0.0,detection,DET-140446,cust-tekstream-001,0.633,pb-lateral-movement,0.823,27,FALSE,,,,,,,,7fbbadee-27c4-43f2-bc85-5487b48be7f2,,2026-03-27T13:52:20.260246Z,,,,,,,,,,,
fdb96f88-2af5-49ed-98cd-621b377ba49a,2026-03-27T13:52:19.870392+00:00,inference,playbook_selector,1.0.0,detection,DET-140445,cust-tekstream-001,0.809,pb-ransomware-containment,0.929,73.5,FALSE,,,,,,,,b509762c-3d14-4980-b2c3-7fcdfcc46fc7,,2026-03-27T13:52:19.870341Z,,,,,,,,,,,
801b5f98-45cc-4119-bc09-1219e0b6b581,2026-03-27T13:52:04.844825+00:00,inference,playbook_selector,1.0.0,detection,DET-140443,cust-acme-corp-002,0.572,pb-phishing-triage,0.923,181,FALSE,,,,,,,,3400a521-33bc-4193-b608-5285cce0d062,,2026-03-27T13:52:04.844772Z,,,,,,,,,,,
7f9acbbb-a803-44b8-a493-dd71bd25d2ac,2026-03-27T13:52:04.489600+00:00,inference,playbook_selector,1.0.0,detection,DET-140442,cust-acme-corp-002,0.648,pb-brute-force-block,0.543,63.1,FALSE,,,,,,,,6b365c5b-4433-4155-822f-650ed6038c2c,,2026-03-27T13:52:04.489536Z,,,,,,,,,,,
9767aa95-4b02-4b5b-a03d-5b48824a4f5b,2026-03-27T13:51:50.035931+00:00,inference,playbook_selector,1.0.0,detection,DET-140441,cust-globex-003,0.93,pb-phishing-triage,0.87,56.6,FALSE,,,,,,,,de7b164b-c8a4-46bd-8036-478f75e81849,,2026-03-27T13:51:50.035857Z,,,,,,,,,,,
e91908a3-9634-4c32-89c0-f0f1f7ef343c,2026-03-27T13:51:49.381105+00:00,inference,playbook_selector,1.0.0,detection,DET-140439,cust-tekstream-001,0.961,pb-malware-response,0.509,114.6,FALSE,,,,,,,,7110628b-1932-43ae-9dc1-fae7b891e213,,2026-03-27T13:51:49.381052Z,,,,,,,,,,,
2abfad15-ab64-400f-aa8c-e273766235ba,2026-03-27T13:51:35.453575+00:00,inference,playbook_selector,1.0.0,detection,DET-140438,cust-globex-003,0.827,pb-data-exfil-investigate,0.909,23.3,FALSE,,,,,,,,113ed1b0-e818-41ae-843f-7900af7f816f,,2026-03-27T13:51:35.453521Z,,,,,,,,,,,
8ec10b89-34a6-4164-be99-55e399c44498,2026-03-27T13:51:34.962936+00:00,inference,playbook_selector,1.0.0,detection,DET-140436,cust-globex-003,0.738,pb-data-exfil-investigate,0.823,169.7,FALSE,,,,,,,,7cf63f1d-cc50-4677-b5b0-0d60ddbf1848,,2026-03-27T13:51:34.962884Z,,,,,,,,,,,
b1827ef5-2824-443a-be52-07585455731b,2026-03-27T13:51:19.652563+00:00,inference,playbook_selector,1.0.0,detection,DET-140434,cust-tekstream-001,0.771,pb-phishing-triage,0.579,19.5,TRUE,,,,,,,,950c86de-4133-481c-8a62-4ca01fba37ad,,2026-03-27T13:51:19.652504Z,,,,,,,,,,,
414d35f7-b162-48e8-bc68-48f3cf55b05c,2026-03-27T13:51:04.444520+00:00,inference,playbook_selector,1.0.0,detection,DET-140430,cust-acme-corp-002,0.779,pb-malware-response,0.928,157.4,FALSE,,,,,,,,9011c8f3-1b39-4ce6-beba-e636552e77dc,,2026-03-27T13:51:04.444281Z,,,,,,,,,,,
0e054727-f432-4b1e-943f-85df9660edd1,2026-03-27T13:50:50.149260+00:00,inference,playbook_selector,1.0.0,detection,DET-140429,cust-globex-003,0.809,pb-brute-force-block,0.586,88.4,TRUE,,,,,,,,0c18e0a2-9bd8-4767-bd4f-e125efe8c5fa,,2026-03-27T13:50:50.149209Z,,,,,,,,,,,
84b0841b-69c3-4812-936c-867e061a2a57,2026-03-27T13:50:49.627202+00:00,inference,playbook_selector,1.0.0,detection,DET-140428,cust-globex-003,0.579,pb-phishing-triage,0.508,156.2,FALSE,,,,,,,,5a679bcc-25fd-45be-8764-fb104a0f22e2,,2026-03-27T13:50:49.627135Z,,,,,,,,,,,
2f2a8c2e-702b-41a4-b1fe-8a5f4ca400a7,2026-03-27T13:50:34.782448+00:00,inference,playbook_selector,1.0.0,detection,DET-140425,cust-acme-corp-002,0.68,pb-data-exfil-investigate,0.675,141.9,FALSE,,,,,,,,1181b6fe-2aac-4fd5-836f-a79cc45d778e,,2026-03-27T13:50:34.782397Z,,,,,,,,,,,
dfa995cb-fd34-4650-8ee3-15919cdd360d,2026-03-27T13:50:34.497945+00:00,inference,playbook_selector,1.0.0,detection,DET-140424,cust-tekstream-001,0.819,pb-data-exfil-investigate,0.633,73.2,FALSE,,,,,,,,8c46df2c-70b9-4bf1-8403-c8fc118d6f86,,2026-03-27T13:50:34.497894Z,,,,,,,,,,,
d673e79c-2a64-4723-9f2a-2a08b490b106,2026-03-27T13:50:05.334019+00:00,inference,playbook_selector,1.0.0,detection,DET-140419,cust-globex-003,0.737,pb-ransomware-containment,0.74,62.9,FALSE,,,,,,,,5d238550-8ac1-4d01-9c87-da118043c9e2,,2026-03-27T13:50:05.333953Z,,,,,,,,,,,
d4065de2-831c-49cc-844f-2ab749efa1f5,2026-03-27T13:50:05.026814+00:00,inference,playbook_selector,1.0.0,detection,DET-140418,cust-globex-003,0.725,pb-ransomware-containment,0.658,47,FALSE,,,,,,,,c42c7734-5a7e-4ced-93d5-903c3d568688,,2026-03-27T13:50:05.026632Z,,,,,,,,,,,
ca30f733-4e0c-4004-9ee6-fa59bb5bbe93,2026-03-27T13:50:04.624398+00:00,inference,playbook_selector,1.0.0,detection,DET-140417,cust-globex-003,0.835,pb-data-exfil-investigate,0.777,31.5,FALSE,,,,,,,,f0cdc53b-a9e3-42d0-a21d-7279ec20cceb,,2026-03-27T13:50:04.624215Z,,,,,,,,,,,
5d32cbdb-12f2-4787-ba66-33f229ba7d4d,2026-03-27T13:49:49.549776+00:00,inference,playbook_selector,1.0.0,detection,DET-140415,cust-tekstream-001,0.775,pb-phishing-triage,0.88,94.9,FALSE,,,,,,,,df916c0b-3dff-4b70-b9a6-8220ca297fa3,,2026-03-27T13:49:49.549724Z,,,,,,,,,,,
31ad4f03-d721-4084-8897-a0d7f7d030e3,2026-03-27T13:49:34.563360+00:00,inference,playbook_selector,1.0.0,detection,DET-140413,cust-acme-corp-002,0.98,pb-lateral-movement,0.766,157.7,FALSE,,,,,,,,901bc946-b582-4be2-95c8-a7e21441edf1,,2026-03-27T13:49:34.563309Z,,,,,,,,,,,
d75c5f13-44a2-4a4d-97ff-7e2939b326c8,2026-03-27T13:49:20.487263+00:00,inference,playbook_selector,1.0.0,detection,DET-140412,cust-tekstream-001,0.871,pb-malware-response,0.512,137.9,FALSE,,,,,,,,b83462ea-74fb-4c60-805f-4403f5ded162,,2026-03-27T13:49:20.487212Z,,,,,,,,,,,
fc6b8bd2-525e-4ce0-ad01-4ccf79fab0cf,2026-03-27T13:49:20.199828+00:00,inference,playbook_selector,1.0.0,detection,DET-140411,cust-tekstream-001,0.852,pb-phishing-triage,0.835,95,FALSE,,,,,,,,7d575de6-4428-4e48-98cd-e661d8a44091,,2026-03-27T13:49:20.199777Z,,,,,,,,,,,
98383092-d400-4a7e-a75e-8da05e8cbba8,2026-03-27T13:49:19.847198+00:00,inference,playbook_selector,1.0.0,detection,DET-140410,cust-acme-corp-002,0.96,pb-brute-force-block,0.935,9.3,TRUE,,,,,,,,75bdec70-be47-4f67-a6b4-9d04300ecdbd,,2026-03-27T13:49:19.847143Z,,,,,,,,,,,
8dccec97-bbb6-4211-b107-74c8eddcfe5d,2026-03-27T13:49:19.535526+00:00,inference,playbook_selector,1.0.0,detection,DET-140409,cust-tekstream-001,0.562,pb-phishing-triage,0.605,58.9,FALSE,,,,,,,,2ec4a9e5-38a4-437d-981f-151f525409e9,,2026-03-27T13:49:19.535474Z,,,,,,,,,,,
8d7b9962-3262-402c-82fa-e4cc535c318d,2026-03-27T13:48:34.901052+00:00,inference,playbook_selector,1.0.0,detection,DET-140403,cust-tekstream-001,0.584,pb-malware-response,0.9,45.8,FALSE,,,,,,,,e80fd1d8-c131-4c36-be20-9c9c2299fe52,,2026-03-27T13:48:34.901004Z,,,,,,,,,,,
e4d6e140-8dab-4cb5-8792-9261cfae24ca,2026-03-27T13:48:34.394328+00:00,inference,playbook_selector,1.0.0,detection,DET-140402,cust-globex-003,0.606,pb-data-exfil-investigate,0.571,53,FALSE,,,,,,,,475a182a-2476-4640-a45d-a1828ac12ba0,,2026-03-27T13:48:34.394277Z,,,,,,,,,,,
84fdf66f-6ddc-4189-8bb7-1f5055c009d7,2026-03-27T13:48:20.453871+00:00,inference,playbook_selector,1.0.0,detection,DET-140401,cust-tekstream-001,0.823,pb-malware-response,0.928,29,TRUE,,,,,,,,e2ed0847-cbf6-42fe-aac1-28f62b24242f,,2026-03-27T13:48:20.453820Z,,,,,,,,,,,
bceb6a1c-e9eb-4f07-a1f6-5a6cc7372a96,2026-03-27T13:48:19.976916+00:00,inference,playbook_selector,1.0.0,detection,DET-140400,cust-acme-corp-002,0.552,pb-data-exfil-investigate,0.647,80.8,FALSE,,,,,,,,40b09127-f7e0-4776-8496-ed59f6d2db55,,2026-03-27T13:48:19.976865Z,,,,,,,,,,,
9bc320ed-a594-441e-bbef-3660b5102260,2026-03-27T13:48:19.508396+00:00,inference,playbook_selector,1.0.0,detection,DET-140399,cust-acme-corp-002,0.842,pb-malware-response,0.773,28.7,TRUE,,,,,,,,1604e0e8-2c10-410a-9357-3c3156514bce,,2026-03-27T13:48:19.508218Z,,,,,,,,,,,
524fc02d-65fa-424f-b62c-3f54e1323a94,2026-03-27T13:48:04.744458+00:00,inference,playbook_selector,1.0.0,detection,DET-140397,cust-tekstream-001,0.503,pb-malware-response,0.571,167.9,TRUE,,,,,,,,5e9456d7-6c25-4f0f-9154-153836cb1622,,2026-03-27T13:48:04.744247Z,,,,,,,,,,,
38220996-9a32-4865-9da8-37d6e60a3969,2026-03-27T13:47:49.905054+00:00,inference,playbook_selector,1.0.0,detection,DET-140395,cust-tekstream-001,0.741,pb-malware-response,0.732,46.7,FALSE,,,,,,,,20f258b4-8692-4a9e-8d0a-362a6305208f,,2026-03-27T13:47:49.905005Z,,,,,,,,,,,
c12cbdf1-e51b-4002-a441-e6dfd045dcb0,2026-03-27T13:47:49.712667+00:00,inference,playbook_selector,1.0.0,detection,DET-140394,cust-acme-corp-002,0.948,pb-brute-force-block,0.682,93.8,FALSE,,,,,,,,790ff09b-2144-4b4f-8c22-306d532d08a2,,2026-03-27T13:47:49.712613Z,,,,,,,,,,,
b2924336-a55d-4383-a11e-ae08cfb07a7b,2026-03-27T13:47:04.366350+00:00,inference,playbook_selector,1.0.0,detection,DET-140389,cust-tekstream-001,0.585,pb-brute-force-block,0.695,55.2,FALSE,,,,,,,,e16376a6-357a-442e-be43-8dfdbaf1d181,,2026-03-27T13:47:04.366299Z,,,,,,,,,,,
481a325b-a24d-4b43-8408-4106f4340937,2026-03-27T13:46:50.476055+00:00,inference,playbook_selector,1.0.0,detection,DET-140388,cust-acme-corp-002,0.865,pb-data-exfil-investigate,0.887,11.3,FALSE,,,,,,,,83474ee4-1cb7-4a30-b66e-37584869c998,,2026-03-27T13:46:50.476002Z,,,,,,,,,,,
9087c797-99f4-4929-9440-819e48870c08,2026-03-27T13:46:49.851502+00:00,inference,playbook_selector,1.0.0,detection,DET-140386,cust-acme-corp-002,0.688,pb-malware-response,0.754,22.6,FALSE,,,,,,,,d62a07b9-519e-401c-a04f-56eb751b1428,,2026-03-27T13:46:49.851448Z,,,,,,,,,,,
91c0c3b6-f6f8-4b95-8282-57cc3cc61c88,2026-03-27T13:46:34.998148+00:00,inference,playbook_selector,1.0.0,detection,DET-140384,cust-acme-corp-002,0.867,pb-malware-response,0.846,98.3,FALSE,,,,,,,,c3b38d05-2412-4258-a910-70c8d63e014b,,2026-03-27T13:46:34.998094Z,,,,,,,,,,,
63ca88f6-35ae-4b8c-b972-e27af528f327,2026-03-27T13:46:20.367410+00:00,inference,playbook_selector,1.0.0,detection,DET-140381,cust-tekstream-001,0.93,pb-ransomware-containment,0.659,73.8,TRUE,,,,,,,,0630a0f9-579b-4140-b3b5-a51118831108,,2026-03-27T13:46:20.367357Z,,,,,,,,,,,
5d6f8256-62d9-4170-b46d-d39d4e7ecc73,2026-03-27T13:46:19.481469+00:00,inference,playbook_selector,1.0.0,detection,DET-140379,cust-acme-corp-002,0.535,pb-malware-response,0.917,94.3,FALSE,,,,,,,,6d2b8dd3-333c-41e7-8ff6-81e0973024fb,,2026-03-27T13:46:19.481417Z,,,,,,,,,,,
a6e101ca-ff8c-4ac4-8d99-8768cc960dd3,2026-03-27T13:46:04.530344+00:00,inference,playbook_selector,1.0.0,detection,DET-140376,cust-tekstream-001,0.631,pb-malware-response,0.932,176.9,FALSE,,,,,,,,6ec266c3-aded-41cb-a260-a4d551800beb,,2026-03-27T13:46:04.530294Z,,,,,,,,,,,
7d5a8178-9c08-4ea8-a139-5f05b8bb12fb,2026-03-27T13:45:50.689032+00:00,inference,playbook_selector,1.0.0,detection,DET-140375,cust-acme-corp-002,0.8,pb-lateral-movement,0.741,139.8,FALSE,,,,,,,,9aa8c3eb-82d0-43e0-99cb-c6392a7d976a,,2026-03-27T13:45:50.688981Z,,,,,,,,,,,
4134376a-c533-4bb0-b129-1ea0b3a43f18,2026-03-27T13:45:50.117980+00:00,inference,playbook_selector,1.0.0,detection,DET-140374,cust-globex-003,0.726,pb-phishing-triage,0.628,47.9,FALSE,,,,,,,,d573b722-22ac-43a0-bb23-b87a219d7f47,,2026-03-27T13:45:50.117916Z,,,,,,,,,,,
a1341139-59d9-45ec-a647-c2fcb2c1661e,2026-03-27T13:45:49.792936+00:00,inference,playbook_selector,1.0.0,detection,DET-140373,cust-globex-003,0.817,pb-data-exfil-investigate,0.933,124,FALSE,,,,,,,,0da3dffc-be12-4a50-9342-756ed535f415,,2026-03-27T13:45:49.792880Z,,,,,,,,,,,
094ee642-ca8d-4d03-89f1-b209b2331426,2026-03-27T13:45:35.086993+00:00,inference,playbook_selector,1.0.0,detection,DET-140370,cust-acme-corp-002,0.773,pb-phishing-triage,0.526,66.7,FALSE,,,,,,,,36c0f7e4-84a5-4902-865f-85ffbedf1468,,2026-03-27T13:45:35.086943Z,,,,,,,,,,,
c32f7c1b-568c-4fad-95cc-22b4a33d14da,2026-03-27T13:45:34.836925+00:00,inference,playbook_selector,1.0.0,detection,DET-140369,cust-acme-corp-002,0.75,pb-malware-response,0.503,156.1,FALSE,,,,,,,,370b9512-a2fe-46bd-bb55-cf048b4f8052,,2026-03-27T13:45:34.836874Z,,,,,,,,,,,
9abdef36-0436-4af5-961e-23e06d1d1452,2026-03-27T13:45:34.496039+00:00,inference,playbook_selector,1.0.0,detection,DET-140368,cust-acme-corp-002,0.524,pb-malware-response,0.687,34.5,FALSE,,,,,,,,dc1ebe27-dee5-4fdd-8fe2-dce89727573c,,2026-03-27T13:45:34.495972Z,,,,,,,,,,,
10f285b8-8d0a-4b63-8b02-884928d457f1,2026-03-27T13:45:20.386719+00:00,inference,playbook_selector,1.0.0,detection,DET-140366,cust-globex-003,0.747,pb-phishing-triage,0.639,149.4,FALSE,,,,,,,,1608ca85-09d5-4137-af7b-9c67b5e04c3b,,2026-03-27T13:45:20.386668Z,,,,,,,,,,,
92c7c508-6de4-4cfa-8f76-0ada46619977,2026-03-27T13:45:19.867344+00:00,inference,playbook_selector,1.0.0,detection,DET-140365,cust-globex-003,0.57,pb-brute-force-block,0.802,168.1,TRUE,,,,,,,,de32b918-968e-4adc-96bb-2931e1c25382,,2026-03-27T13:45:19.867293Z,,,,,,,,,,,
5e3b6a68-c6f1-4060-aafb-d191b8ea5039,2026-03-27T13:45:19.379690+00:00,inference,playbook_selector,1.0.0,detection,DET-140364,cust-globex-003,0.559,pb-data-exfil-investigate,0.617,71.3,TRUE,,,,,,,,bc755e55-2c72-4786-8099-490ae280856e,,2026-03-27T13:45:19.379638Z,,,,,,,,,,,
7bdcf31a-df7f-4b66-bf8d-565ca284d07b,2026-03-27T13:45:05.370812+00:00,inference,playbook_selector,1.0.0,detection,DET-140362,cust-acme-corp-002,0.691,pb-brute-force-block,0.636,104.2,FALSE,,,,,,,,0f950e77-e317-4682-a5e0-8c56866113f3,,2026-03-27T13:45:05.370761Z,,,,,,,,,,,
0a80b299-d3b1-45c5-b414-3fb59377aae1,2026-03-27T13:45:05.090751+00:00,inference,playbook_selector,1.0.0,detection,DET-140361,cust-globex-003,0.726,pb-ransomware-containment,0.782,176.3,FALSE,,,,,,,,277a3b6c-98fb-40b5-aa8d-d4c02c7e0bcf,,2026-03-27T13:45:05.090697Z,,,,,,,,,,,
22bfcf75-8f4b-4cb9-bffe-481f4c09651e,2026-03-27T13:45:04.511944+00:00,inference,playbook_selector,1.0.0,detection,DET-140360,cust-tekstream-001,0.531,pb-brute-force-block,0.512,192.8,FALSE,,,,,,,,1f733bb2-b3fc-4d85-942d-c3ae582e63cb,,2026-03-27T13:45:04.511892Z,,,,,,,,,,,
103d84fe-0431-428e-b4c5-ee5cfbff590a,2026-03-27T13:44:49.990629+00:00,inference,playbook_selector,1.0.0,detection,DET-140358,cust-globex-003,0.701,pb-ransomware-containment,0.979,119.1,TRUE,,,,,,,,78487a73-0494-4cfc-a151-73b7da2dd479,,2026-03-27T13:44:49.990575Z,,,,,,,,,,,
f1eb8d1f-b6b6-4cfb-a1d6-e69722fc6385,2026-03-27T13:44:35.304592+00:00,inference,playbook_selector,1.0.0,detection,DET-140355,cust-acme-corp-002,0.842,pb-lateral-movement,0.921,124.3,FALSE,,,,,,,,4e66dfd1-76ab-46fe-b0df-ee93b85acbcb,,2026-03-27T13:44:35.304536Z,,,,,,,,,,,
2cef69d8-60ce-40d3-8968-53e524c3670d,2026-03-27T13:44:34.908258+00:00,inference,playbook_selector,1.0.0,detection,DET-140354,cust-acme-corp-002,0.646,pb-ransomware-containment,0.987,190.7,FALSE,,,,,,,,f70a0391-c13f-4f36-846d-547caf17e9b7,,2026-03-27T13:44:34.908204Z,,,,,,,,,,,
7c6fb9ea-aeec-4466-842c-a16c76a6ac54,2026-03-27T13:44:34.463270+00:00,inference,playbook_selector,1.0.0,detection,DET-140353,cust-globex-003,0.936,pb-ransomware-containment,0.637,185.2,FALSE,,,,,,,,fc9b024c-0cde-4fe9-8624-1270ca3685e8,,2026-03-27T13:44:34.463219Z,,,,,,,,,,,
be2fb2de-dc72-4603-91c0-be671f7d016e,2026-03-27T13:44:20.123776+00:00,inference,playbook_selector,1.0.0,detection,DET-140352,cust-acme-corp-002,0.717,pb-ransomware-containment,0.568,137.5,FALSE,,,,,,,,73ef0dc9-a801-491c-b163-02dc255a5a7e,,2026-03-27T13:44:20.123720Z,,,,,,,,,,,
b9ce6c35-94b4-48f2-82de-e889799d478b,2026-03-27T13:44:19.658482+00:00,inference,playbook_selector,1.0.0,detection,DET-140351,cust-acme-corp-002,0.563,pb-brute-force-block,0.791,172.4,FALSE,,,,,,,,988e6760-e8eb-4fc9-86c6-e8c5ca85705d,,2026-03-27T13:44:19.658426Z,,,,,,,,,,,
c7c0e2c7-c339-420d-9ec4-e5eef4d53d73,2026-03-27T13:44:05.260221+00:00,inference,playbook_selector,1.0.0,detection,DET-140348,cust-globex-003,0.722,pb-lateral-movement,0.945,33.8,FALSE,,,,,,,,a349b81d-8ef7-4b66-867b-da883377f465,,2026-03-27T13:44:05.260171Z,,,,,,,,,,,
9249f2dc-ea32-45cb-9191-6f195dd735e8,2026-03-27T13:44:04.775949+00:00,inference,playbook_selector,1.0.0,detection,DET-140347,cust-globex-003,0.503,pb-ransomware-containment,0.827,198.4,FALSE,,,,,,,,355f8d4c-c5f5-43a3-ad12-6cfd1b6bc23c,,2026-03-27T13:44:04.775816Z,,,,,,,,,,,
dc55f0c1-810a-4cd4-892e-e0f6e5cd941d,2026-03-27T13:43:34.476645+00:00,inference,playbook_selector,1.0.0,detection,DET-140343,cust-globex-003,0.843,pb-lateral-movement,0.879,117.8,FALSE,,,,,,,,2c370798-36dc-4cea-b96a-e4e90808df8f,,2026-03-27T13:43:34.476593Z,,,,,,,,,,,
2b9bd01c-e209-4ba4-81cf-91ed3ed216a4,2026-03-27T13:43:20.159019+00:00,inference,playbook_selector,1.0.0,detection,DET-140341,cust-tekstream-001,0.679,pb-phishing-triage,0.798,10,TRUE,,,,,,,,3c2aad33-74bb-408b-a23c-855badc4a5af,,2026-03-27T13:43:20.158964Z,,,,,,,,,,,
e63e1688-1765-4271-b465-40679d1c937d,2026-03-27T13:43:19.728103+00:00,inference,playbook_selector,1.0.0,detection,DET-140340,cust-globex-003,0.535,pb-ransomware-containment,0.502,40,FALSE,,,,,,,,86a78ec7-3b23-44bc-a7f9-f1e44b393ff4,,2026-03-27T13:43:19.728051Z,,,,,,,,,,,
b4871fcc-df6a-476b-9ff1-3b4456be548d,2026-03-27T13:43:05.992914+00:00,inference,playbook_selector,1.0.0,detection,DET-140339,cust-globex-003,0.715,pb-data-exfil-investigate,0.824,174.3,FALSE,,,,,,,,f4041ec6-3619-4548-8330-2591c06daba3,,2026-03-27T13:43:05.992863Z,,,,,,,,,,,
010631ba-36e3-4430-b7a1-8544785edd7d,2026-03-27T13:43:05.826965+00:00,inference,playbook_selector,1.0.0,detection,DET-140338,cust-tekstream-001,0.621,pb-data-exfil-investigate,0.65,98.1,FALSE,,,,,,,,cd4ab4b7-9988-4838-947a-9ef89740256b,,2026-03-27T13:43:05.826913Z,,,,,,,,,,,
1293eb69-1577-44e4-9d3c-f76d0e6441a1,2026-03-27T13:43:05.200552+00:00,inference,playbook_selector,1.0.0,detection,DET-140337,cust-acme-corp-002,0.761,pb-malware-response,0.622,26.2,FALSE,,,,,,,,8f534f79-9b09-4adf-8536-851aa6048cac,,2026-03-27T13:43:05.200477Z,,,,,,,,,,,
d60a9743-d657-42fe-90ad-fe657550c099,2026-03-27T13:42:49.976036+00:00,inference,playbook_selector,1.0.0,detection,DET-140334,cust-globex-003,0.788,pb-lateral-movement,0.849,170.4,FALSE,,,,,,,,4cc9bbe3-6d30-48b3-babe-bf69166b0b8e,,2026-03-27T13:42:49.975986Z,,,,,,,,,,,
02e6b452-49dc-4d5e-aca5-a63b39c3c32e,2026-03-27T13:42:35.205657+00:00,inference,playbook_selector,1.0.0,detection,DET-140332,cust-globex-003,0.809,pb-data-exfil-investigate,0.915,189.1,FALSE,,,,,,,,bcdb2f3f-70d2-40eb-b91f-06165c6eb5fa,,2026-03-27T13:42:35.205586Z,,,,,,,,,,,
451f773e-ae4e-46b3-93d6-7c8228d48a54,2026-03-27T13:42:34.628068+00:00,inference,playbook_selector,1.0.0,detection,DET-140330,cust-tekstream-001,0.621,pb-lateral-movement,0.824,113.1,TRUE,,,,,,,,95cb9225-4b20-4320-a1f3-a19aa68a31fb,,2026-03-27T13:42:34.628003Z,,,,,,,,,,,
5d20a45c-a3fe-410f-b8eb-1d1129131d9b,2026-03-27T13:42:19.745157+00:00,inference,playbook_selector,1.0.0,detection,DET-140328,cust-acme-corp-002,0.746,pb-brute-force-block,0.631,9.2,FALSE,,,,,,,,bd396ba5-5b10-47d5-8034-c3add538f257,,2026-03-27T13:42:19.745106Z,,,,,,,,,,,
f6b10ae2-3f80-47ac-bb1a-bcc357f1a888,2026-03-27T13:42:19.458810+00:00,inference,playbook_selector,1.0.0,detection,DET-140327,cust-tekstream-001,0.681,pb-data-exfil-investigate,0.961,7.3,TRUE,,,,,,,,2d4e5c77-4cbc-48e2-abee-b30aba91dc57,,2026-03-27T13:42:19.458759Z,,,,,,,,,,,
3acd957e-72b0-4e96-ab81-8fce6ad0f291,2026-03-27T13:42:05.563718+00:00,inference,playbook_selector,1.0.0,detection,DET-140326,cust-tekstream-001,0.635,pb-data-exfil-investigate,0.567,157.1,FALSE,,,,,,,,f2dfb5bb-0b5f-46d5-b8e2-fb60c66300de,,2026-03-27T13:42:05.563666Z,,,,,,,,,,,
9c3f7a8e-ff0c-43ec-9d9e-0122efd9ad6b,2026-03-27T13:42:04.920146+00:00,inference,playbook_selector,1.0.0,detection,DET-140324,cust-acme-corp-002,0.741,pb-phishing-triage,0.86,133.3,FALSE,,,,,,,,cccb4273-404b-4994-91a8-dac40380aafd,,2026-03-27T13:42:04.920094Z,,,,,,,,,,,
39a6dd2a-a033-4374-9e07-b3aa4acffdf5,2026-03-27T13:42:04.579892+00:00,inference,playbook_selector,1.0.0,detection,DET-140323,cust-globex-003,0.78,pb-brute-force-block,0.664,174.2,TRUE,,,,,,,,79be3fa1-98cd-4bc9-9920-de4e837e7747,,2026-03-27T13:42:04.579839Z,,,,,,,,,,,
f29a7389-098f-4363-bf97-93ec4b8598dc,2026-03-27T13:41:50.342536+00:00,inference,playbook_selector,1.0.0,detection,DET-140322,cust-acme-corp-002,0.544,pb-malware-response,0.741,74.5,TRUE,,,,,,,,92229099-0526-4e4f-8966-1e30477220a5,,2026-03-27T13:41:50.342481Z,,,,,,,,,,,
ac585f0c-b7a5-45df-beb9-c284d0b7324a,2026-03-27T13:41:49.584182+00:00,inference,playbook_selector,1.0.0,detection,DET-140321,cust-tekstream-001,0.533,pb-lateral-movement,0.847,23.2,FALSE,,,,,,,,3c7cac13-84ce-420c-b14b-66cb726b6695,,2026-03-27T13:41:49.584130Z,,,,,,,,,,,
3394e12b-5149-4b70-8c3f-000192ca3596,2026-03-27T13:41:34.716826+00:00,inference,playbook_selector,1.0.0,detection,DET-140318,cust-globex-003,0.762,pb-lateral-movement,0.867,111.8,FALSE,,,,,,,,737460bb-b0ef-4e79-9f2d-649e77bc3fd4,,2026-03-27T13:41:34.716775Z,,,,,,,,,,,
d49a21f1-8338-4923-9278-5b90d7aa7d6b,2026-03-27T13:41:34.484475+00:00,inference,playbook_selector,1.0.0,detection,DET-140317,cust-globex-003,0.729,pb-lateral-movement,0.511,44.9,TRUE,,,,,,,,e6b45f9a-1aea-481d-a154-2582f7a79968,,2026-03-27T13:41:34.484413Z,,,,,,,,,,,
702e4d07-e5bd-436a-95d0-3a54fa7ae36d,2026-03-27T13:41:20.396736+00:00,inference,playbook_selector,1.0.0,detection,DET-140316,cust-tekstream-001,0.564,pb-phishing-triage,0.596,35.6,TRUE,,,,,,,,ee1d39ad-87e9-41bb-80fa-7a2d60d6cda1,,2026-03-27T13:41:20.396685Z,,,,,,,,,,,
ed738143-0979-4171-8038-983375c541df,2026-03-27T13:41:19.991944+00:00,inference,playbook_selector,1.0.0,detection,DET-140315,cust-globex-003,0.705,pb-ransomware-containment,0.886,27.8,TRUE,,,,,,,,50b5b8ab-6161-40ce-8e47-4f1f3e8cc6c3,,2026-03-27T13:41:19.991892Z,,,,,,,,,,,
e1de3434-120b-45e6-aa26-d2b4075e94a0,2026-03-27T13:41:19.705798+00:00,inference,playbook_selector,1.0.0,detection,DET-140314,cust-tekstream-001,0.682,pb-data-exfil-investigate,0.947,99.8,FALSE,,,,,,,,18c4a49d-02bf-43a3-a8e3-a7ba2537526e,,2026-03-27T13:41:19.705740Z,,,,,,,,,,,
f885428e-069f-4d6c-bc4d-128efbb4f9ef,2026-03-27T13:40:50.064483+00:00,inference,playbook_selector,1.0.0,detection,DET-140310,cust-tekstream-001,0.952,pb-data-exfil-investigate,0.596,74.1,FALSE,,,,,,,,e417639f-e124-428c-b7e7-db1cf54dc02a,,2026-03-27T13:40:50.064416Z,,,,,,,,,,,
c2ba6bbe-72a3-4be8-abf3-b9a902dfcaf8,2026-03-27T13:40:49.589136+00:00,inference,playbook_selector,1.0.0,detection,DET-140309,cust-tekstream-001,0.607,pb-brute-force-block,0.965,64.8,FALSE,,,,,,,,34512dda-bd94-43f4-a4a2-29f3b3df2429,,2026-03-27T13:40:49.589084Z,,,,,,,,,,,
1a87c439-df6e-481e-b72d-42c7b04eea01,2026-03-27T13:40:34.791529+00:00,inference,playbook_selector,1.0.0,detection,DET-140308,cust-tekstream-001,0.942,pb-ransomware-containment,0.759,7.5,FALSE,,,,,,,,8ccd8f55-77bc-42d8-9d93-34c6e7b76df0,,2026-03-27T13:40:34.791477Z,,,,,,,,,,,
9f4c68e9-6d84-4372-a0be-5c24d4857027,2026-03-27T13:40:34.306172+00:00,inference,playbook_selector,1.0.0,detection,DET-140307,cust-globex-003,0.786,pb-malware-response,0.94,150.2,FALSE,,,,,,,,3309a2a6-69d6-4c02-be36-19d26ac4bf22,,2026-03-27T13:40:34.306118Z,,,,,,,,,,,
df0705ba-81ee-4bb6-bb81-6ef9c936a0a5,2026-03-27T13:40:05.481087+00:00,inference,playbook_selector,1.0.0,detection,DET-140304,cust-globex-003,0.942,pb-malware-response,0.518,69.4,FALSE,,,,,,,,dbb62138-cc5b-4426-b6ba-c611fbc7f887,,2026-03-27T13:40:05.481035Z,,,,,,,,,,,
9d8ef72a-8565-45cd-9c2c-e4262c157fe5,2026-03-27T13:40:05.142987+00:00,inference,playbook_selector,1.0.0,detection,DET-140303,cust-globex-003,0.567,pb-lateral-movement,0.895,87.6,FALSE,,,,,,,,03230b1e-58f6-4dab-b642-400f3acc99cf,,2026-03-27T13:40:05.142934Z,,,,,,,,,,,
655230a1-0a47-44f5-b623-a30007a36d55,2026-03-27T13:40:04.679567+00:00,inference,playbook_selector,1.0.0,detection,DET-140302,cust-tekstream-001,0.82,pb-ransomware-containment,0.798,129.3,FALSE,,,,,,,,0f4887f7-dcc1-464c-aa5b-2c25245a6d94,,2026-03-27T13:40:04.679514Z,,,,,,,,,,,
f5b9170e-af10-414b-b296-e63398473f6c,2026-03-27T13:39:50.998554+00:00,inference,playbook_selector,1.0.0,detection,DET-140300,cust-acme-corp-002,0.625,pb-phishing-triage,0.862,51.7,TRUE,,,,,,,,550bbe8f-5254-44fd-bd84-d989c8600f7c,,2026-03-27T13:39:50.998503Z,,,,,,,,,,,
6bbdb5cc-1d3e-43cf-ad4e-a49ad9d12be7,2026-03-27T13:39:50.719866+00:00,inference,playbook_selector,1.0.0,detection,DET-140299,cust-acme-corp-002,0.766,pb-malware-response,0.545,129,TRUE,,,,,,,,fe41f874-e508-482f-b413-ab952490ee55,,2026-03-27T13:39:50.719809Z,,,,,,,,,,,
3c7ee823-df9a-4fc1-b520-7b382fc8c7a8,2026-03-27T13:39:50.482432+00:00,inference,playbook_selector,1.0.0,detection,DET-140298,cust-tekstream-001,0.949,pb-brute-force-block,0.596,73.4,FALSE,,,,,,,,07e39470-c477-446e-916a-6a6b5360b958,,2026-03-27T13:39:50.482380Z,,,,,,,,,,,
32a52e12-b1f2-4638-893a-65e9bd77e88f,2026-03-27T13:39:49.529123+00:00,inference,playbook_selector,1.0.0,detection,DET-140297,cust-tekstream-001,0.632,pb-phishing-triage,0.834,66.4,FALSE,,,,,,,,ea73bf8e-b560-4d52-84f9-b3839239f9c4,,2026-03-27T13:39:49.529072Z,,,,,,,,,,,
e018bc2e-5596-4af8-929f-8dbd84df84e1,2026-03-27T13:39:05.973931+00:00,inference,playbook_selector,1.0.0,detection,DET-140292,cust-tekstream-001,0.692,pb-data-exfil-investigate,0.722,61.2,FALSE,,,,,,,,9be2cc98-9bb4-4a38-98d9-2f3b8f4493cb,,2026-03-27T13:39:05.973860Z,,,,,,,,,,,
efb98a32-c0a9-4383-960b-a22e2d4fe956,2026-03-27T13:38:35.265950+00:00,inference,playbook_selector,1.0.0,detection,DET-140289,cust-globex-003,0.72,pb-brute-force-block,0.758,154.9,FALSE,,,,,,,,3ed96187-8f72-4cbd-8acc-64e77eb68591,,2026-03-27T13:38:35.265901Z,,,,,,,,,,,
4e1136a1-7e3c-455f-94d2-ad64a543e2e1,2026-03-27T13:38:19.405998+00:00,inference,playbook_selector,1.0.0,detection,DET-140286,cust-globex-003,0.664,pb-ransomware-containment,0.658,6.5,FALSE,,,,,,,,9ba63c4b-e79c-4035-8575-7555754a5ab1,,2026-03-27T13:38:19.405943Z,,,,,,,,,,,
7d88044e-2038-4e22-ad06-76d4cccd2dc7,2026-03-27T13:38:04.456586+00:00,inference,playbook_selector,1.0.0,detection,DET-140285,cust-tekstream-001,0.792,pb-brute-force-block,0.728,83.2,FALSE,,,,,,,,0e446834-b919-495f-a718-d7f1d65add26,,2026-03-27T13:38:04.456524Z,,,,,,,,,,,
ce16b0be-9c55-403c-a1f6-64af21c6dd68,2026-03-27T13:37:49.537358+00:00,inference,playbook_selector,1.0.0,detection,DET-140284,cust-acme-corp-002,0.545,pb-malware-response,0.744,187,FALSE,,,,,,,,2cf45b64-b6d5-4641-b1be-287af34a78ad,,2026-03-27T13:37:49.537306Z,,,,,,,,,,,
849bb2c1-40ea-433d-9a71-900a930a2c9f,2026-03-27T13:37:36.215661+00:00,inference,playbook_selector,1.0.0,detection,DET-140283,cust-acme-corp-002,0.567,pb-data-exfil-investigate,0.985,19.6,FALSE,,,,,,,,37c20442-533f-45ec-87c1-284f57b27b0d,,2026-03-27T13:37:36.215609Z,,,,,,,,,,,
11840565-0828-44a1-bb9f-85a096b6d136,2026-03-27T13:37:35.642420+00:00,inference,playbook_selector,1.0.0,detection,DET-140282,cust-globex-003,0.795,pb-phishing-triage,0.676,77.7,TRUE,,,,,,,,a5df9403-cb61-4f65-951b-61d134540047,,2026-03-27T13:37:35.642368Z,,,,,,,,,,,
aa53b585-2238-4895-8a0e-26f01413db6d,2026-03-27T13:37:19.661455+00:00,inference,playbook_selector,1.0.0,detection,DET-140280,cust-acme-corp-002,0.707,pb-brute-force-block,0.551,177,FALSE,,,,,,,,c3059067-21de-430e-93f6-98bbf7f351b9,,2026-03-27T13:37:19.661402Z,,,,,,,,,,,
a6c92337-8147-4cdc-8fd8-55157337d541,2026-03-27T13:37:04.691794+00:00,inference,playbook_selector,1.0.0,detection,DET-140276,cust-acme-corp-002,0.721,pb-ransomware-containment,0.516,64.2,TRUE,,,,,,,,d9a92499-87b4-446b-a0f2-89d6eafd4b6b,,2026-03-27T13:37:04.691743Z,,,,,,,,,,,
4eb7de70-fd65-464d-87ff-c3a8aad1119e,2026-03-27T13:36:50.084405+00:00,inference,playbook_selector,1.0.0,detection,DET-140274,cust-globex-003,0.947,pb-brute-force-block,0.763,66.4,TRUE,,,,,,,,5c452765-68ff-46c9-86e0-27cc7953a4a2,,2026-03-27T13:36:50.084337Z,,,,,,,,,,,
665f4664-fa15-4d0e-9dfb-0ba730f56729,2026-03-27T13:36:49.789547+00:00,inference,playbook_selector,1.0.0,detection,DET-140273,cust-globex-003,0.72,pb-ransomware-containment,0.619,126.5,FALSE,,,,,,,,004e3dc9-ac47-413c-b089-6bdf779fa7db,,2026-03-27T13:36:49.789469Z,,,,,,,,,,,
f5ad1646-41e1-4a94-98ab-f7449fe40c03,2026-03-27T13:36:49.328921+00:00,inference,playbook_selector,1.0.0,detection,DET-140272,cust-globex-003,0.823,pb-data-exfil-investigate,0.87,96,FALSE,,,,,,,,0062a16b-3b12-479c-9b8a-329b091d8c8c,,2026-03-27T13:36:49.328848Z,,,,,,,,,,,
17f0e491-e895-4b42-84fa-8dc2e5064f40,2026-03-27T13:36:35.079896+00:00,inference,playbook_selector,1.0.0,detection,DET-140271,cust-tekstream-001,0.899,pb-lateral-movement,0.611,129.7,FALSE,,,,,,,,9a4adb0d-7230-4ad0-9de7-7b1b8b311f87,,2026-03-27T13:36:35.079845Z,,,,,,,,,,,
cf295019-a7df-4a98-a371-ebbaa8f1f133,2026-03-27T13:36:34.804829+00:00,inference,playbook_selector,1.0.0,detection,DET-140270,cust-tekstream-001,0.515,pb-malware-response,0.663,149.3,FALSE,,,,,,,,caa75ff9-7122-490a-a474-4a42039967db,,2026-03-27T13:36:34.804778Z,,,,,,,,,,,
297f6009-b406-4708-8f4d-7827235d1db6,2026-03-27T13:36:34.481605+00:00,inference,playbook_selector,1.0.0,detection,DET-140269,cust-tekstream-001,0.749,pb-ransomware-containment,0.637,81.5,FALSE,,,,,,,,8dd8c5d5-8b5f-4f29-afd0-42845d960b01,,2026-03-27T13:36:34.481552Z,,,,,,,,,,,
7f44d9db-4447-41e7-b8f0-d00550bd4e26,2026-03-27T13:36:04.386790+00:00,inference,playbook_selector,1.0.0,detection,DET-140266,cust-acme-corp-002,0.597,pb-lateral-movement,0.566,110.9,FALSE,,,,,,,,87c49c78-2fbc-4fe6-8ac3-57654474c7b8,,2026-03-27T13:36:04.386738Z,,,,,,,,,,,
7d4fc3f5-1fba-4a5e-90f5-b2a0d112d63c,2026-03-27T13:35:35.406864+00:00,inference,playbook_selector,1.0.0,detection,DET-140264,cust-tekstream-001,0.835,pb-lateral-movement,0.728,50.4,FALSE,,,,,,,,39531a55-00c3-4df9-bc23-fe0b8b8dda62,,2026-03-27T13:35:35.406800Z,,,,,,,,,,,
c78f5160-e7f8-4f50-b99a-16d4163a2666,2026-03-27T13:35:34.953873+00:00,inference,playbook_selector,1.0.0,detection,DET-140262,cust-globex-003,0.718,pb-data-exfil-investigate,0.536,106,FALSE,,,,,,,,e92ce5fc-3098-46b0-be69-c15663c74944,,2026-03-27T13:35:34.953824Z,,,,,,,,,,,
fa7983fc-e80e-4f2e-a283-ebd1b00c4950,2026-03-27T13:35:19.415761+00:00,inference,playbook_selector,1.0.0,detection,DET-140260,cust-tekstream-001,0.705,pb-ransomware-containment,0.91,165.5,FALSE,,,,,,,,fba44871-5610-45ce-bfad-4f534c9f83c8,,2026-03-27T13:35:19.415709Z,,,,,,,,,,,
e411e3d8-a93d-4a01-ac97-2cabb94bbe9c,2026-03-27T13:35:05.399384+00:00,inference,playbook_selector,1.0.0,detection,DET-140259,cust-globex-003,0.784,pb-data-exfil-investigate,0.537,71.9,FALSE,,,,,,,,2f461d12-9384-451b-8697-4570e258c8bc,,2026-03-27T13:35:05.399332Z,,,,,,,,,,,
dd26afb4-c357-4443-b0d2-62eee8c0d6c9,2026-03-27T13:35:04.793113+00:00,inference,playbook_selector,1.0.0,detection,DET-140257,cust-acme-corp-002,0.521,pb-brute-force-block,0.538,135.3,FALSE,,,,,,,,76c188f2-9ac4-4a50-b8b2-00bfc8530104,,2026-03-27T13:35:04.793062Z,,,,,,,,,,,
e226fdcb-8f10-4d75-a689-bf73d9adb24e,2026-03-27T13:34:50.280170+00:00,inference,playbook_selector,1.0.0,detection,DET-140256,cust-globex-003,0.55,pb-lateral-movement,0.819,28.7,TRUE,,,,,,,,7f715389-506b-4b2a-9d60-bb8b7d799276,,2026-03-27T13:34:50.280118Z,,,,,,,,,,,
a0d282bc-1d42-45db-8fa0-64d82b0b6a6d,2026-03-27T13:34:49.896173+00:00,inference,playbook_selector,1.0.0,detection,DET-140255,cust-acme-corp-002,0.506,pb-ransomware-containment,0.771,46.6,FALSE,,,,,,,,bb58979a-1c6f-4aa0-9925-eca5693033a6,,2026-03-27T13:34:49.896123Z,,,,,,,,,,,
8ab88d25-48bc-4ba0-b66a-e729765f7737,2026-03-27T13:34:35.098183+00:00,inference,playbook_selector,1.0.0,detection,DET-140252,cust-globex-003,0.721,pb-data-exfil-investigate,0.726,199.5,FALSE,,,,,,,,9f6a86a2-ddd2-4003-9e3e-4d243edd5a90,,2026-03-27T13:34:35.098130Z,,,,,,,,,,,
c7020a67-203c-4475-9876-125da9203c1d,2026-03-27T13:34:34.331744+00:00,inference,playbook_selector,1.0.0,detection,DET-140251,cust-tekstream-001,0.979,pb-ransomware-containment,0.847,91.9,FALSE,,,,,,,,de89726a-4134-4897-878c-cc04a7ce1d64,,2026-03-27T13:34:34.331690Z,,,,,,,,,,,
c82d4bb0-6b7c-4f8e-9b2f-a20824f018f1,2026-03-27T13:34:04.342548+00:00,inference,playbook_selector,1.0.0,detection,DET-140247,cust-acme-corp-002,0.729,pb-lateral-movement,0.769,73.1,FALSE,,,,,,,,aaeb8add-df7e-4126-b237-aaec2a762176,,2026-03-27T13:34:04.342496Z,,,,,,,,,,,
410f056c-bbdc-4bda-9d79-bcbe1bb1f43c,2026-03-27T13:33:49.723720+00:00,inference,playbook_selector,1.0.0,detection,DET-140246,cust-tekstream-001,0.717,pb-lateral-movement,0.939,194.6,TRUE,,,,,,,,d4e07f2c-e1a1-413d-a619-1d99c3877bdf,,2026-03-27T13:33:49.723022Z,,,,,,,,,,,
1a16e0ee-0cc5-490a-9af7-b04878095930,2026-03-27T13:33:49.350222+00:00,inference,playbook_selector,1.0.0,detection,DET-140245,cust-globex-003,0.798,pb-ransomware-containment,0.949,37.7,FALSE,,,,,,,,c8baac8f-2a41-47a3-9087-30b38e999d2e,,2026-03-27T13:33:49.350171Z,,,,,,,,,,,
dcfedf3e-58b2-42a9-8a48-6de55f45c89a,2026-03-27T13:33:35.180142+00:00,inference,playbook_selector,1.0.0,detection,DET-140244,cust-tekstream-001,0.775,pb-lateral-movement,0.638,172,TRUE,,,,,,,,53e19e28-7e2e-42ea-aaad-05f3df886cde,,2026-03-27T13:33:35.180092Z,,,,,,,,,,,
9493b8e6-b54f-44d1-92da-7a456baabc3a,2026-03-27T13:33:34.782396+00:00,inference,playbook_selector,1.0.0,detection,DET-140242,cust-acme-corp-002,0.785,pb-lateral-movement,0.634,98.1,FALSE,,,,,,,,e451d0f1-62e1-44fc-a5b5-9d6d0badb3c2,,2026-03-27T13:33:34.782329Z,,,,,,,,,,,
d7746804-d307-4ae1-917f-40dc4189b8ce,2026-03-27T13:33:19.288105+00:00,inference,playbook_selector,1.0.0,detection,DET-140240,cust-globex-003,0.98,pb-malware-response,0.596,198,TRUE,,,,,,,,9751d8b8-9666-4116-b1f3-cca4df6d2dc2,,2026-03-27T13:33:19.288052Z,,,,,,,,,,,
89f6ad06-b92a-4754-aaed-3b54cdfc38d2,2026-03-27T13:32:19.761280+00:00,inference,playbook_selector,1.0.0,detection,DET-140233,cust-tekstream-001,0.683,pb-data-exfil-investigate,0.633,191.4,FALSE,,,,,,,,a0c4e955-7f9e-4ea5-8bb7-3a7a16ee012f,,2026-03-27T13:32:19.761227Z,,,,,,,,,,,
60c539d6-95b7-4bf4-9044-77628918531b,2026-03-27T13:32:19.520988+00:00,inference,playbook_selector,1.0.0,detection,DET-140232,cust-tekstream-001,0.551,pb-brute-force-block,0.911,34.2,FALSE,,,,,,,,bb4b5ce8-641d-4bdb-b595-6f90fdbacc1f,,2026-03-27T13:32:19.520938Z,,,,,,,,,,,
3c00ad0d-f5b0-4d70-8f36-772548d57436,2026-03-27T13:32:04.880966+00:00,inference,playbook_selector,1.0.0,detection,DET-140231,cust-tekstream-001,0.69,pb-ransomware-containment,0.894,175.7,FALSE,,,,,,,,d6b1cfe4-8615-472b-ab47-13f9a3621f4a,,2026-03-27T13:32:04.880915Z,,,,,,,,,,,
72f8f0d4-ddda-4295-b256-f78775ecf400,2026-03-27T13:32:04.442068+00:00,inference,playbook_selector,1.0.0,detection,DET-140229,cust-acme-corp-002,0.907,pb-ransomware-containment,0.812,146.4,FALSE,,,,,,,,c10d8d3b-928e-437f-b654-3776b4540c32,,2026-03-27T13:32:04.442012Z,,,,,,,,,,,
cf5b27fb-8bae-4d5c-a336-64b649701ae0,2026-03-27T13:31:49.297305+00:00,inference,playbook_selector,1.0.0,detection,DET-140228,cust-tekstream-001,0.593,pb-brute-force-block,0.72,170.8,TRUE,,,,,,,,76dd2e05-e909-47a9-b782-65de46938266,,2026-03-27T13:31:49.297254Z,,,,,,,,,,,
8b054336-8fcb-4541-a2bd-981e8d344580,2026-03-27T13:31:34.984883+00:00,inference,playbook_selector,1.0.0,detection,DET-140226,cust-acme-corp-002,0.825,pb-malware-response,0.802,42.8,TRUE,,,,,,,,f3d0ba79-e0a7-4e05-96df-0f496d079c77,,2026-03-27T13:31:34.984833Z,,,,,,,,,,,
2312a244-8e60-4f21-b26e-f238272a2db2,2026-03-27T13:31:19.372633+00:00,inference,playbook_selector,1.0.0,detection,DET-140224,cust-tekstream-001,0.828,pb-malware-response,0.8,145.2,FALSE,,,,,,,,d7740e08-81a8-42c9-84e8-7c5f0210c426,,2026-03-27T13:31:19.372583Z,,,,,,,,,,,
be6104ab-1aab-4fb5-ba55-695843e9b324,2026-03-27T13:30:49.927950+00:00,inference,playbook_selector,1.0.0,detection,DET-140220,cust-acme-corp-002,0.845,pb-brute-force-block,0.619,107.3,FALSE,,,,,,,,3979d436-6a8f-4b05-b4bd-e5b85b4993b6,,2026-03-27T13:30:49.927898Z,,,,,,,,,,,
00220326-17d2-4831-97da-741181fa0602,2026-03-27T13:30:49.344436+00:00,inference,playbook_selector,1.0.0,detection,DET-140219,cust-tekstream-001,0.78,pb-data-exfil-investigate,0.902,101.6,FALSE,,,,,,,,7f6ce5b8-e6ec-4234-aabb-22edc1ef2fc5,,2026-03-27T13:30:49.344377Z,,,,,,,,,,,
8c8fd3b5-facb-4f7d-8a71-531d1e31c002,2026-03-27T13:30:35.140092+00:00,inference,playbook_selector,1.0.0,detection,DET-140218,cust-acme-corp-002,0.817,pb-lateral-movement,0.556,109.4,FALSE,,,,,,,,d834d3a1-7f52-4001-ab1c-6650515e4685,,2026-03-27T13:30:35.140041Z,,,,,,,,,,,
c95ae165-3d3c-4f2c-bb34-9e3bb6388583,2026-03-27T13:30:34.370518+00:00,inference,playbook_selector,1.0.0,detection,DET-140216,cust-acme-corp-002,0.667,pb-malware-response,0.682,35.2,FALSE,,,,,,,,19ceddb5-093b-49c4-9bc5-63fc1bf6deed,,2026-03-27T13:30:34.370468Z,,,,,,,,,,,
2188f8f8-86b0-4a6e-bf20-89b1062aa7aa,2026-03-27T13:30:04.503687+00:00,inference,playbook_selector,1.0.0,detection,DET-140213,cust-globex-003,0.836,pb-data-exfil-investigate,0.805,165.6,FALSE,,,,,,,,a30b0949-7ec0-4c6b-89e2-2f5c7b4b853a,,2026-03-27T13:30:04.503636Z,,,,,,,,,,,
ff653218-6470-4f39-bd4a-8c3fe7ef67af,2026-03-27T13:29:50.213241+00:00,inference,playbook_selector,1.0.0,detection,DET-140212,cust-globex-003,0.585,pb-malware-response,0.797,116.7,TRUE,,,,,,,,715a8b8a-6432-4ec4-94bf-a1ab328b614e,,2026-03-27T13:29:50.213192Z,,,,,,,,,,,
f2a5f046-4f81-499e-9432-0b4685ceced1,2026-03-27T13:29:49.641637+00:00,inference,playbook_selector,1.0.0,detection,DET-140211,cust-acme-corp-002,0.861,pb-ransomware-containment,0.778,124.4,FALSE,,,,,,,,840bcf38-9388-4fac-9c67-e4a7c23075e1,,2026-03-27T13:29:49.641584Z,,,,,,,,,,,
46d89fac-0b42-4a57-a462-3c3d4041b896,2026-03-27T13:29:49.373812+00:00,inference,playbook_selector,1.0.0,detection,DET-140210,cust-globex-003,0.825,pb-brute-force-block,0.855,153.2,FALSE,,,,,,,,b8d97940-7367-43e8-9bad-6990cbbec664,,2026-03-27T13:29:49.373761Z,,,,,,,,,,,
6e8b228b-0bb1-4016-885c-314c143d2839,2026-03-27T13:29:34.453714+00:00,inference,playbook_selector,1.0.0,detection,DET-140209,cust-acme-corp-002,0.837,pb-data-exfil-investigate,0.684,115.3,TRUE,,,,,,,,aa8bb360-f544-4458-9fea-704af6c0da56,,2026-03-27T13:29:34.453662Z,,,,,,,,,,,
8d4314db-fd5d-4b89-a509-048ef630bfa8,2026-03-27T13:29:04.909222+00:00,inference,playbook_selector,1.0.0,detection,DET-140207,cust-acme-corp-002,0.602,pb-data-exfil-investigate,0.559,108,FALSE,,,,,,,,1368d6ee-8df4-4098-b6ca-778fae6ee758,,2026-03-27T13:29:04.909171Z,,,,,,,,,,,
f4980948-359b-4911-9342-e6c2a1050ef5,2026-03-27T13:29:04.534897+00:00,inference,playbook_selector,1.0.0,detection,DET-140206,cust-globex-003,0.856,pb-phishing-triage,0.682,134.8,TRUE,,,,,,,,4f3f50da-1b94-4b87-b783-6042743f5fd5,,2026-03-27T13:29:04.534844Z,,,,,,,,,,,
fdb46175-9b85-406a-a18d-9f1dc7105ba3,2026-03-27T13:28:49.342814+00:00,inference,playbook_selector,1.0.0,detection,DET-140204,cust-globex-003,0.791,pb-brute-force-block,0.911,189.3,FALSE,,,,,,,,4bdcde41-316e-4da0-b019-4c0d9aaffbdb,,2026-03-27T13:28:49.342765Z,,,,,,,,,,,
10a4d90f-027b-4b49-b818-4c6a6c57ca85,2026-03-27T13:28:34.313416+00:00,inference,playbook_selector,1.0.0,detection,DET-140202,cust-globex-003,0.626,pb-ransomware-containment,0.947,117.3,FALSE,,,,,,,,5883582b-ab51-4852-b1e7-e745a49c17f3,,2026-03-27T13:28:34.313366Z,,,,,,,,,,,
593a2c38-1a3b-4ef6-bf95-b50b356ea4ee,2026-03-27T13:28:19.229159+00:00,inference,playbook_selector,1.0.0,detection,DET-140199,cust-globex-003,0.631,pb-data-exfil-investigate,0.989,177.5,FALSE,,,,,,,,9abc17e0-0df7-431d-a5ee-2b81c9162665,,2026-03-27T13:28:19.229108Z,,,,,,,,,,,
6857273a-da81-4fdb-835c-87ee3481a693,2026-03-27T13:28:05.363412+00:00,inference,playbook_selector,1.0.0,detection,DET-140198,cust-tekstream-001,0.586,pb-brute-force-block,0.776,16,FALSE,,,,,,,,fb620769-f437-41a3-883a-64264a4329da,,2026-03-27T13:28:05.363361Z,,,,,,,,,,,
bdda9267-ca48-4f80-9664-687bba365858,2026-03-27T13:28:04.478518+00:00,inference,playbook_selector,1.0.0,detection,DET-140196,cust-acme-corp-002,0.561,pb-brute-force-block,0.826,154.9,FALSE,,,,,,,,c9537c7d-1147-4a5f-8d1c-9ef83f5ae343,,2026-03-27T13:28:04.478465Z,,,,,,,,,,,
359d6be8-a517-4271-a311-a0b79bdb896b,2026-03-27T13:27:50.210744+00:00,inference,playbook_selector,1.0.0,detection,DET-140195,cust-acme-corp-002,0.574,pb-ransomware-containment,0.671,138.3,FALSE,,,,,,,,0d6d149b-8bca-4abd-b169-4228d753b789,,2026-03-27T13:27:50.210695Z,,,,,,,,,,,
e395aa2c-0349-4e6a-97bc-7a5e85376eb5,2026-03-27T13:27:49.638457+00:00,inference,playbook_selector,1.0.0,detection,DET-140193,cust-acme-corp-002,0.557,pb-malware-response,0.759,84.8,FALSE,,,,,,,,cc003d6c-63b3-4db1-9a3d-498a1248684e,,2026-03-27T13:27:49.638406Z,,,,,,,,,,,
8c9f64e1-b2da-40a7-b794-2da5543c658d,2026-03-27T13:27:34.708271+00:00,inference,playbook_selector,1.0.0,detection,DET-140191,cust-globex-003,0.64,pb-phishing-triage,0.715,5.4,FALSE,,,,,,,,8440a62d-b963-4dfa-95aa-89b94c410a18,,2026-03-27T13:27:34.708218Z,,,,,,,,,,,
15a2fc1b-bff4-4caf-a764-d9d289766314,2026-03-27T13:27:34.255416+00:00,inference,playbook_selector,1.0.0,detection,DET-140190,cust-tekstream-001,0.971,pb-malware-response,0.652,6.5,TRUE,,,,,,,,f5360865-6a52-4c78-9473-942e84ce220b,,2026-03-27T13:27:34.255363Z,,,,,,,,,,,
9f4387be-f2ce-4216-8ca1-bc340873e97c,2026-03-27T13:27:20.292714+00:00,inference,playbook_selector,1.0.0,detection,DET-140189,cust-tekstream-001,0.926,pb-data-exfil-investigate,0.536,37.2,TRUE,,,,,,,,d78b48ba-a944-4708-9af0-df547de206a8,,2026-03-27T13:27:20.292661Z,,,,,,,,,,,
1b267b43-841e-4ef7-a1f1-c95e379c4886,2026-03-27T13:27:19.688500+00:00,inference,playbook_selector,1.0.0,detection,DET-140187,cust-globex-003,0.506,pb-brute-force-block,0.822,168.5,TRUE,,,,,,,,1e414b58-b07e-40b2-84b8-a3ecd4c59a4c,,2026-03-27T13:27:19.688442Z,,,,,,,,,,,
da55d1c3-faf2-425d-b53a-ca7f0554112e,2026-03-27T13:27:19.421080+00:00,inference,playbook_selector,1.0.0,detection,DET-140186,cust-tekstream-001,0.947,pb-phishing-triage,0.674,130.2,FALSE,,,,,,,,e570a43d-fa05-4884-b758-c230d7c238e9,,2026-03-27T13:27:19.421032Z,,,,,,,,,,,
4317a0b7-adc0-45d8-b7d1-372be91ab19c,2026-03-27T13:27:05.084786+00:00,inference,playbook_selector,1.0.0,detection,DET-140185,cust-tekstream-001,0.734,pb-lateral-movement,0.607,161.1,FALSE,,,,,,,,75a6244e-2018-4bb6-952e-59b17a25b135,,2026-03-27T13:27:05.084723Z,,,,,,,,,,,
7e82369a-1daa-44ea-b3a1-dea963f2e67b,2026-03-27T13:27:04.895602+00:00,inference,playbook_selector,1.0.0,detection,DET-140184,cust-globex-003,0.784,pb-malware-response,0.532,96.6,FALSE,,,,,,,,63037db6-2af5-4440-8d0d-a7ccfbd8488d,,2026-03-27T13:27:04.895551Z,,,,,,,,,,,
6d0d02e7-a970-463f-8749-eedd7559907c,2026-03-27T13:27:04.341236+00:00,inference,playbook_selector,1.0.0,detection,DET-140182,cust-tekstream-001,0.678,pb-ransomware-containment,0.564,20.3,FALSE,,,,,,,,299fab6b-4734-43b7-9f48-c877056acd55,,2026-03-27T13:27:04.341186Z,,,,,,,,,,,
5abc3148-a9f9-47d3-a34a-9180e429b77e,2026-03-27T13:26:49.538889+00:00,inference,playbook_selector,1.0.0,detection,DET-140180,cust-acme-corp-002,0.946,pb-ransomware-containment,0.927,15.2,FALSE,,,,,,,,38de348c-5f55-45e7-9179-4b1d1e7c4c54,,2026-03-27T13:26:49.538838Z,,,,,,,,,,,
26fbc7e5-d569-4b30-9fe0-820062f3b022,2026-03-27T13:26:34.884797+00:00,inference,playbook_selector,1.0.0,detection,DET-140178,cust-acme-corp-002,0.949,pb-brute-force-block,0.831,188.2,TRUE,,,,,,,,5076f92b-0092-41d6-a4de-20ae81f748f0,,2026-03-27T13:26:34.884745Z,,,,,,,,,,,
05b5daec-f01f-402a-b1b5-13720ff38687,2026-03-27T13:26:19.319998+00:00,inference,playbook_selector,1.0.0,detection,DET-140175,cust-acme-corp-002,0.672,pb-data-exfil-investigate,0.643,80.6,FALSE,,,,,,,,6f6519de-50fd-4d49-afba-b919bac2c1df,,2026-03-27T13:26:19.319947Z,,,,,,,,,,,
47da0e65-fb26-49a6-9359-22734c02d974,2026-03-27T13:26:05.287361+00:00,inference,playbook_selector,1.0.0,detection,DET-140174,cust-tekstream-001,0.608,pb-lateral-movement,0.866,53.9,FALSE,,,,,,,,2c33d3a7-799a-484f-8930-3554ae4fe001,,2026-03-27T13:26:05.287310Z,,,,,,,,,,,
3a0fc732-0867-4ef5-b8ab-67b12a515c5e,2026-03-27T13:26:05.043885+00:00,inference,playbook_selector,1.0.0,detection,DET-140173,cust-globex-003,0.501,pb-ransomware-containment,0.967,52.7,FALSE,,,,,,,,76346c50-9a23-46cc-92df-48d16ee377c4,,2026-03-27T13:26:05.043833Z,,,,,,,,,,,
f1594bd6-203e-484d-8bcf-b665c2862ca5,2026-03-27T13:25:49.346014+00:00,inference,playbook_selector,1.0.0,detection,DET-140170,cust-globex-003,0.97,pb-phishing-triage,0.828,128.1,FALSE,,,,,,,,11ced7d4-ce3a-42be-a06f-4ba439e454ff,,2026-03-27T13:25:49.345963Z,,,,,,,,,,,
c6cbd624-deb7-4361-97e6-e162cbb82548,2026-03-27T13:25:35.288135+00:00,inference,playbook_selector,1.0.0,detection,DET-140169,cust-tekstream-001,0.949,pb-brute-force-block,0.952,193.4,FALSE,,,,,,,,0ed28fb5-328a-4826-9ce2-362a7e789682,,2026-03-27T13:25:35.288084Z,,,,,,,,,,,
f506c81f-eea6-437e-be19-6ce3e1bfdf41,2026-03-27T13:25:34.534555+00:00,inference,playbook_selector,1.0.0,detection,DET-140167,cust-globex-003,0.773,pb-ransomware-containment,0.73,90.1,FALSE,,,,,,,,d5abdae9-8137-44e7-a390-cf9b346ed8b1,,2026-03-27T13:25:34.534504Z,,,,,,,,,,,
def84d0d-a0fc-4257-8bbd-926702a2c4da,2026-03-27T13:25:34.273335+00:00,inference,playbook_selector,1.0.0,detection,DET-140166,cust-tekstream-001,0.736,pb-malware-response,0.509,120.4,FALSE,,,,,,,,59791e8a-bd94-44b2-93f7-ebce06e3e524,,2026-03-27T13:25:34.273283Z,,,,,,,,,,,
310cbfd6-5eb4-4274-860e-cb9222aace8a,2026-03-27T13:25:20.869545+00:00,inference,playbook_selector,1.0.0,detection,DET-140165,cust-tekstream-001,0.65,pb-ransomware-containment,0.77,161.6,FALSE,,,,,,,,7d550cc5-58b9-4788-bf52-3f9b1156c381,,2026-03-27T13:25:20.869463Z,,,,,,,,,,,
a281bf11-2323-47e1-acb9-a39bcf67a30b,2026-03-27T13:25:05.060350+00:00,inference,playbook_selector,1.0.0,detection,DET-140163,cust-globex-003,0.712,pb-brute-force-block,0.841,66,FALSE,,,,,,,,31644a3b-2af4-4f99-a8cb-72e3badc76f7,,2026-03-27T13:25:05.060272Z,,,,,,,,,,,
960d358c-bdd3-4243-bdba-100270294df1,2026-03-27T13:24:50.369795+00:00,inference,playbook_selector,1.0.0,detection,DET-140160,cust-tekstream-001,0.871,pb-data-exfil-investigate,0.515,78.1,FALSE,,,,,,,,6f746cf6-f6ec-4f5b-8781-d5fb0d3ab0a3,,2026-03-27T13:24:50.369743Z,,,,,,,,,,,
97840508-fd10-410d-ad48-8513937594d1,2026-03-27T13:24:50.085220+00:00,inference,playbook_selector,1.0.0,detection,DET-140159,cust-globex-003,0.801,pb-phishing-triage,0.989,128.5,FALSE,,,,,,,,68276d46-f031-412a-9f82-5893633ec07b,,2026-03-27T13:24:50.085170Z,,,,,,,,,,,
e700d539-868e-474c-b921-3c5246a36df5,2026-03-27T13:24:49.630348+00:00,inference,playbook_selector,1.0.0,detection,DET-140158,cust-acme-corp-002,0.679,pb-brute-force-block,0.763,174,FALSE,,,,,,,,e2267300-70e7-4993-b765-c2fe4a545a69,,2026-03-27T13:24:49.630293Z,,,,,,,,,,,
7007260b-5a27-47b5-8808-be14a9ca8108,2026-03-27T13:24:49.232123+00:00,inference,playbook_selector,1.0.0,detection,DET-140157,cust-tekstream-001,0.747,pb-brute-force-block,0.668,187.2,TRUE,,,,,,,,d883e918-5884-4a95-bb4d-be09330e2de0,,2026-03-27T13:24:49.232069Z,,,,,,,,,,,
8d214f82-fc2b-4123-a0af-f958e77373aa,2026-03-27T13:24:35.430906+00:00,inference,playbook_selector,1.0.0,detection,DET-140156,cust-acme-corp-002,0.72,pb-brute-force-block,0.689,82.8,FALSE,,,,,,,,68487bed-6de0-4932-b0b4-12026409172e,,2026-03-27T13:24:35.430854Z,,,,,,,,,,,
17cc9fc6-753e-4b12-80eb-2883ff8e95d7,2026-03-27T13:24:34.849143+00:00,inference,playbook_selector,1.0.0,detection,DET-140155,cust-globex-003,0.795,pb-malware-response,0.921,24.1,FALSE,,,,,,,,8eeaa54b-7c5f-4091-9ac0-740341a095bc,,2026-03-27T13:24:34.849093Z,,,,,,,,,,,
35473d7e-8347-4eb5-b70a-9456606ec411,2026-03-27T13:24:34.293625+00:00,inference,playbook_selector,1.0.0,detection,DET-140154,cust-globex-003,0.662,pb-data-exfil-investigate,0.768,62.2,TRUE,,,,,,,,1233f0e5-ba48-49f7-b23a-ca37e823aec9,,2026-03-27T13:24:34.293573Z,,,,,,,,,,,
a44087d9-cfa2-4dba-b2a5-c88b95910cf2,2026-03-27T13:24:19.343046+00:00,inference,playbook_selector,1.0.0,detection,DET-140153,cust-tekstream-001,0.891,pb-data-exfil-investigate,0.853,114.8,FALSE,,,,,,,,3bff16ac-dd23-4a36-b9c5-4c0229547a02,,2026-03-27T13:24:19.342993Z,,,,,,,,,,,
5a719fe6-6421-4f14-a1e3-312d2a92763c,2026-03-27T13:24:04.253714+00:00,inference,playbook_selector,1.0.0,detection,DET-140152,cust-tekstream-001,0.813,pb-data-exfil-investigate,0.586,161.2,FALSE,,,,,,,,e647ab8b-5494-4250-885d-baa1d2558aee,,2026-03-27T13:24:04.253659Z,,,,,,,,,,,
bc82f74a-4d1b-46c0-9cc9-7ed31eb51b02,2026-03-27T13:23:49.302004+00:00,inference,playbook_selector,1.0.0,detection,DET-140151,cust-globex-003,0.896,pb-brute-force-block,0.698,178.1,FALSE,,,,,,,,37c662e1-4d09-4181-84f3-04cef8e52e23,,2026-03-27T13:23:49.301956Z,,,,,,,,,,,
8094850d-29de-4846-8054-86c7079609ee,2026-03-27T13:23:34.945392+00:00,inference,playbook_selector,1.0.0,detection,DET-140150,cust-globex-003,0.902,pb-lateral-movement,0.513,16.3,FALSE,,,,,,,,88a58a67-8be9-4426-85b2-f6e8a3b44102,,2026-03-27T13:23:34.945341Z,,,,,,,,,,,
ad7b3293-f0e4-4b2b-b778-81c61ce728d6,2026-03-27T13:23:34.240686+00:00,inference,playbook_selector,1.0.0,detection,DET-140149,cust-acme-corp-002,0.948,pb-brute-force-block,0.671,155,FALSE,,,,,,,,6565a9b9-eda6-4308-89b7-ab3f56562d8c,,2026-03-27T13:23:34.240636Z,,,,,,,,,,,
cc01dafb-ffca-4b88-8a30-4a115732c3c5,2026-03-27T13:23:19.242026+00:00,inference,playbook_selector,1.0.0,detection,DET-140147,cust-tekstream-001,0.943,pb-lateral-movement,0.713,39.4,FALSE,,,,,,,,e5aaef07-ae60-4ba2-b189-248f067cc519,,2026-03-27T13:23:19.241973Z,,,,,,,,,,,
ead532ab-4524-48ac-b3b8-9078af2b3e86,2026-03-27T13:23:04.839464+00:00,inference,playbook_selector,1.0.0,detection,DET-140145,cust-globex-003,0.627,pb-brute-force-block,0.983,14.2,FALSE,,,,,,,,8162b8b4-5331-42c4-938d-cefc99f7b743,,2026-03-27T13:23:04.839412Z,,,,,,,,,,,
acb4d031-d40a-44ee-88bc-5f65a6d70f84,2026-03-27T13:23:04.366697+00:00,inference,playbook_selector,1.0.0,detection,DET-140144,cust-tekstream-001,0.699,pb-lateral-movement,0.662,10.2,TRUE,,,,,,,,a7c5b311-a4df-4186-a918-8a7cbd32655c,,2026-03-27T13:23:04.366647Z,,,,,,,,,,,
a6935e34-69b1-4122-b9b3-275d12772d5f,2026-03-27T13:22:50.171393+00:00,inference,playbook_selector,1.0.0,detection,DET-140143,cust-tekstream-001,0.896,pb-data-exfil-investigate,0.662,121.6,FALSE,,,,,,,,00799cf5-dd47-4705-8f08-39325949a6a8,,2026-03-27T13:22:50.171345Z,,,,,,,,,,,
53a5b1e6-5efc-48f9-badd-4b5938f38565,2026-03-27T13:22:49.684278+00:00,inference,playbook_selector,1.0.0,detection,DET-140142,cust-globex-003,0.751,pb-ransomware-containment,0.792,7.3,TRUE,,,,,,,,200b98d1-d463-4046-abe0-1ced6f16b3e3,,2026-03-27T13:22:49.684219Z,,,,,,,,,,,
3a2850cd-dac2-426a-bc6c-b0c43b16d098,2026-03-27T13:22:49.420139+00:00,inference,playbook_selector,1.0.0,detection,DET-140141,cust-tekstream-001,0.587,pb-lateral-movement,0.849,78.5,FALSE,,,,,,,,212312f8-f7f6-4b2d-9130-8d7bbed2733f,,2026-03-27T13:22:49.420088Z,,,,,,,,,,,
3e1648ef-62b8-4399-af7b-66638ed413d4,2026-03-27T13:22:35.239624+00:00,inference,playbook_selector,1.0.0,detection,DET-140140,cust-acme-corp-002,0.81,pb-malware-response,0.799,133.7,FALSE,,,,,,,,c0f44148-f1e4-4b92-a949-7eb9206dc99a,,2026-03-27T13:22:35.239569Z,,,,,,,,,,,
b7f8bbb2-d468-404c-8db8-0c63f4dd73b6,2026-03-27T13:22:35.077264+00:00,inference,playbook_selector,1.0.0,detection,DET-140139,cust-globex-003,0.613,pb-data-exfil-investigate,0.629,64.8,FALSE,,,,,,,,832d1987-fde3-4a5c-8126-fab445633d81,,2026-03-27T13:22:35.077215Z,,,,,,,,,,,
2cd4e287-819a-4a78-bcfb-01b19c6cdb9c,2026-03-27T13:22:19.938270+00:00,inference,playbook_selector,1.0.0,detection,DET-140136,cust-acme-corp-002,0.904,pb-brute-force-block,0.946,196,FALSE,,,,,,,,cf5a50da-250e-44d8-93da-2e1da79a0566,,2026-03-27T13:22:19.938221Z,,,,,,,,,,,
9e62b938-84de-4d57-adcc-8de63976e39e,2026-03-27T13:22:05.006275+00:00,inference,playbook_selector,1.0.0,detection,DET-140133,cust-tekstream-001,0.699,pb-ransomware-containment,0.831,11.5,FALSE,,,,,,,,ba070175-9e58-4157-8f6f-bc320b3aa539,,2026-03-27T13:22:05.006224Z,,,,,,,,,,,
ca4b79a0-a7fb-4b69-893c-3c374c4d2560,2026-03-27T13:22:04.385690+00:00,inference,playbook_selector,1.0.0,detection,DET-140132,cust-acme-corp-002,0.723,pb-lateral-movement,0.969,33.7,FALSE,,,,,,,,599debcd-6bf0-44ab-ada0-30d637c721b8,,2026-03-27T13:22:04.385637Z,,,,,,,,,,,
73c612fe-0da0-4168-8e03-81667b774b31,2026-03-27T13:21:20.462374+00:00,inference,playbook_selector,1.0.0,detection,DET-140127,cust-acme-corp-002,0.893,pb-data-exfil-investigate,0.654,184.3,TRUE,,,,,,,,7d8520e2-2918-4b1c-bf92-74337d39f48c,,2026-03-27T13:21:20.462324Z,,,,,,,,,,,
c360270c-1fb3-44f7-8394-7c971b10dacc,2026-03-27T13:21:20.138714+00:00,inference,playbook_selector,1.0.0,detection,DET-140126,cust-tekstream-001,0.786,pb-data-exfil-investigate,0.586,7.6,FALSE,,,,,,,,e1dd2751-2f4a-46c1-8b6c-d341237b36cd,,2026-03-27T13:21:20.138663Z,,,,,,,,,,,
91bcf8a4-1797-4f69-aeaf-bd77df1cfd95,2026-03-27T13:21:19.212936+00:00,inference,playbook_selector,1.0.0,detection,DET-140124,cust-acme-corp-002,0.717,pb-data-exfil-investigate,0.823,93.4,FALSE,,,,,,,,a1ec744d-92ec-4215-822a-d55c8a460791,,2026-03-27T13:21:19.212883Z,,,,,,,,,,,
1b275788-9526-4118-81fc-c747db266d9d,2026-03-27T13:21:04.514214+00:00,inference,playbook_selector,1.0.0,detection,DET-140123,cust-tekstream-001,0.749,pb-ransomware-containment,0.655,50.5,FALSE,,,,,,,,94749d1a-3db3-4ce2-b32c-ba3744bd8302,,2026-03-27T13:21:04.514161Z,,,,,,,,,,,
fcd87b87-ac72-4e96-b364-b717d26fce30,2026-03-27T13:21:04.207754+00:00,inference,playbook_selector,1.0.0,detection,DET-140122,cust-globex-003,0.591,pb-brute-force-block,0.829,160,FALSE,,,,,,,,d9470246-1ee6-4a50-9d87-afbfccc77415,,2026-03-27T13:21:04.207686Z,,,,,,,,,,,
ad80153a-09a6-4874-939b-4e9bf1b616ba,2026-03-27T13:20:49.698052+00:00,inference,playbook_selector,1.0.0,detection,DET-140121,cust-tekstream-001,0.769,pb-ransomware-containment,0.61,137,FALSE,,,,,,,,886f7f65-ac8e-4674-b721-153195270590,,2026-03-27T13:20:49.697999Z,,,,,,,,,,,
f248e2f0-c7b8-4fa3-bd17-fa9c9d196f3f,2026-03-27T13:20:34.525371+00:00,inference,playbook_selector,1.0.0,detection,DET-140118,cust-tekstream-001,0.697,pb-data-exfil-investigate,0.823,86.7,FALSE,,,,,,,,2019861f-8900-49e1-b5d5-876683a2836b,,2026-03-27T13:20:34.525321Z,,,,,,,,,,,
a25c6443-e88d-4fc1-9ca2-3bdf8b096907,2026-03-27T13:20:34.243899+00:00,inference,playbook_selector,1.0.0,detection,DET-140117,cust-globex-003,0.554,pb-malware-response,0.778,29.9,FALSE,,,,,,,,57bfdfdd-ffdd-4f72-852f-23f15216aea0,,2026-03-27T13:20:34.243844Z,,,,,,,,,,,
6f541d4c-1def-4460-83f3-4d7bc99a0ef4,2026-03-27T13:20:19.826603+00:00,inference,playbook_selector,1.0.0,detection,DET-140116,cust-acme-corp-002,0.897,pb-data-exfil-investigate,0.596,146.4,FALSE,,,,,,,,a257a1d8-3324-4211-8a67-a2b7f9b340fa,,2026-03-27T13:20:19.826551Z,,,,,,,,,,,
b24e9037-320c-495e-b96d-198b7cd155de,2026-03-27T13:20:19.335300+00:00,inference,playbook_selector,1.0.0,detection,DET-140114,cust-globex-003,0.811,pb-malware-response,0.616,15,FALSE,,,,,,,,daad024e-2d2e-442f-b6f4-25bd3eb626b7,,2026-03-27T13:20:19.335248Z,,,,,,,,,,,
dcef876e-92b0-45eb-a66f-76bb501fbb33,2026-03-27T13:20:04.431010+00:00,inference,playbook_selector,1.0.0,detection,DET-140113,cust-globex-003,0.574,pb-lateral-movement,0.894,37.3,FALSE,,,,,,,,a737b144-852b-4389-b9d2-c8096d9e367b,,2026-03-27T13:20:04.430959Z,,,,,,,,,,,
cec4a684-49b1-41d8-9fbd-099662124a38,2026-03-27T13:19:49.420498+00:00,inference,playbook_selector,1.0.0,detection,DET-140111,cust-acme-corp-002,0.768,pb-ransomware-containment,0.72,6.4,FALSE,,,,,,,,9e121a4a-89d8-49fd-8f44-4530022cfedb,,2026-03-27T13:19:49.420441Z,,,,,,,,,,,
53647afe-86db-49d1-8446-5a6a3bdc9870,2026-03-27T13:19:35.075911+00:00,inference,playbook_selector,1.0.0,detection,DET-140109,cust-tekstream-001,0.886,pb-malware-response,0.625,192.6,TRUE,,,,,,,,32276d93-eca5-43f9-ba80-1f3f81c57755,,2026-03-27T13:19:35.075860Z,,,,,,,,,,,
ecfcfa07-71cd-4619-bb93-907fa4b7625e,2026-03-27T13:19:34.516480+00:00,inference,playbook_selector,1.0.0,detection,DET-140108,cust-acme-corp-002,0.708,pb-data-exfil-investigate,0.835,15.8,FALSE,,,,,,,,a67710cf-aa04-4d19-bf75-d722162fdfb6,,2026-03-27T13:19:34.516418Z,,,,,,,,,,,
7dcff3e2-50b3-4416-962e-6492d600266d,2026-03-27T13:19:20.268187+00:00,inference,playbook_selector,1.0.0,detection,DET-140106,cust-globex-003,0.549,pb-ransomware-containment,0.906,133.4,FALSE,,,,,,,,01772669-258c-478d-b543-90afa46daaa7,,2026-03-27T13:19:20.268137Z,,,,,,,,,,,
16831686-5df5-4d02-a780-f2ebb59e192c,2026-03-27T13:19:19.231606+00:00,inference,playbook_selector,1.0.0,detection,DET-140104,cust-globex-003,0.808,pb-lateral-movement,0.83,174.3,FALSE,,,,,,,,e781cc9e-5939-43f9-8be4-ec57104223d1,,2026-03-27T13:19:19.231555Z,,,,,,,,,,,
790516e2-c58e-41f6-8e5d-ce065889f9a9,2026-03-27T13:19:04.326764+00:00,inference,playbook_selector,1.0.0,detection,DET-140102,cust-tekstream-001,0.831,pb-malware-response,0.58,92.7,FALSE,,,,,,,,d57e5c1a-9468-449e-a1d6-f9905d06283d,,2026-03-27T13:19:04.326712Z,,,,,,,,,,,
3b36e62d-32f8-4359-a618-28440fcf682d,2026-03-27T13:18:34.394621+00:00,inference,playbook_selector,1.0.0,detection,DET-140099,cust-tekstream-001,0.63,pb-brute-force-block,0.587,187.8,FALSE,,,,,,,,12bf2f3a-b901-4436-be4a-6a84c343f6a9,,2026-03-27T13:18:34.394572Z,,,,,,,,,,,
66e3608f-8585-466b-8655-2888250c8fc1,2026-03-27T13:18:19.892834+00:00,inference,playbook_selector,1.0.0,detection,DET-140097,cust-tekstream-001,0.966,pb-ransomware-containment,0.763,137,FALSE,,,,,,,,36292d7b-ea96-4df4-93d6-e257ffdd941c,,2026-03-27T13:18:19.892785Z,,,,,,,,,,,
643f30a7-ed1d-45b8-9325-421ae6074187,2026-03-27T13:17:49.901146+00:00,inference,playbook_selector,1.0.0,detection,DET-140093,cust-tekstream-001,0.586,pb-malware-response,0.83,40.4,FALSE,,,,,,,,cf19fa27-a539-4a24-acd7-c8b746c38141,,2026-03-27T13:17:49.901097Z,,,,,,,,,,,
50cccd64-0e4d-45da-bb61-362b8aae7954,2026-03-27T13:17:49.277253+00:00,inference,playbook_selector,1.0.0,detection,DET-140092,cust-tekstream-001,0.94,pb-malware-response,0.851,89.5,FALSE,,,,,,,,7e12e351-2195-4c08-86f5-976703f1f7f6,,2026-03-27T13:17:49.277202Z,,,,,,,,,,,
b1ccb304-a926-4f6b-ae85-6bd896706420,2026-03-27T13:17:34.461304+00:00,inference,playbook_selector,1.0.0,detection,DET-140091,cust-globex-003,0.866,pb-phishing-triage,0.66,46.5,FALSE,,,,,,,,7b57a6e0-dea7-4c85-bf2f-c84ce8252b7c,,2026-03-27T13:17:34.461255Z,,,,,,,,,,,
c247e3bc-eb3e-4157-9e5d-424ccf285fcb,2026-03-27T13:17:19.532069+00:00,inference,playbook_selector,1.0.0,detection,DET-140087,cust-tekstream-001,0.633,pb-phishing-triage,0.825,65.8,FALSE,,,,,,,,d1c4b301-3f43-4098-a0ec-6a5bba16e3a5,,2026-03-27T13:17:19.532019Z,,,,,,,,,,,
ab44690f-ed26-4d60-8d2b-2d6eb8f4fe26,2026-03-27T13:17:05.118248+00:00,inference,playbook_selector,1.0.0,detection,DET-140085,cust-acme-corp-002,0.518,pb-phishing-triage,0.601,57.4,FALSE,,,,,,,,4fdd0d5e-a81a-4215-8dcd-33dca52c94f4,,2026-03-27T13:17:05.118195Z,,,,,,,,,,,
825ec84c-ba46-4cc3-92c6-dcc7bfa34643,2026-03-27T13:17:04.611071+00:00,inference,playbook_selector,1.0.0,detection,DET-140084,cust-acme-corp-002,0.764,pb-data-exfil-investigate,0.759,39.7,FALSE,,,,,,,,15e2816e-f757-4003-8a5b-f2051747d802,,2026-03-27T13:17:04.611007Z,,,,,,,,,,,
e6b14d67-d157-46be-84fc-f945b6e74915,2026-03-27T13:17:04.132813+00:00,inference,playbook_selector,1.0.0,detection,DET-140083,cust-acme-corp-002,0.804,pb-lateral-movement,0.631,109.8,FALSE,,,,,,,,7906b677-d544-46ba-b480-6cf9f2d5a3e6,,2026-03-27T13:17:04.132761Z,,,,,,,,,,,
ec47526b-76fd-4944-b863-8f9cdcf87c83,2026-03-27T13:16:49.689042+00:00,inference,playbook_selector,1.0.0,detection,DET-140081,cust-globex-003,0.818,pb-lateral-movement,0.669,128.3,FALSE,,,,,,,,443815fe-c913-4cdc-81da-eacbe2bd2fc8,,2026-03-27T13:16:49.688994Z,,,,,,,,,,,
d97c893e-764e-4f0c-960b-8ef36c62512e,2026-03-27T13:16:35.369586+00:00,inference,playbook_selector,1.0.0,detection,DET-140079,cust-tekstream-001,0.799,pb-brute-force-block,0.941,172.3,FALSE,,,,,,,,97640630-04f4-472d-91bc-9fc2762f5e8d,,2026-03-27T13:16:35.369532Z,,,,,,,,,,,
be5a3d0f-7e2d-4503-a993-aaa428bd0924,2026-03-27T13:16:34.440598+00:00,inference,playbook_selector,1.0.0,detection,DET-140077,cust-acme-corp-002,0.53,pb-malware-response,0.943,96.8,FALSE,,,,,,,,44df4c70-257f-4d5b-ac97-4f91653174a4,,2026-03-27T13:16:34.440539Z,,,,,,,,,,,
35dce824-5d10-4ee2-bc99-0741d4c1dbb5,2026-03-27T13:16:20.050748+00:00,inference,playbook_selector,1.0.0,detection,DET-140075,cust-acme-corp-002,0.76,pb-ransomware-containment,0.969,175.8,FALSE,,,,,,,,ba8f659a-7b95-434b-b81a-831c5edc6457,,2026-03-27T13:16:20.050695Z,,,,,,,,,,,
28f86782-ebfd-4ff6-8763-34eb8a3d29fd,2026-03-27T13:16:19.146411+00:00,inference,playbook_selector,1.0.0,detection,DET-140072,cust-tekstream-001,0.8,pb-lateral-movement,0.894,80.5,FALSE,,,,,,,,dd5e5229-2263-4187-b50b-a47c755451fb,,2026-03-27T13:16:19.146360Z,,,,,,,,,,,
c2385a7b-2e06-46b1-80b5-ed75518e1c5d,2026-03-27T13:16:04.137310+00:00,inference,playbook_selector,1.0.0,detection,DET-140071,cust-acme-corp-002,0.768,pb-phishing-triage,0.531,56.3,FALSE,,,,,,,,7fbea9a0-b210-4c4f-95e4-bea1eb66046d,,2026-03-27T13:16:04.137256Z,,,,,,,,,,,
023d7b8c-4f6f-4195-9fb6-9f5c1ed17c60,2026-03-27T13:15:49.470832+00:00,inference,playbook_selector,1.0.0,detection,DET-140070,cust-tekstream-001,0.537,pb-lateral-movement,0.708,11.6,FALSE,,,,,,,,70419b27-9ef3-4cf9-90fd-6a0fe8005506,,2026-03-27T13:15:49.470781Z,,,,,,,,,,,
6efb5b0b-5489-4b73-8ec7-0ee82349b9a1,2026-03-27T13:15:34.629216+00:00,inference,playbook_selector,1.0.0,detection,DET-140067,cust-tekstream-001,0.85,pb-data-exfil-investigate,0.575,48,FALSE,,,,,,,,ab012627-6efd-439a-8e94-54cd949cd950,,2026-03-27T13:15:34.629167Z,,,,,,,,,,,
86051afa-39e2-4e2b-9a78-e35921b8a919,2026-03-27T13:15:34.239314+00:00,inference,playbook_selector,1.0.0,detection,DET-140066,cust-acme-corp-002,0.687,pb-data-exfil-investigate,0.819,59.9,TRUE,,,,,,,,85ce4799-3f38-4927-9233-4cc67bfce01a,,2026-03-27T13:15:34.239264Z,,,,,,,,,,,
fb17e72b-ac39-4486-9033-86fc31440331,2026-03-27T13:15:20.140043+00:00,inference,playbook_selector,1.0.0,detection,DET-140064,cust-acme-corp-002,0.63,pb-ransomware-containment,0.597,150.2,FALSE,,,,,,,,10745faa-9365-4e15-a5f3-44f28e54482c,,2026-03-27T13:15:20.139993Z,,,,,,,,,,,
dc54ae62-6c78-4845-ba10-58703fe944b3,2026-03-27T13:15:04.554950+00:00,inference,playbook_selector,1.0.0,detection,DET-140060,cust-globex-003,0.674,pb-ransomware-containment,0.901,157.1,FALSE,,,,,,,,28c96c16-1bf6-40fb-b3d0-70bf74dea75f,,2026-03-27T13:15:04.554897Z,,,,,,,,,,,
d141874a-05b5-4157-86fa-a9d64334780f,2026-03-27T13:15:04.284836+00:00,inference,playbook_selector,1.0.0,detection,DET-140059,cust-acme-corp-002,0.858,pb-lateral-movement,0.801,192.4,FALSE,,,,,,,,047ddee4-22fa-4ffd-8ec6-af90f10dda0a,,2026-03-27T13:15:04.284782Z,,,,,,,,,,,
15944ee6-535d-43c2-8810-f8253623c729,2026-03-27T13:14:49.504826+00:00,inference,playbook_selector,1.0.0,detection,DET-140058,cust-acme-corp-002,0.829,pb-ransomware-containment,0.886,35.7,FALSE,,,,,,,,c1dc22bd-7562-4cbd-96b4-94ed931165b3,,2026-03-27T13:14:49.504776Z,,,,,,,,,,,
83b1ec9f-a39c-43fe-96e4-34d9a2c4ea18,2026-03-27T13:14:35.217591+00:00,inference,playbook_selector,1.0.0,detection,DET-140056,cust-globex-003,0.964,pb-phishing-triage,0.572,161.4,FALSE,,,,,,,,e2a6710b-c975-4f7f-933c-5f08f1dc1b9b,,2026-03-27T13:14:35.217541Z,,,,,,,,,,,
765b53d7-0f08-42e3-ab67-d080df671019,2026-03-27T13:14:34.904705+00:00,inference,playbook_selector,1.0.0,detection,DET-140055,cust-acme-corp-002,0.774,pb-brute-force-block,0.521,190.9,FALSE,,,,,,,,a8aaf694-cbab-4316-914e-48709a254d1f,,2026-03-27T13:14:34.904653Z,,,,,,,,,,,
12bcafb4-7c3a-42ff-b00c-97631313b915,2026-03-27T13:14:34.569572+00:00,inference,playbook_selector,1.0.0,detection,DET-140054,cust-globex-003,0.652,pb-lateral-movement,0.662,70,FALSE,,,,,,,,186f759e-f7fc-425a-bef3-ccda0eb5368b,,2026-03-27T13:14:34.569489Z,,,,,,,,,,,
debaedfd-9eb4-4187-9711-4e7f9923c671,2026-03-27T13:14:34.231713+00:00,inference,playbook_selector,1.0.0,detection,DET-140053,cust-acme-corp-002,0.537,pb-malware-response,0.84,166.7,FALSE,,,,,,,,5ea5f9dd-7d1a-4eb3-8cc1-9da4a0d6c38b,,2026-03-27T13:14:34.231661Z,,,,,,,,,,,
759e5999-5659-46ed-aa90-1c062deb63ba,2026-03-27T13:14:19.944471+00:00,inference,playbook_selector,1.0.0,detection,DET-140052,cust-tekstream-001,0.517,pb-lateral-movement,0.774,21.8,FALSE,,,,,,,,5358f651-0275-4bbd-98e8-011f45811830,,2026-03-27T13:14:19.944417Z,,,,,,,,,,,
7c66b00c-da58-4d41-ad81-ab7ea6d2453e,2026-03-27T13:14:19.481921+00:00,inference,playbook_selector,1.0.0,detection,DET-140051,cust-acme-corp-002,0.926,pb-lateral-movement,0.796,108.6,TRUE,,,,,,,,813eabf0-a0e8-494a-970b-ab0943aeeef4,,2026-03-27T13:14:19.481873Z,,,,,,,,,,,
cd32c494-8aba-4d69-ba99-40577444088f,2026-03-27T13:14:19.121201+00:00,inference,playbook_selector,1.0.0,detection,DET-140050,cust-globex-003,0.793,pb-ransomware-containment,0.617,185.4,FALSE,,,,,,,,a384f3c4-1451-4b57-a16b-b81983814425,,2026-03-27T13:14:19.121151Z,,,,,,,,,,,
4c2a44a0-a718-42ac-bf13-0500627dbc07,2026-03-27T13:14:05.287970+00:00,inference,playbook_selector,1.0.0,detection,DET-140049,cust-tekstream-001,0.619,pb-lateral-movement,0.507,61.6,FALSE,,,,,,,,6c9708e7-34eb-4b3f-9c0c-a1e26c0979fa,,2026-03-27T13:14:05.287919Z,,,,,,,,,,,
3ec0a603-43d0-4553-8902-4fe2ed282f04,2026-03-27T13:14:04.678959+00:00,inference,playbook_selector,1.0.0,detection,DET-140047,cust-globex-003,0.537,pb-ransomware-containment,0.764,81.7,FALSE,,,,,,,,30bf9a84-84c6-4a05-a30e-931266fa15ab,,2026-03-27T13:14:04.678907Z,,,,,,,,,,,
4c01a7c4-2504-409a-be10-67041e14538a,2026-03-27T13:14:04.133204+00:00,inference,playbook_selector,1.0.0,detection,DET-140046,cust-acme-corp-002,0.799,pb-brute-force-block,0.817,133.5,FALSE,,,,,,,,783ba968-6f39-49ea-8736-552982816088,,2026-03-27T13:14:04.133151Z,,,,,,,,,,,
6f44b587-69d3-43bb-816e-536e7ec7336a,2026-03-27T13:13:49.304557+00:00,inference,playbook_selector,1.0.0,detection,DET-140045,cust-tekstream-001,0.662,pb-data-exfil-investigate,0.984,12,FALSE,,,,,,,,872c828f-17cf-4252-80d5-8ca94ed104b0,,2026-03-27T13:13:49.304500Z,,,,,,,,,,,
6d2095c2-f155-4d0b-bd3f-35f78b9791e3,2026-03-27T13:13:34.126039+00:00,inference,playbook_selector,1.0.0,detection,DET-140043,cust-globex-003,0.543,pb-lateral-movement,0.624,7.3,FALSE,,,,,,,,31f892a1-707c-4c57-803f-955d41ecc23b,,2026-03-27T13:13:34.125990Z,,,,,,,,,,,
75beca1f-260d-4eb1-bab3-2ddfa1c728a1,2026-03-27T13:13:19.855856+00:00,inference,playbook_selector,1.0.0,detection,DET-140042,cust-globex-003,0.834,pb-brute-force-block,0.783,147.9,FALSE,,,,,,,,7b6a635f-f2ea-4d36-afb7-8bfde2923757,,2026-03-27T13:13:19.855806Z,,,,,,,,,,,
24a61259-1d60-4a59-888b-3fd9b4626d78,2026-03-27T13:13:19.480569+00:00,inference,playbook_selector,1.0.0,detection,DET-140040,cust-acme-corp-002,0.729,pb-lateral-movement,0.847,194.1,FALSE,,,,,,,,27df947e-f0f6-47fa-be3d-8ab9117587c5,,2026-03-27T13:13:19.480510Z,,,,,,,,,,,
4759c85b-5fa7-4fa7-a5c3-7fcc4911d0aa,2026-03-27T13:13:04.130460+00:00,inference,playbook_selector,1.0.0,detection,DET-140038,cust-acme-corp-002,0.93,pb-phishing-triage,0.786,73.8,FALSE,,,,,,,,7a852607-21b0-4dcf-9ddc-d4ba3755e6fe,,2026-03-27T13:13:04.130409Z,,,,,,,,,,,
5f2fb5e9-004b-49bc-b1d4-be9ba7f743ee,2026-03-27T13:12:50.409153+00:00,inference,playbook_selector,1.0.0,detection,DET-140037,cust-globex-003,0.558,pb-phishing-triage,0.856,129.8,FALSE,,,,,,,,4eb956ba-f9ed-436f-b996-21e62fb8c823,,2026-03-27T13:12:50.409100Z,,,,,,,,,,,
a98f75d8-3a62-4ae8-ae6a-0bb1164a078b,2026-03-27T13:12:49.859228+00:00,inference,playbook_selector,1.0.0,detection,DET-140036,cust-acme-corp-002,0.719,pb-brute-force-block,0.832,181.4,TRUE,,,,,,,,e68a02e7-e537-4132-8e0e-16afd41b5728,,2026-03-27T13:12:49.859174Z,,,,,,,,,,,
9d873e5f-3b6a-4546-a1f6-2e249a3c02f7,2026-03-27T13:12:49.202463+00:00,inference,playbook_selector,1.0.0,detection,DET-140034,cust-acme-corp-002,0.747,pb-brute-force-block,0.849,189.2,FALSE,,,,,,,,29363d1f-e399-4d0c-bfca-d7e950d88be4,,2026-03-27T13:12:49.202411Z,,,,,,,,,,,
bb947b00-2440-4c86-80de-109fab6af5dc,2026-03-27T13:12:34.164724+00:00,inference,playbook_selector,1.0.0,detection,DET-140032,cust-tekstream-001,0.616,pb-data-exfil-investigate,0.574,51,FALSE,,,,,,,,8c9cf226-b81b-47b1-b45a-9a247f344266,,2026-03-27T13:12:34.164674Z,,,,,,,,,,,
7399b8fd-34d2-4b40-a2bb-78666d674ebb,2026-03-27T13:12:19.099318+00:00,inference,playbook_selector,1.0.0,detection,DET-140031,cust-globex-003,0.576,pb-phishing-triage,0.545,12.5,FALSE,,,,,,,,ef731381-c9ef-46d7-9d31-3fe6367b891c,,2026-03-27T13:12:19.099261Z,,,,,,,,,,,
b32d3813-d2da-4273-9dfb-02e1c4c5c685,2026-03-27T13:12:04.292257+00:00,inference,playbook_selector,1.0.0,detection,DET-140030,cust-acme-corp-002,0.869,pb-ransomware-containment,0.832,172.9,FALSE,,,,,,,,1033a2f2-ea9d-4ff9-9034-ab2e3d88c915,,2026-03-27T13:12:04.292207Z,,,,,,,,,,,
e88b811e-7384-40db-82c9-b5527c41a5b1,2026-03-27T13:11:49.598274+00:00,inference,playbook_selector,1.0.0,detection,DET-140029,cust-tekstream-001,0.74,pb-brute-force-block,0.518,83.3,FALSE,,,,,,,,cb2812ea-5198-492d-afa3-40470e7573ce,,2026-03-27T13:11:49.598224Z,,,,,,,,,,,
28f2ed46-5278-4073-a79f-616b4831ff2b,2026-03-27T13:11:35.281727+00:00,inference,playbook_selector,1.0.0,detection,DET-140026,cust-tekstream-001,0.846,pb-lateral-movement,0.959,67.3,FALSE,,,,,,,,a68aa825-a57b-40e1-9c11-96fee57c1769,,2026-03-27T13:11:35.281674Z,,,,,,,,,,,
71c5fba1-e214-488d-b908-2f3318cce417,2026-03-27T13:11:20.421310+00:00,inference,playbook_selector,1.0.0,detection,DET-140022,cust-tekstream-001,0.73,pb-phishing-triage,0.719,110,FALSE,,,,,,,,954641c2-555d-4e87-836c-a4cefd35a217,,2026-03-27T13:11:20.421260Z,,,,,,,,,,,
3cf5b4c3-4612-4bae-9bf4-0424dcb1acf0,2026-03-27T13:11:19.778633+00:00,inference,playbook_selector,1.0.0,detection,DET-140021,cust-acme-corp-002,0.938,pb-data-exfil-investigate,0.699,196.5,FALSE,,,,,,,,1c8d41d5-502c-4d39-b8ff-e8a495b20033,,2026-03-27T13:11:19.778584Z,,,,,,,,,,,
25b5209a-2233-4d95-b1fe-7110f7baa91d,2026-03-27T13:11:19.529459+00:00,inference,playbook_selector,1.0.0,detection,DET-140020,cust-globex-003,0.692,pb-lateral-movement,0.661,193.7,FALSE,,,,,,,,a5ab28f2-7a15-4548-bd22-44af40c89696,,2026-03-27T13:11:19.529406Z,,,,,,,,,,,
e2ed1ba9-9dc4-4e61-adcd-bacc09cf42ff,2026-03-27T13:11:19.296048+00:00,inference,playbook_selector,1.0.0,detection,DET-140019,cust-tekstream-001,0.667,pb-malware-response,0.54,143.1,FALSE,,,,,,,,38eb4fa3-0381-477f-b32f-c65787aa49d0,,2026-03-27T13:11:19.295997Z,,,,,,,,,,,
93d0beae-1f88-4fed-8692-ba91ce264049,2026-03-27T13:10:50.300126+00:00,inference,playbook_selector,1.0.0,detection,DET-140016,cust-acme-corp-002,0.642,pb-data-exfil-investigate,0.979,157.3,FALSE,,,,,,,,1e9ef610-a759-4ccd-9d1d-5b98225d89e3,,2026-03-27T13:10:50.300073Z,,,,,,,,,,,
18ba3213-2010-4e35-aaec-f68189dbc2ff,2026-03-27T13:10:50.063827+00:00,inference,playbook_selector,1.0.0,detection,DET-140015,cust-globex-003,0.937,pb-malware-response,0.512,17.2,FALSE,,,,,,,,4b54bcca-aa43-4ca3-8492-7f1e22a1376d,,2026-03-27T13:10:50.063754Z,,,,,,,,,,,
0b1e61c0-a7d4-410b-88e0-14a738f78e40,2026-03-27T13:10:49.638436+00:00,inference,playbook_selector,1.0.0,detection,DET-140014,cust-tekstream-001,0.561,pb-data-exfil-investigate,0.559,122.2,FALSE,,,,,,,,ab382c03-186f-4fb6-bf1c-dfd159a7dffc,,2026-03-27T13:10:49.638383Z,,,,,,,,,,,
e7f9166e-dffd-4bb5-8742-ecd0609a8a07,2026-03-27T13:10:20.677900+00:00,inference,playbook_selector,1.0.0,detection,DET-140011,cust-globex-003,0.679,pb-lateral-movement,0.655,145.2,FALSE,,,,,,,,05483211-db9d-4188-bbf3-77b01bed49ab,,2026-03-27T13:10:20.677850Z,,,,,,,,,,,
8e5a937b-910b-4efc-9792-8bdde21c1ef2,2026-03-27T13:10:19.989218+00:00,inference,playbook_selector,1.0.0,detection,DET-140010,cust-globex-003,0.611,pb-malware-response,0.711,158.2,FALSE,,,,,,,,2f191f07-3827-4bd8-a76b-7c50a3c82067,,2026-03-27T13:10:19.989165Z,,,,,,,,,,,
f754efcb-81a3-4e39-b039-2af4c8a6dce6,2026-03-27T13:10:19.638757+00:00,inference,playbook_selector,1.0.0,detection,DET-140009,cust-tekstream-001,0.667,pb-lateral-movement,0.887,192.5,FALSE,,,,,,,,f7a4b323-1177-4af3-9b9b-624bc2305406,,2026-03-27T13:10:19.638707Z,,,,,,,,,,,
416744f3-0111-49d5-b445-cc3fa0a4cc76,2026-03-27T13:10:19.107887+00:00,inference,playbook_selector,1.0.0,detection,DET-140008,cust-acme-corp-002,0.887,pb-ransomware-containment,0.698,70.3,FALSE,,,,,,,,1497a42b-0f5b-4979-8f82-040bc8c6f0e1,,2026-03-27T13:10:19.107833Z,,,,,,,,,,,
e04eabc4-c605-4997-a42b-ee7258edf102,2026-03-27T13:10:04.595760+00:00,inference,playbook_selector,1.0.0,detection,DET-140007,cust-acme-corp-002,0.617,pb-brute-force-block,0.658,179,FALSE,,,,,,,,863dc4b4-21e4-426d-afb9-0f5a725cb32c,,2026-03-27T13:10:04.595706Z,,,,,,,,,,,
d71693cc-ac6d-4bde-ad62-fcda0dc95c9e,2026-03-27T13:10:04.329284+00:00,inference,playbook_selector,1.0.0,detection,DET-140006,cust-globex-003,0.948,pb-data-exfil-investigate,0.776,186.1,FALSE,,,,,,,,47b048f9-54a1-490d-921c-a8f0f64510cd,,2026-03-27T13:10:04.329223Z,,,,,,,,,,,
9cfa1a9c-f866-497c-8f3b-c70b89be9f10,2026-03-27T13:09:49.179763+00:00,inference,playbook_selector,1.0.0,detection,DET-140005,cust-tekstream-001,0.503,pb-ransomware-containment,0.941,54.9,FALSE,,,,,,,,76504e5d-1888-40aa-97f4-736577eff587,,2026-03-27T13:09:49.179698Z,,,,,,,,,,,
bdcd4efd-ebec-4305-a7d1-185d07b681df,2026-03-27T13:09:19.907668+00:00,inference,playbook_selector,1.0.0,detection,DET-140003,cust-acme-corp-002,0.898,pb-phishing-triage,0.684,21.5,FALSE,,,,,,,,4f32d329-52ee-4f9c-9295-fcbfc456e44f,,2026-03-27T13:09:19.907615Z,,,,,,,,,,,
5d62e74b-e2c8-490b-bf14-e6c02cbf8f5f,2026-03-27T13:09:19.527375+00:00,inference,playbook_selector,1.0.0,detection,DET-140002,cust-globex-003,0.651,pb-phishing-triage,0.891,137.4,TRUE,,,,,,,,97d83a84-c2bf-4cbc-abea-4063890411b8,,2026-03-27T13:09:19.527325Z,,,,,,,,,,,
5cdffe0e-f930-43aa-b077-41340441b88c,2026-03-27T13:09:19.315322+00:00,inference,playbook_selector,1.0.0,detection,DET-140001,cust-acme-corp-002,0.505,pb-data-exfil-investigate,0.648,56.1,FALSE,,,,,,,,2fcd998b-500b-47ce-8739-e6e867d2b72b,,2026-03-27T13:09:19.315272Z,,,,,,,,,,,
92005e23-a13d-4f29-b683-b47bb74c31d1,2026-03-27T13:09:04.820024+00:00,inference,playbook_selector,1.0.0,detection,DET-140000,cust-globex-003,0.724,pb-phishing-triage,0.536,42,FALSE,,,,,,,,2ada69ec-8bee-41f0-b326-6170347a4cf6,,2026-03-27T13:09:04.819970Z,,,,,,,,,,,
988eb2ed-3839-45a9-bab8-a4c61b8059dc,2026-03-27T13:09:04.533597+00:00,inference,playbook_selector,1.0.0,detection,DET-139999,cust-tekstream-001,0.847,pb-brute-force-block,0.829,73,FALSE,,,,,,,,e153b8b1-bcab-4b6e-9b50-c06dc046d987,,2026-03-27T13:09:04.533540Z,,,,,,,,,,,
c876fa57-ce81-4131-9d41-c73dd6577310,2026-03-27T13:09:04.238890+00:00,inference,playbook_selector,1.0.0,detection,DET-139998,cust-tekstream-001,0.896,pb-lateral-movement,0.791,80.2,FALSE,,,,,,,,b586fa86-158b-4fb2-9e25-e1d850fe0521,,2026-03-27T13:09:04.238840Z,,,,,,,,,,,
cb18e621-9a8b-4a54-8631-e380b7fd2319,2026-03-27T13:08:50.083004+00:00,inference,playbook_selector,1.0.0,detection,DET-139997,cust-globex-003,0.58,pb-ransomware-containment,0.882,165.1,FALSE,,,,,,,,6e30d269-0d58-4a4d-b8f1-71b6ac42c759,,2026-03-27T13:08:50.082952Z,,,,,,,,,,,
0ca566b9-1ef4-485a-82ec-ff9bb0a87b63,2026-03-27T13:08:49.470276+00:00,inference,playbook_selector,1.0.0,detection,DET-139995,cust-tekstream-001,0.648,pb-malware-response,0.612,103.5,FALSE,,,,,,,,516a9498-a54a-4dcc-ad32-2d6568c33373,,2026-03-27T13:08:49.470226Z,,,,,,,,,,,
2da77c70-8f4e-4a4e-b8f6-ec7d4442f350,2026-03-27T13:08:34.857037+00:00,inference,playbook_selector,1.0.0,detection,DET-139992,cust-acme-corp-002,0.928,pb-ransomware-containment,0.526,97.9,FALSE,,,,,,,,4a4096e3-8cbc-4016-a1ab-f57a0f9a576a,,2026-03-27T13:08:34.856986Z,,,,,,,,,,,
e82aa908-8af2-4fdc-8750-76d2cd864b70,2026-03-27T13:08:34.534253+00:00,inference,playbook_selector,1.0.0,detection,DET-139991,cust-globex-003,0.572,pb-ransomware-containment,0.522,65.2,FALSE,,,,,,,,07bb544c-8245-439c-a6b1-81b001d9e63f,,2026-03-27T13:08:34.534200Z,,,,,,,,,,,
d466bf52-c151-4264-8dab-5451f6c76335,2026-03-27T13:08:20.184730+00:00,inference,playbook_selector,1.0.0,detection,DET-139989,cust-tekstream-001,0.63,pb-malware-response,0.828,112.2,FALSE,,,,,,,,b7f5ec8c-9b10-4885-9fe2-a4289a3cb404,,2026-03-27T13:08:20.184678Z,,,,,,,,,,,
8ed20cf2-4d28-4997-bb61-3061a88f7666,2026-03-27T13:08:19.577989+00:00,inference,playbook_selector,1.0.0,detection,DET-139988,cust-globex-003,0.671,pb-phishing-triage,0.655,153,FALSE,,,,,,,,a2381787-c1ee-44bb-a74e-a10febf78b88,,2026-03-27T13:08:19.577938Z,,,,,,,,,,,
f9fb2c70-9d22-40b8-84bd-a5bf7b4d1665,2026-03-27T13:08:04.792431+00:00,inference,playbook_selector,1.0.0,detection,DET-139986,cust-tekstream-001,0.844,pb-phishing-triage,0.981,44.4,FALSE,,,,,,,,b194eea9-6fc4-4205-9ebe-1217bd22f794,,2026-03-27T13:08:04.792223Z,,,,,,,,,,,
08669f89-b482-414d-8ef9-8b569f850f4c,2026-03-27T13:08:04.510453+00:00,inference,playbook_selector,1.0.0,detection,DET-139985,cust-tekstream-001,0.967,pb-phishing-triage,0.788,113.5,FALSE,,,,,,,,a3e76b8d-1ac0-4df0-ab80-88211eb20121,,2026-03-27T13:08:04.510399Z,,,,,,,,,,,
eb46fc13-c33f-410e-8f0b-8642fe312f6b,2026-03-27T13:07:49.695708+00:00,inference,playbook_selector,1.0.0,detection,DET-139981,cust-acme-corp-002,0.809,pb-brute-force-block,0.57,77.5,FALSE,,,,,,,,d6cbe4f0-feaa-422c-bdbf-9753185f6d45,,2026-03-27T13:07:49.695657Z,,,,,,,,,,,
0bb4662d-8aba-437e-a930-f18afce9f8ec,2026-03-27T13:07:49.296696+00:00,inference,playbook_selector,1.0.0,detection,DET-139980,cust-acme-corp-002,0.62,pb-ransomware-containment,0.89,52.5,FALSE,,,,,,,,f9dca304-837d-4bfc-b6bc-26d01b4dd9ef,,2026-03-27T13:07:49.296645Z,,,,,,,,,,,
3acab1ac-ec3e-4df3-a490-710d85503bc4,2026-03-27T13:07:20.172207+00:00,inference,playbook_selector,1.0.0,detection,DET-139978,cust-globex-003,0.825,pb-data-exfil-investigate,0.944,181,TRUE,,,,,,,,cd62d9be-c933-404f-bb4c-94a7d3a4ac3a,,2026-03-27T13:07:20.172155Z,,,,,,,,,,,
2f684390-886f-4595-b7ba-25c1f77daea4,2026-03-27T13:07:19.594061+00:00,inference,playbook_selector,1.0.0,detection,DET-139977,cust-acme-corp-002,0.631,pb-phishing-triage,0.965,105,TRUE,,,,,,,,fef449b8-e0a6-4224-a1d7-8fc442067402,,2026-03-27T13:07:19.594011Z,,,,,,,,,,,
17b51b16-6648-4294-af34-dbf7ce96da50,2026-03-27T13:07:19.219864+00:00,inference,playbook_selector,1.0.0,detection,DET-139976,cust-acme-corp-002,0.89,pb-malware-response,0.932,127.4,FALSE,,,,,,,,46d6ce0d-3344-4d3d-9a56-2bea1c65c383,,2026-03-27T13:07:19.219810Z,,,,,,,,,,,
eada804f-8ccc-4a70-beee-298d2d08cbc0,2026-03-27T13:07:04.934172+00:00,inference,playbook_selector,1.0.0,detection,DET-139975,cust-acme-corp-002,0.875,pb-brute-force-block,0.737,111.6,FALSE,,,,,,,,5477701c-c200-4f2f-a7df-540a209eaaa9,,2026-03-27T13:07:04.934123Z,,,,,,,,,,,
a8d33a50-aac0-46a7-bcf6-08051390bbca,2026-03-27T13:07:04.599706+00:00,inference,playbook_selector,1.0.0,detection,DET-139974,cust-globex-003,0.546,pb-brute-force-block,0.685,63.4,FALSE,,,,,,,,76aba03d-5175-49a3-b620-76acf1e2e148,,2026-03-27T13:07:04.599655Z,,,,,,,,,,,
c458bdfd-3336-4ab0-9764-68ed65dd97fa,2026-03-27T13:07:04.299031+00:00,inference,playbook_selector,1.0.0,detection,DET-139973,cust-tekstream-001,0.511,pb-ransomware-containment,0.703,142.6,FALSE,,,,,,,,0ff61994-7b9b-435d-854e-7145cec06fea,,2026-03-27T13:07:04.298980Z,,,,,,,,,,,
af1bfa39-a426-4bac-b1cf-e36c6493a495,2026-03-27T13:06:34.272814+00:00,inference,playbook_selector,1.0.0,detection,DET-139968,cust-tekstream-001,0.941,pb-data-exfil-investigate,0.796,146.3,FALSE,,,,,,,,aecc1603-420c-4df0-b272-c6b7f32b400d,,2026-03-27T13:06:34.272765Z,,,,,,,,,,,
10b5c7ad-a3cc-4f64-abdd-c1b062e349a2,2026-03-27T13:06:19.931592+00:00,inference,playbook_selector,1.0.0,detection,DET-139967,cust-acme-corp-002,0.51,pb-brute-force-block,0.853,145.1,FALSE,,,,,,,,1c8f6f27-1ac7-4c16-ae68-3e6b0ac6e4e5,,2026-03-27T13:06:19.931524Z,,,,,,,,,,,
a32cc31f-1cde-4bd7-adc0-93959577448c,2026-03-27T13:06:19.682368+00:00,inference,playbook_selector,1.0.0,detection,DET-139966,cust-globex-003,0.567,pb-ransomware-containment,0.627,160.4,FALSE,,,,,,,,c290e5ae-cc23-493e-b17c-ed6f474d0a73,,2026-03-27T13:06:19.682320Z,,,,,,,,,,,
efe04280-f296-473d-a518-be0d91b4a14f,2026-03-27T13:06:05.418248+00:00,inference,playbook_selector,1.0.0,detection,DET-139963,cust-tekstream-001,0.878,pb-ransomware-containment,0.973,199.2,FALSE,,,,,,,,8f95149d-9e1f-48cd-9b66-3408fdc1e55f,,2026-03-27T13:06:05.418196Z,,,,,,,,,,,
05a0a75c-9800-41e5-9929-b9bb4c025852,2026-03-27T13:06:04.759728+00:00,inference,playbook_selector,1.0.0,detection,DET-139962,cust-acme-corp-002,0.923,pb-data-exfil-investigate,0.71,137.2,FALSE,,,,,,,,2023ad22-924f-40d4-b05a-4df403819dda,,2026-03-27T13:06:04.759590Z,,,,,,,,,,,
ff93bac9-1933-4a19-8d1b-d9e9db803074,2026-03-27T13:06:04.375800+00:00,inference,playbook_selector,1.0.0,detection,DET-139961,cust-globex-003,0.753,pb-ransomware-containment,0.62,36.6,TRUE,,,,,,,,9502d98b-ebb2-4467-b74a-b64749f96ac7,,2026-03-27T13:06:04.375744Z,,,,,,,,,,,
a2f2d131-41f7-4f05-946c-0c9f0e277837,2026-03-27T13:05:34.176879+00:00,inference,playbook_selector,1.0.0,detection,DET-139956,cust-acme-corp-002,0.666,pb-ransomware-containment,0.793,109.5,FALSE,,,,,,,,c12bf620-b5af-4377-b3d6-a4bc0f5e5d7e,,2026-03-27T13:05:34.176824Z,,,,,,,,,,,
dc5ab2e4-0f9e-43a9-9efc-4c13583a8053,2026-03-27T13:05:19.242685+00:00,inference,playbook_selector,1.0.0,detection,DET-139955,cust-globex-003,0.733,pb-brute-force-block,0.828,125.6,FALSE,,,,,,,,8560da12-a86c-481f-abc8-c5ec706e4d0e,,2026-03-27T13:05:19.242636Z,,,,,,,,,,,
6a43b90c-39b5-443e-9272-77763ba9ec84,2026-03-27T13:05:05.091687+00:00,inference,playbook_selector,1.0.0,detection,DET-139953,cust-tekstream-001,0.632,pb-malware-response,0.919,113.4,FALSE,,,,,,,,7374d659-ed5a-41a4-97a8-6600e4ed1b4e,,2026-03-27T13:05:05.091638Z,,,,,,,,,,,
a33a1aa0-e415-4d80-809c-3b2237b203fd,2026-03-27T13:05:04.611393+00:00,inference,playbook_selector,1.0.0,detection,DET-139952,cust-tekstream-001,0.823,pb-brute-force-block,0.646,184.2,FALSE,,,,,,,,9370afe7-5da1-4454-ac1a-2254bf1c1ea9,,2026-03-27T13:05:04.611336Z,,,,,,,,,,,
18e73e67-d3b7-4a03-95f2-bb164d1faeba,2026-03-27T13:05:04.172174+00:00,inference,playbook_selector,1.0.0,detection,DET-139951,cust-acme-corp-002,0.903,pb-phishing-triage,0.515,150,FALSE,,,,,,,,decef5be-4dc2-497d-9b94-b74c6e9f43b7,,2026-03-27T13:05:04.172118Z,,,,,,,,,,,
82443a60-39a4-406e-94ff-f534c15c4b4a,2026-03-27T13:04:49.815387+00:00,inference,playbook_selector,1.0.0,detection,DET-139950,cust-acme-corp-002,0.585,pb-brute-force-block,0.567,23.8,FALSE,,,,,,,,fbc97b6c-4e8e-43c0-8a37-fab168b254fa,,2026-03-27T13:04:49.815336Z,,,,,,,,,,,
4c4e0cd0-4f20-4a9b-83f8-af01aa8af82a,2026-03-27T13:04:49.493065+00:00,inference,playbook_selector,1.0.0,detection,DET-139949,cust-tekstream-001,0.634,pb-lateral-movement,0.889,134.8,FALSE,,,,,,,,6f342b60-d800-4a6d-8ab8-7678d044fd8f,,2026-03-27T13:04:49.493013Z,,,,,,,,,,,
2085a30c-ea98-41e9-9aa9-ab088150636e,2026-03-27T13:04:49.203790+00:00,inference,playbook_selector,1.0.0,detection,DET-139948,cust-acme-corp-002,0.867,pb-brute-force-block,0.962,183.8,FALSE,,,,,,,,43f35981-738c-42ff-bf75-dd131ecb47d6,,2026-03-27T13:04:49.203735Z,,,,,,,,,,,
681372cd-9fd5-4d12-b3cd-7e883f118f89,2026-03-27T13:04:35.074468+00:00,inference,playbook_selector,1.0.0,detection,DET-139947,cust-globex-003,0.811,pb-malware-response,0.644,75,FALSE,,,,,,,,e8e92d33-8745-4d11-ad10-23efef5a40af,,2026-03-27T13:04:35.074401Z,,,,,,,,,,,
f9f67691-d8c7-42bc-a582-45f474c5b85a,2026-03-27T13:04:34.565907+00:00,inference,playbook_selector,1.0.0,detection,DET-139946,cust-globex-003,0.551,pb-malware-response,0.707,71.8,TRUE,,,,,,,,636f15cc-784c-4c0b-bd1d-1bb1191cb083,,2026-03-27T13:04:34.565857Z,,,,,,,,,,,
95259fd4-8753-4962-a938-7b5a751b4e3b,2026-03-27T13:04:20.019782+00:00,inference,playbook_selector,1.0.0,detection,DET-139943,cust-acme-corp-002,0.828,pb-ransomware-containment,0.827,158.9,FALSE,,,,,,,,1fd55d6f-7475-40cc-886e-58482c7a0afb,,2026-03-27T13:04:20.019731Z,,,,,,,,,,,
f66b3136-7200-4b93-99fa-c6745a5168bc,2026-03-27T13:04:19.635920+00:00,inference,playbook_selector,1.0.0,detection,DET-139942,cust-globex-003,0.844,pb-phishing-triage,0.581,135.3,TRUE,,,,,,,,917abcab-50f3-4952-aec9-0624715ad627,,2026-03-27T13:04:19.635870Z,,,,,,,,,,,
a2b2c7dd-4952-460c-86c0-da3bc5380924,2026-03-27T13:03:19.416749+00:00,inference,playbook_selector,1.0.0,detection,DET-139936,cust-globex-003,0.557,pb-ransomware-containment,0.536,92.2,FALSE,,,,,,,,1e52f5fc-2dda-45f5-9c00-7143e790e11d,,2026-03-27T13:03:19.416697Z,,,,,,,,,,,
3050b5a6-b216-4f34-97de-ad66468f6c74,2026-03-27T13:03:19.054248+00:00,inference,playbook_selector,1.0.0,detection,DET-139935,cust-acme-corp-002,0.859,pb-lateral-movement,0.874,114.9,FALSE,,,,,,,,743e5cde-2ba2-40ff-b9c0-b7b657f3045b,,2026-03-27T13:03:19.054195Z,,,,,,,,,,,
23fc796d-60b8-4c9d-9386-aa2d9d40eb48,2026-03-27T13:03:04.788975+00:00,inference,playbook_selector,1.0.0,detection,DET-139934,cust-acme-corp-002,0.514,pb-malware-response,0.942,104,FALSE,,,,,,,,ffed31c9-caf8-4f08-bb11-dd12eab33244,,2026-03-27T13:03:04.788924Z,,,,,,,,,,,
5688dd8c-3702-4c81-a266-44d229ebca57,2026-03-27T13:02:49.979340+00:00,inference,playbook_selector,1.0.0,detection,DET-139931,cust-tekstream-001,0.843,pb-ransomware-containment,0.733,175.5,FALSE,,,,,,,,8cc455a6-b51d-464a-8d97-74946248232c,,2026-03-27T13:02:49.979289Z,,,,,,,,,,,
4898fde5-a3e7-42de-9356-6310b7fc6519,2026-03-27T13:02:49.468270+00:00,inference,playbook_selector,1.0.0,detection,DET-139930,cust-tekstream-001,0.528,pb-data-exfil-investigate,0.545,104.2,FALSE,,,,,,,,d31c6516-ef22-4f66-b98c-03844faa1d11,,2026-03-27T13:02:49.468218Z,,,,,,,,,,,
54266d71-d94e-4273-b348-d7b589c7ad4b,2026-03-27T13:02:49.035753+00:00,inference,playbook_selector,1.0.0,detection,DET-139929,cust-acme-corp-002,0.894,pb-brute-force-block,0.576,193.2,TRUE,,,,,,,,a048b724-362d-4e0e-a811-a9d71db7d258,,2026-03-27T13:02:49.035704Z,,,,,,,,,,,
b141a3fc-c3ba-4c98-bf20-88f8449eb96a,2026-03-27T13:02:34.623850+00:00,inference,playbook_selector,1.0.0,detection,DET-139927,cust-globex-003,0.671,pb-ransomware-containment,0.849,70.6,FALSE,,,,,,,,42b2ed8e-1ea1-40be-822e-217e36575790,,2026-03-27T13:02:34.623799Z,,,,,,,,,,,
5a97667a-3c64-4605-86ed-52e7af3567da,2026-03-27T13:02:20.103229+00:00,inference,playbook_selector,1.0.0,detection,DET-139924,cust-tekstream-001,0.602,pb-brute-force-block,0.582,79.7,FALSE,,,,,,,,40f870ac-1280-4fa3-a5ec-6aa6d0b64fb5,,2026-03-27T13:02:20.103175Z,,,,,,,,,,,
fe2a37f7-afc6-44cb-9bb3-eb2da44f419c,2026-03-27T13:02:19.751796+00:00,inference,playbook_selector,1.0.0,detection,DET-139923,cust-tekstream-001,0.699,pb-malware-response,0.567,134.9,FALSE,,,,,,,,817c3dce-4e34-4755-bf11-8c13a3a5fb2f,,2026-03-27T13:02:19.751747Z,,,,,,,,,,,
962bd5b1-1a5b-4db3-9b5f-65f552845c72,2026-03-27T13:02:19.114191+00:00,inference,playbook_selector,1.0.0,detection,DET-139922,cust-acme-corp-002,0.953,pb-brute-force-block,0.6,168.3,TRUE,,,,,,,,04ae3741-a4fc-4554-b2ea-1061b887c27f,,2026-03-27T13:02:19.114140Z,,,,,,,,,,,
1a3d07a2-ee7c-4705-bf8c-00454f83283c,2026-03-27T13:02:04.839408+00:00,inference,playbook_selector,1.0.0,detection,DET-139920,cust-acme-corp-002,0.587,pb-data-exfil-investigate,0.697,26.3,FALSE,,,,,,,,3e26d89c-3683-4133-a02c-e7f972737863,,2026-03-27T13:02:04.839356Z,,,,,,,,,,,
1b180da3-5f15-4ca8-8e91-d512258ab108,2026-03-27T13:01:49.171089+00:00,inference,playbook_selector,1.0.0,detection,DET-139916,cust-globex-003,0.745,pb-ransomware-containment,0.607,105.4,FALSE,,,,,,,,b9fe4e77-0d66-4d13-a9c8-6a76a72e95f6,,2026-03-27T13:01:49.171039Z,,,,,,,,,,,
66837547-b023-40ec-876c-82ef8561da7b,2026-03-27T13:01:19.416163+00:00,inference,playbook_selector,1.0.0,detection,DET-139914,cust-acme-corp-002,0.739,pb-malware-response,0.897,116.2,FALSE,,,,,,,,9843f519-6c75-4c22-846f-0c2663d1c9f6,,2026-03-27T13:01:19.416113Z,,,,,,,,,,,
5732f277-a42e-499e-90e1-b8f04bc3c267,2026-03-27T13:01:04.386872+00:00,inference,playbook_selector,1.0.0,detection,DET-139911,cust-tekstream-001,0.854,pb-lateral-movement,0.595,12.5,FALSE,,,,,,,,a45435ee-c20f-4daa-98f5-cf6ca79ed8f3,,2026-03-27T13:01:04.386818Z,,,,,,,,,,,
50dc2b72-9ce9-4f38-b46b-ba94392b18e5,2026-03-27T13:01:04.133339+00:00,inference,playbook_selector,1.0.0,detection,DET-139910,cust-acme-corp-002,0.708,pb-lateral-movement,0.549,149.9,FALSE,,,,,,,,4ca85b1a-7147-4306-8338-5ade2d1840d5,,2026-03-27T13:01:04.133287Z,,,,,,,,,,,
513242ca-98c7-4d10-bd72-8966b38fe71f,2026-03-27T13:00:49.371750+00:00,inference,playbook_selector,1.0.0,detection,DET-139907,cust-acme-corp-002,0.972,pb-lateral-movement,0.825,158.7,FALSE,,,,,,,,65c94833-ecaa-4356-a0a2-452406407574,,2026-03-27T13:00:49.371698Z,,,,,,,,,,,
e6414d2c-d16c-45a3-ad8a-139cc74ffccb,2026-03-27T13:00:49.022167+00:00,inference,playbook_selector,1.0.0,detection,DET-139906,cust-globex-003,0.594,pb-brute-force-block,0.894,58.5,TRUE,,,,,,,,1494e39d-9252-4925-8fdb-8c3d98def8ec,,2026-03-27T13:00:49.022116Z,,,,,,,,,,,
a280c83f-d38f-41d9-bd08-b9312dad6562,2026-03-27T13:00:34.744071+00:00,inference,playbook_selector,1.0.0,detection,DET-139905,cust-globex-003,0.705,pb-phishing-triage,0.868,60.7,FALSE,,,,,,,,54fbd369-c321-4d39-a4da-9649ee9c322c,,2026-03-27T13:00:34.744021Z,,,,,,,,,,,
4b194e74-4d20-4592-9afc-92e7bf7dfe7b,2026-03-27T13:00:20.358886+00:00,inference,playbook_selector,1.0.0,detection,DET-139902,cust-globex-003,0.84,pb-brute-force-block,0.9,109.5,FALSE,,,,,,,,0b142054-f851-4d69-aab1-2348a35ab4f5,,2026-03-27T13:00:20.358834Z,,,,,,,,,,,
672929c7-57b1-4f73-8104-eebe3aa8ab78,2026-03-27T13:00:19.979264+00:00,inference,playbook_selector,1.0.0,detection,DET-139901,cust-acme-corp-002,0.907,pb-phishing-triage,0.629,31.1,FALSE,,,,,,,,5bd2fc32-1d0e-467f-a774-2d8c28715db2,,2026-03-27T13:00:19.979210Z,,,,,,,,,,,
2e17f344-8b97-4fb1-b9fa-799edd787d20,2026-03-27T13:00:19.268153+00:00,inference,playbook_selector,1.0.0,detection,DET-139899,cust-globex-003,0.834,pb-ransomware-containment,0.578,31.9,FALSE,,,,,,,,ddbac60b-12e0-41a3-bae2-398083a1f532,,2026-03-27T13:00:19.268102Z,,,,,,,,,,,
b7d4e74a-6114-4491-8a0c-6bab683e84df,2026-03-27T13:00:04.733889+00:00,inference,playbook_selector,1.0.0,detection,DET-139897,cust-globex-003,0.772,pb-lateral-movement,0.924,108,FALSE,,,,,,,,38c76fd7-c55f-4ea7-832f-71895ef314ed,,2026-03-27T13:00:04.733838Z,,,,,,,,,,,
97cc56b8-a4fe-4c71-8767-b8dfadee9e15,2026-03-27T12:59:49.079398+00:00,inference,playbook_selector,1.0.0,detection,DET-139895,cust-acme-corp-002,0.571,pb-malware-response,0.549,64.4,FALSE,,,,,,,,bc789039-89bc-48d6-97ea-a79f3306e8cb,,2026-03-27T12:59:49.079349Z,,,,,,,,,,,
d1c49b52-07a6-4442-bb7e-9e7c95dc41a1,2026-03-27T12:59:35.262670+00:00,inference,playbook_selector,1.0.0,detection,DET-139894,cust-acme-corp-002,0.554,pb-lateral-movement,0.846,26.5,FALSE,,,,,,,,6cb5ba5a-3ba8-4bc0-8faf-9b8deece34d8,,2026-03-27T12:59:35.262611Z,,,,,,,,,,,
3746380c-401d-4673-9a27-e61abe3936fe,2026-03-27T12:59:34.448198+00:00,inference,playbook_selector,1.0.0,detection,DET-139893,cust-globex-003,0.553,pb-ransomware-containment,0.6,93.2,FALSE,,,,,,,,5c26b626-8880-4b4d-ba9e-ab55e7b3cd1c,,2026-03-27T12:59:34.448146Z,,,,,,,,,,,
35f1534f-66e0-472f-8a16-b7fbdebc1c3e,2026-03-27T12:59:19.505378+00:00,inference,playbook_selector,1.0.0,detection,DET-139890,cust-globex-003,0.866,pb-malware-response,0.75,122.5,FALSE,,,,,,,,8fe4b7a5-64ea-437a-8088-c2f328487834,,2026-03-27T12:59:19.505326Z,,,,,,,,,,,
b3cb935b-398f-4f4a-8537-56753e504496,2026-03-27T12:59:19.278119+00:00,inference,playbook_selector,1.0.0,detection,DET-139889,cust-globex-003,0.726,pb-ransomware-containment,0.619,151.8,FALSE,,,,,,,,db30aec2-9373-4d60-9291-7c9abb40023f,,2026-03-27T12:59:19.278065Z,,,,,,,,,,,
a06e54cb-342a-440a-9d5b-efdb79bff160,2026-03-27T12:59:04.882404+00:00,inference,playbook_selector,1.0.0,detection,DET-139888,cust-globex-003,0.849,pb-data-exfil-investigate,0.609,32,FALSE,,,,,,,,af3d3fa3-6727-4c00-bf23-6a2e50502954,,2026-03-27T12:59:04.882354Z,,,,,,,,,,,
3390d969-6646-458d-9a96-a220027b6740,2026-03-27T12:59:04.160964+00:00,inference,playbook_selector,1.0.0,detection,DET-139886,cust-globex-003,0.641,pb-phishing-triage,0.876,14,TRUE,,,,,,,,1daf6ffc-2702-440f-8557-ba96276fcbe6,,2026-03-27T12:59:04.160913Z,,,,,,,,,,,
c4ce410b-84b4-48a4-8df3-4a6865bbcc6b,2026-03-27T12:58:50.199684+00:00,inference,playbook_selector,1.0.0,detection,DET-139885,cust-tekstream-001,0.576,pb-brute-force-block,0.812,40.6,FALSE,,,,,,,,e0aefd8b-3796-463f-a920-bdbb876fd81a,,2026-03-27T12:58:50.199628Z,,,,,,,,,,,
73821e71-ceeb-408a-99b0-3f9db5c180b1,2026-03-27T12:58:49.733799+00:00,inference,playbook_selector,1.0.0,detection,DET-139883,cust-acme-corp-002,0.785,pb-ransomware-containment,0.892,125.1,TRUE,,,,,,,,9e81a527-05b2-4997-bfad-3a1deccf20b9,,2026-03-27T12:58:49.733746Z,,,,,,,,,,,
526d3857-ebfc-49ac-85cd-a9e887eb631b,2026-03-27T12:58:49.020827+00:00,inference,playbook_selector,1.0.0,detection,DET-139882,cust-globex-003,0.875,pb-data-exfil-investigate,0.592,51.7,TRUE,,,,,,,,c287de9b-2633-4677-b947-de58465aab73,,2026-03-27T12:58:49.020776Z,,,,,,,,,,,
a702fb8f-2e4c-489a-8d53-46f19399a2d6,2026-03-27T12:58:35.101961+00:00,inference,playbook_selector,1.0.0,detection,DET-139880,cust-globex-003,0.891,pb-brute-force-block,0.657,175.9,FALSE,,,,,,,,661d0c4b-b28a-41a2-820f-24b17c9c54ad,,2026-03-27T12:58:35.101908Z,,,,,,,,,,,
f3eb2680-825b-46d9-9ea4-8360c2f0887e,2026-03-27T12:58:34.611613+00:00,inference,playbook_selector,1.0.0,detection,DET-139879,cust-acme-corp-002,0.951,pb-malware-response,0.665,16.1,FALSE,,,,,,,,e81d13a7-8d35-47d7-bb03-721e5d34b9c4,,2026-03-27T12:58:34.611544Z,,,,,,,,,,,
12dd91da-3627-4d48-aa08-01cd6e51b3dd,2026-03-27T12:58:19.826579+00:00,inference,playbook_selector,1.0.0,detection,DET-139877,cust-acme-corp-002,0.569,pb-ransomware-containment,0.853,85.4,TRUE,,,,,,,,d83bdda5-1fe7-401a-a78f-8cdbe3276b89,,2026-03-27T12:58:19.826524Z,,,,,,,,,,,
db840bb5-5af0-4929-b66a-20575497d45f,2026-03-27T12:58:04.182159+00:00,inference,playbook_selector,1.0.0,detection,DET-139873,cust-tekstream-001,0.937,pb-lateral-movement,0.555,94.8,FALSE,,,,,,,,1dc24743-8ec4-40d7-a6a0-d6992b3b8852,,2026-03-27T12:58:04.182109Z,,,,,,,,,,,
664ea710-35b0-46c7-ab72-77f444c562a4,2026-03-27T12:57:49.022859+00:00,inference,playbook_selector,1.0.0,detection,DET-139872,cust-acme-corp-002,0.771,pb-malware-response,0.958,68.4,FALSE,,,,,,,,ce674b5a-bd47-472c-90d4-4c0a45d48c28,,2026-03-27T12:57:49.022808Z,,,,,,,,,,,
6fc9e29c-869d-4621-ac78-f85e6fb69690,2026-03-27T12:57:35.271590+00:00,inference,playbook_selector,1.0.0,detection,DET-139871,cust-acme-corp-002,0.613,pb-phishing-triage,0.746,148.6,FALSE,,,,,,,,f26a94bf-b7ec-47f6-9b11-60a92a93d648,,2026-03-27T12:57:35.271539Z,,,,,,,,,,,
85e0cef0-77da-430b-b656-5690753dbc02,2026-03-27T12:57:34.813028+00:00,inference,playbook_selector,1.0.0,detection,DET-139870,cust-globex-003,0.942,pb-malware-response,0.755,35.9,FALSE,,,,,,,,af524594-05ad-40e4-ac8f-c20101f4b302,,2026-03-27T12:57:34.812978Z,,,,,,,,,,,
ff663304-be46-4fa0-aee8-88876ca0636c,2026-03-27T12:57:34.092681+00:00,inference,playbook_selector,1.0.0,detection,DET-139868,cust-globex-003,0.579,pb-lateral-movement,0.587,52.3,TRUE,,,,,,,,e962a223-9516-42bb-a7fb-cfc7ef4a1cdd,,2026-03-27T12:57:34.092626Z,,,,,,,,,,,
c794a475-1fc4-4f05-a598-3bf86e0c4c0c,2026-03-27T12:57:19.329188+00:00,inference,playbook_selector,1.0.0,detection,DET-139866,cust-acme-corp-002,0.537,pb-phishing-triage,0.93,54.8,FALSE,,,,,,,,1ad90811-5720-4c58-8053-18ddfb403633,,2026-03-27T12:57:19.329137Z,,,,,,,,,,,
5dba8087-7d42-47dc-be27-cd30bbe234f2,2026-03-27T12:56:49.589827+00:00,inference,playbook_selector,1.0.0,detection,DET-139864,cust-globex-003,0.879,pb-malware-response,0.535,61.4,FALSE,,,,,,,,c22f84e7-c396-40e8-9831-56dfdaf7b9f2,,2026-03-27T12:56:49.589772Z,,,,,,,,,,,
1a35609e-e72c-4bc2-a088-f970d5a646e1,2026-03-27T12:56:49.047235+00:00,inference,playbook_selector,1.0.0,detection,DET-139863,cust-globex-003,0.521,pb-brute-force-block,0.759,79.4,FALSE,,,,,,,,bb527ccb-db03-4f41-b058-a3d88679b2fc,,2026-03-27T12:56:49.047185Z,,,,,,,,,,,
56dc0728-9643-47f7-b6ea-e1a9caa08db6,2026-03-27T12:56:34.883234+00:00,inference,playbook_selector,1.0.0,detection,DET-139862,cust-globex-003,0.831,pb-data-exfil-investigate,0.979,97.3,TRUE,,,,,,,,f696892c-04ed-4b63-9090-07bb241daddc,,2026-03-27T12:56:34.883184Z,,,,,,,,,,,
2c5c9b1f-ccfb-4028-9d58-2027be5ad460,2026-03-27T12:56:34.164796+00:00,inference,playbook_selector,1.0.0,detection,DET-139860,cust-acme-corp-002,0.646,pb-malware-response,0.735,66.9,FALSE,,,,,,,,e0ffd661-11f1-429a-b04e-24b16b359d24,,2026-03-27T12:56:34.164745Z,,,,,,,,,,,
bd6a8a24-de43-4f07-a033-264a96bd3dab,2026-03-27T12:56:19.071005+00:00,inference,playbook_selector,1.0.0,detection,DET-139859,cust-globex-003,0.85,pb-lateral-movement,0.819,152.8,FALSE,,,,,,,,75caf7bb-1a61-4f91-94b3-c15b266a875a,,2026-03-27T12:56:19.070953Z,,,,,,,,,,,
0827febe-f62b-41d3-abcc-e66fe21de9d8,2026-03-27T12:55:34.549367+00:00,inference,playbook_selector,1.0.0,detection,DET-139854,cust-globex-003,0.826,pb-ransomware-containment,0.697,116.7,FALSE,,,,,,,,b1eca14e-f089-44db-b601-f1723ea416a7,,2026-03-27T12:55:34.549316Z,,,,,,,,,,,
2a5cf643-7129-42af-a7e7-57921760662f,2026-03-27T12:55:20.516658+00:00,inference,playbook_selector,1.0.0,detection,DET-139852,cust-tekstream-001,0.628,pb-malware-response,0.982,178.9,FALSE,,,,,,,,b575495e-7a88-49b7-8881-236f2e5b0cf9,,2026-03-27T12:55:20.516601Z,,,,,,,,,,,
50eb4ffa-ca1c-4af5-bf92-b2580ab247ea,2026-03-27T12:55:19.827228+00:00,inference,playbook_selector,1.0.0,detection,DET-139851,cust-acme-corp-002,0.851,pb-brute-force-block,0.763,15.2,FALSE,,,,,,,,46c27012-d4e4-4b20-bc99-dda3f850986f,,2026-03-27T12:55:19.827177Z,,,,,,,,,,,
a9a3a1ea-e40a-48b2-adcb-c131d1bc9d19,2026-03-27T12:55:05.341849+00:00,inference,playbook_selector,1.0.0,detection,DET-139848,cust-acme-corp-002,0.518,pb-lateral-movement,0.979,60.1,FALSE,,,,,,,,deabfceb-d074-4f0f-b335-354536b08caa,,2026-03-27T12:55:05.341799Z,,,,,,,,,,,
de5fdb60-65f6-4d78-a7b6-94a0db0ee533,2026-03-27T12:55:04.046940+00:00,inference,playbook_selector,1.0.0,detection,DET-139845,cust-tekstream-001,0.91,pb-malware-response,0.623,123.8,FALSE,,,,,,,,0bae5570-0d21-4fbd-82ad-78c43e99b7fd,,2026-03-27T12:55:04.046886Z,,,,,,,,,,,
baa9cd8d-7f1a-4579-90f0-e3591612fc98,2026-03-27T12:54:50.671524+00:00,inference,playbook_selector,1.0.0,detection,DET-139844,cust-acme-corp-002,0.523,pb-brute-force-block,0.943,145.4,FALSE,,,,,,,,f2c4863a-1186-4774-a2af-96800f60bb9a,,2026-03-27T12:54:50.671474Z,,,,,,,,,,,
41dece88-cbcc-4f9c-9834-71a645d223c5,2026-03-27T12:54:50.214210+00:00,inference,playbook_selector,1.0.0,detection,DET-139843,cust-acme-corp-002,0.897,pb-lateral-movement,0.84,82.1,TRUE,,,,,,,,ef2e11c3-aa42-408e-b3f9-809b9c0c2ecb,,2026-03-27T12:54:50.214158Z,,,,,,,,,,,
08e1999c-3cd1-4dbe-8c30-1cfac49096bf,2026-03-27T12:54:49.735858+00:00,inference,playbook_selector,1.0.0,detection,DET-139842,cust-acme-corp-002,0.697,pb-phishing-triage,0.545,68.4,FALSE,,,,,,,,49f0a532-2843-4c3b-bf2d-480d7234bdb3,,2026-03-27T12:54:49.735807Z,,,,,,,,,,,
63b0a426-9e11-4f56-94fd-e0abf931ae2c,2026-03-27T12:54:49.349332+00:00,inference,playbook_selector,1.0.0,detection,DET-139841,cust-globex-003,0.743,pb-malware-response,0.623,65,FALSE,,,,,,,,fa130102-480b-41a6-a41f-946dd337dd55,,2026-03-27T12:54:49.349282Z,,,,,,,,,,,
0b85a511-1536-4241-99c3-13574914115b,2026-03-27T12:54:35.428563+00:00,inference,playbook_selector,1.0.0,detection,DET-139840,cust-acme-corp-002,0.779,pb-data-exfil-investigate,0.74,35.7,FALSE,,,,,,,,d726824b-9b82-4a16-9b5e-44222461c966,,2026-03-27T12:54:35.428507Z,,,,,,,,,,,
98ba3934-723c-421a-a427-ab319e28eb8c,2026-03-27T12:54:35.082419+00:00,inference,playbook_selector,1.0.0,detection,DET-139839,cust-globex-003,0.672,pb-brute-force-block,0.905,32.3,FALSE,,,,,,,,9f5ec2b2-f223-4ce3-8c77-8e10462ccfe6,,2026-03-27T12:54:35.082370Z,,,,,,,,,,,
29fbd853-26e4-48e9-9a61-34dad196acad,2026-03-27T12:54:34.776239+00:00,inference,playbook_selector,1.0.0,detection,DET-139838,cust-tekstream-001,0.974,pb-malware-response,0.989,32.1,FALSE,,,,,,,,298e1578-8279-4115-9ecd-031926a7fd15,,2026-03-27T12:54:34.776187Z,,,,,,,,,,,
933ab15b-00b7-4c08-8241-0e5dc1f670a0,2026-03-27T12:54:19.160274+00:00,inference,playbook_selector,1.0.0,detection,DET-139836,cust-globex-003,0.808,pb-data-exfil-investigate,0.801,127.9,FALSE,,,,,,,,d0290363-9983-471c-bafa-adde6ccc6a1f,,2026-03-27T12:54:19.160222Z,,,,,,,,,,,
51f30695-94fc-4ad7-be5d-87dc4f7e7008,2026-03-27T12:54:05.050553+00:00,inference,playbook_selector,1.0.0,detection,DET-139835,cust-acme-corp-002,0.567,pb-malware-response,0.794,27.7,FALSE,,,,,,,,e89ff04a-dc03-4ad6-b8b9-bf5e3ee07237,,2026-03-27T12:54:05.050501Z,,,,,,,,,,,
c633394c-bdaa-4ae6-9eac-0842ef3649be,2026-03-27T12:54:04.407708+00:00,inference,playbook_selector,1.0.0,detection,DET-139834,cust-globex-003,0.937,pb-brute-force-block,0.58,131.9,FALSE,,,,,,,,ac75cfa6-dae8-4fd4-be21-f6e854fcd11e,,2026-03-27T12:54:04.407656Z,,,,,,,,,,,
50bc5e3d-de58-44f1-86b6-a94689f4ebe4,2026-03-27T12:54:04.222378+00:00,inference,playbook_selector,1.0.0,detection,DET-139833,cust-tekstream-001,0.934,pb-malware-response,0.923,10.2,TRUE,,,,,,,,6e8c92b1-86fc-40b5-8332-c836e4907e1d,,2026-03-27T12:54:04.222322Z,,,,,,,,,,,
17f6ea30-a51e-43af-a799-1bde375d4e72,2026-03-27T12:53:50.097848+00:00,inference,playbook_selector,1.0.0,detection,DET-139832,cust-globex-003,0.629,pb-data-exfil-investigate,0.71,69.2,TRUE,,,,,,,,48e6873f-2ecb-4a4c-9e20-5384c826e1a0,,2026-03-27T12:53:50.097796Z,,,,,,,,,,,
3f540575-678f-46a7-9292-8376cd023e18,2026-03-27T12:53:49.579483+00:00,inference,playbook_selector,1.0.0,detection,DET-139831,cust-tekstream-001,0.544,pb-malware-response,0.739,72.3,FALSE,,,,,,,,b6d6058b-0e78-4401-9d06-53e7af90b8b3,,2026-03-27T12:53:49.579431Z,,,,,,,,,,,
c8cb371d-67cf-4fe9-b408-6ca80de25a0d,2026-03-27T12:53:49.176058+00:00,inference,playbook_selector,1.0.0,detection,DET-139830,cust-acme-corp-002,0.615,pb-phishing-triage,0.543,44.8,TRUE,,,,,,,,37dc0d56-4d9c-4f8d-9670-748df49f9fcd,,2026-03-27T12:53:49.176005Z,,,,,,,,,,,
b521e604-3cbe-4ce3-b963-f945d9bc6cea,2026-03-27T12:53:35.118968+00:00,inference,playbook_selector,1.0.0,detection,DET-139829,cust-globex-003,0.951,pb-phishing-triage,0.518,61.6,FALSE,,,,,,,,d7ad5166-eff1-412e-ac01-0c5c1f103782,,2026-03-27T12:53:35.118909Z,,,,,,,,,,,
92a34bb1-d11d-4926-ad08-7b2f33b24356,2026-03-27T12:53:34.878262+00:00,inference,playbook_selector,1.0.0,detection,DET-139828,cust-acme-corp-002,0.752,pb-brute-force-block,0.736,130.1,FALSE,,,,,,,,de5d38f7-70f9-453a-bdcd-a49b0dbf34b6,,2026-03-27T12:53:34.878211Z,,,,,,,,,,,
b3ecd85e-cbd0-4943-ba63-f70b5559fcca,2026-03-27T12:53:34.468544+00:00,inference,playbook_selector,1.0.0,detection,DET-139827,cust-acme-corp-002,0.659,pb-malware-response,0.888,133,FALSE,,,,,,,,423789c4-adbf-4a37-ac17-462599282844,,2026-03-27T12:53:34.468488Z,,,,,,,,,,,
e6a735de-1d1b-4ff9-85b7-b8f4d5d6b317,2026-03-27T12:53:19.177956+00:00,inference,playbook_selector,1.0.0,detection,DET-139825,cust-acme-corp-002,0.507,pb-ransomware-containment,0.756,154.2,FALSE,,,,,,,,c1612560-8c0a-434a-85d0-55dba36f488d,,2026-03-27T12:53:19.177904Z,,,,,,,,,,,
ceae7b8a-cacf-4530-a5b1-6c979a334578,2026-03-27T12:52:49.473720+00:00,inference,playbook_selector,1.0.0,detection,DET-139823,cust-tekstream-001,0.519,pb-lateral-movement,0.943,7.3,FALSE,,,,,,,,775bdd7e-e791-4601-809e-10af038b5e77,,2026-03-27T12:52:49.473648Z,,,,,,,,,,,
da1bf063-5b12-496b-8e10-69d210e8d902,2026-03-27T12:52:34.245625+00:00,inference,playbook_selector,1.0.0,detection,DET-139821,cust-globex-003,0.863,pb-brute-force-block,0.918,140.9,FALSE,,,,,,,,9f169795-74ae-408b-8124-bc7a9e451e78,,2026-03-27T12:52:34.245572Z,,,,,,,,,,,
33ce7f9c-66fa-4d03-942e-19fb9ad43054,2026-03-27T12:52:19.180995+00:00,inference,playbook_selector,1.0.0,detection,DET-139820,cust-tekstream-001,0.521,pb-malware-response,0.608,145.2,FALSE,,,,,,,,86bb1012-27c9-46a7-8ff8-f6bb886656b2,,2026-03-27T12:52:19.180930Z,,,,,,,,,,,
a4dc6993-ac80-41b2-9cae-d4f33b9701f5,2026-03-27T12:52:04.577866+00:00,inference,playbook_selector,1.0.0,detection,DET-139818,cust-acme-corp-002,0.698,pb-brute-force-block,0.522,11.3,FALSE,,,,,,,,ab464669-3bde-423a-aa23-63b8d282fedc,,2026-03-27T12:52:04.577814Z,,,,,,,,,,,
92d1a052-c844-436d-96ad-cb9aca510d90,2026-03-27T12:52:04.317018+00:00,inference,playbook_selector,1.0.0,detection,DET-139817,cust-acme-corp-002,0.744,pb-ransomware-containment,0.948,78.4,FALSE,,,,,,,,f2ca73a6-8ce6-4d7d-9158-83795c6d25ed,,2026-03-27T12:52:04.316969Z,,,,,,,,,,,
894f9456-52b6-4675-b7b5-fea950faa131,2026-03-27T12:51:49.401392+00:00,inference,playbook_selector,1.0.0,detection,DET-139815,cust-globex-003,0.542,pb-phishing-triage,0.541,139.3,FALSE,,,,,,,,0be5c127-31f7-4060-9626-c9618f5c6346,,2026-03-27T12:51:49.401342Z,,,,,,,,,,,
c89d808c-fcb9-4afd-8e5f-5b21b0db773e,2026-03-27T12:51:48.932020+00:00,inference,playbook_selector,1.0.0,detection,DET-139814,cust-globex-003,0.84,pb-ransomware-containment,0.596,164.9,FALSE,,,,,,,,0b89c309-776a-4a6f-a40a-f40d7bf269ba,,2026-03-27T12:51:48.931966Z,,,,,,,,,,,
2aa91932-5cd5-42de-9aae-a671c6171177,2026-03-27T12:51:34.574201+00:00,inference,playbook_selector,1.0.0,detection,DET-139813,cust-tekstream-001,0.964,pb-phishing-triage,0.667,197.1,FALSE,,,,,,,,7ad8ada4-c1bb-4731-87bf-caebfcc5e8ee,,2026-03-27T12:51:34.574153Z,,,,,,,,,,,
3160d1c1-8f34-446e-be66-d4c8684cb850,2026-03-27T12:51:19.685537+00:00,inference,playbook_selector,1.0.0,detection,DET-139810,cust-acme-corp-002,0.652,pb-brute-force-block,0.613,177.6,FALSE,,,,,,,,94bf1c23-e5ac-4b38-b134-7d10e03c8da2,,2026-03-27T12:51:19.685424Z,,,,,,,,,,,
2d3c1a79-3446-4619-b98f-0111faf46144,2026-03-27T12:51:18.933321+00:00,inference,playbook_selector,1.0.0,detection,DET-139808,cust-globex-003,0.504,pb-data-exfil-investigate,0.95,182.6,FALSE,,,,,,,,98c234cf-530c-46ba-81a3-58a0f1adc6b0,,2026-03-27T12:51:18.933267Z,,,,,,,,,,,
570c30b3-ff9a-40c7-9c71-23ee207046ea,2026-03-27T12:51:04.403366+00:00,inference,playbook_selector,1.0.0,detection,DET-139807,cust-acme-corp-002,0.685,pb-data-exfil-investigate,0.778,100.6,FALSE,,,,,,,,93cd7b78-326f-4647-a633-4dbf31d0f461,,2026-03-27T12:51:04.403315Z,,,,,,,,,,,
23c59d5b-0183-4c34-b15b-2f1c5fb60b11,2026-03-27T12:51:04.239358+00:00,inference,playbook_selector,1.0.0,detection,DET-139806,cust-acme-corp-002,0.627,pb-brute-force-block,0.856,10.1,FALSE,,,,,,,,2cacc120-82f9-4d68-82ff-58dee0269826,,2026-03-27T12:51:04.239300Z,,,,,,,,,,,
80bda73f-bb0e-49e7-b72a-88648e55ee95,2026-03-27T12:50:49.921794+00:00,inference,playbook_selector,1.0.0,detection,DET-139804,cust-acme-corp-002,0.839,pb-malware-response,0.67,16.3,FALSE,,,,,,,,553c69eb-aa69-4082-9dcd-f4ab79a99dc5,,2026-03-27T12:50:49.921728Z,,,,,,,,,,,
5cf015f0-c252-4987-b006-29d607cee32b,2026-03-27T12:50:49.427377+00:00,inference,playbook_selector,1.0.0,detection,DET-139802,cust-tekstream-001,0.633,pb-data-exfil-investigate,0.869,56.9,FALSE,,,,,,,,6e679822-53a7-42b2-bab9-ee482cbb0749,,2026-03-27T12:50:49.427326Z,,,,,,,,,,,
b540dc0a-da29-4431-9b0c-12e126d7385d,2026-03-27T12:50:49.248691+00:00,inference,playbook_selector,1.0.0,detection,DET-139801,cust-globex-003,0.596,pb-ransomware-containment,0.796,33,FALSE,,,,,,,,e64bea74-75d3-4469-8746-a6c1e04fb988,,2026-03-27T12:50:49.248642Z,,,,,,,,,,,
9d21b4f5-cdc0-40d4-adcd-f497dc7596c5,2026-03-27T12:50:34.822704+00:00,inference,playbook_selector,1.0.0,detection,DET-139799,cust-tekstream-001,0.507,pb-ransomware-containment,0.583,113.2,FALSE,,,,,,,,b1d85026-56cd-4022-85fd-0425e9a184b1,,2026-03-27T12:50:34.822654Z,,,,,,,,,,,
f97d86d8-5727-4e98-82a1-65069de218ac,2026-03-27T12:50:34.081953+00:00,inference,playbook_selector,1.0.0,detection,DET-139797,cust-tekstream-001,0.905,pb-malware-response,0.779,24.7,FALSE,,,,,,,,9ba35798-6d0c-4227-ad7a-996c18d28ce8,,2026-03-27T12:50:34.081902Z,,,,,,,,,,,
4ee12843-84d3-4190-a0e9-673c53b1a5b7,2026-03-27T12:50:19.678487+00:00,inference,playbook_selector,1.0.0,detection,DET-139796,cust-acme-corp-002,0.85,pb-malware-response,0.935,74.9,FALSE,,,,,,,,bdec5ded-5f35-46d1-a6ee-cba0476c3b10,,2026-03-27T12:50:19.678437Z,,,,,,,,,,,
920fb162-c8f8-4783-9904-b5b9138089e8,2026-03-27T12:50:19.337786+00:00,inference,playbook_selector,1.0.0,detection,DET-139795,cust-tekstream-001,0.819,pb-lateral-movement,0.785,139.5,FALSE,,,,,,,,45e347bb-127a-443d-af9f-77d1d6485211,,2026-03-27T12:50:19.337736Z,,,,,,,,,,,
54cbbe78-d337-470b-be08-b85913490f60,2026-03-27T12:50:04.562275+00:00,inference,playbook_selector,1.0.0,detection,DET-139793,cust-globex-003,0.549,pb-lateral-movement,0.505,90.4,FALSE,,,,,,,,3cda260d-5b9d-46a8-8a79-8dd449e3bb07,,2026-03-27T12:50:04.562223Z,,,,,,,,,,,
3139e6f7-09bb-4f71-9be4-3f713176b74e,2026-03-27T12:50:04.065792+00:00,inference,playbook_selector,1.0.0,detection,DET-139792,cust-tekstream-001,0.536,pb-phishing-triage,0.886,60.2,FALSE,,,,,,,,9aedca12-7ed2-4d93-b975-58ef6462a027,,2026-03-27T12:50:04.065739Z,,,,,,,,,,,
c6d203ff-56d8-4934-a0e5-9098d2ad8d02,2026-03-27T12:49:49.528030+00:00,inference,playbook_selector,1.0.0,detection,DET-139790,cust-tekstream-001,0.806,pb-malware-response,0.503,66.2,TRUE,,,,,,,,0036ef25-6f2f-40fa-b4a0-53e4fec73584,,2026-03-27T12:49:49.527977Z,,,,,,,,,,,
9f06776d-6fc0-48a2-b5c2-e5860c80ca9d,2026-03-27T12:49:19.711302+00:00,inference,playbook_selector,1.0.0,detection,DET-139787,cust-tekstream-001,0.886,pb-ransomware-containment,0.565,99.1,FALSE,,,,,,,,c4c6f1cc-a3fe-4964-9fba-180b9d478398,,2026-03-27T12:49:19.711248Z,,,,,,,,,,,
d3899979-3b1c-420a-830d-e2e439d4fe8f,2026-03-27T12:49:19.292721+00:00,inference,playbook_selector,1.0.0,detection,DET-139786,cust-acme-corp-002,0.793,pb-phishing-triage,0.75,187.8,TRUE,,,,,,,,f2c49d1c-6e16-4c51-ba60-a3dcc4b52c45,,2026-03-27T12:49:19.292671Z,,,,,,,,,,,
899ff154-54bb-4225-92ec-baf01385ed07,2026-03-27T12:49:04.863351+00:00,inference,playbook_selector,1.0.0,detection,DET-139784,cust-acme-corp-002,0.724,pb-brute-force-block,0.709,162.1,FALSE,,,,,,,,aeed82fe-9900-415b-8561-7c0d6a7e7d9b,,2026-03-27T12:49:04.863285Z,,,,,,,,,,,
d25b9339-ec91-427a-a678-d9ec3a29a81d,2026-03-27T12:49:04.527414+00:00,inference,playbook_selector,1.0.0,detection,DET-139783,cust-globex-003,0.548,pb-ransomware-containment,0.622,160.2,FALSE,,,,,,,,755eb437-5852-4db7-8d3e-ccf00eb8b6d3,,2026-03-27T12:49:04.527363Z,,,,,,,,,,,
da30fe3e-2db3-48f8-b2a2-0150e710ac92,2026-03-27T12:48:49.784005+00:00,inference,playbook_selector,1.0.0,detection,DET-139781,cust-globex-003,0.553,pb-malware-response,0.647,195.3,FALSE,,,,,,,,3e728158-63db-4c48-83de-77a6ed4a503b,,2026-03-27T12:48:49.783950Z,,,,,,,,,,,
cdad3efa-cad8-4bc8-aeaf-9e00988f3edb,2026-03-27T12:48:49.489889+00:00,inference,playbook_selector,1.0.0,detection,DET-139780,cust-globex-003,0.64,pb-phishing-triage,0.824,25.4,FALSE,,,,,,,,79062f30-996a-46c4-b5eb-006e938e29f8,,2026-03-27T12:48:49.489839Z,,,,,,,,,,,
0118bbc2-7783-4292-ac83-256f074bafc2,2026-03-27T12:48:33.987561+00:00,inference,playbook_selector,1.0.0,detection,DET-139775,cust-tekstream-001,0.971,pb-lateral-movement,0.737,108.7,FALSE,,,,,,,,faba50c7-08d4-488a-992d-98f6a83cd029,,2026-03-27T12:48:33.987508Z,,,,,,,,,,,
fbe4952f-95e7-44c6-89fe-6117b4a123b2,2026-03-27T12:48:18.984131+00:00,inference,playbook_selector,1.0.0,detection,DET-139774,cust-acme-corp-002,0.59,pb-malware-response,0.986,145.3,FALSE,,,,,,,,10932db4-f8d7-4213-836f-f53c6217772e,,2026-03-27T12:48:18.984074Z,,,,,,,,,,,
356cb385-952a-406a-8adc-2857327fe93e,2026-03-27T12:48:05.063423+00:00,inference,playbook_selector,1.0.0,detection,DET-139773,cust-globex-003,0.882,pb-phishing-triage,0.88,165.8,FALSE,,,,,,,,73fed651-5f31-4672-a509-360214d6ed88,,2026-03-27T12:48:05.063370Z,,,,,,,,,,,
979a581c-074a-40e2-9508-f4d5fbc6eea4,2026-03-27T12:48:03.922146+00:00,inference,playbook_selector,1.0.0,detection,DET-139770,cust-acme-corp-002,0.967,pb-ransomware-containment,0.955,81.1,TRUE,,,,,,,,4880832b-187e-4353-83a4-36ba735b613d,,2026-03-27T12:48:03.922091Z,,,,,,,,,,,
a4aa8ae5-7ce4-440f-b097-8c430a78cc3d,2026-03-27T12:47:48.921447+00:00,inference,playbook_selector,1.0.0,detection,DET-139769,cust-tekstream-001,0.611,pb-ransomware-containment,0.559,118.6,TRUE,,,,,,,,d08c9657-10f8-4ecc-9056-8594500e9488,,2026-03-27T12:47:48.921390Z,,,,,,,,,,,
932b7e3a-dbad-4e8c-9aa5-809068f436ca,2026-03-27T12:47:34.034086+00:00,inference,playbook_selector,1.0.0,detection,DET-139767,cust-tekstream-001,0.694,pb-malware-response,0.924,116,FALSE,,,,,,,,0796150d-9ed4-421f-b0b1-1f90a6b9a0e7,,2026-03-27T12:47:34.034036Z,,,,,,,,,,,
68caf0f0-6691-40ea-9adf-2490c0795501,2026-03-27T12:03:09.521667+00:00,inference,playbook_selector,1.0.0,detection,DET-139762,cust-globex-003,0.742,pb-phishing-triage,0.527,90.2,TRUE,,,,,,,,e0faa587-694e-4233-bcb6-8a0235a81fba,,2026-03-27T12:03:09.521616Z,,,,,,,,,,,
2b4b87ad-37a0-4433-9b8f-3c39891aa040,2026-03-27T12:02:25.205579+00:00,inference,playbook_selector,1.0.0,detection,DET-139757,cust-tekstream-001,0.693,pb-malware-response,0.961,189.8,FALSE,,,,,,,,b0095374-0092-4349-ba89-8818943a176a,,2026-03-27T12:02:25.205469Z,,,,,,,,,,,
317c8b02-ee0a-46e3-810a-3d5ff3edf8a1,2026-03-27T12:02:24.715547+00:00,inference,playbook_selector,1.0.0,detection,DET-139756,cust-globex-003,0.971,pb-lateral-movement,0.961,119.6,FALSE,,,,,,,,f3fe2cc2-0490-45dd-946d-c071f93778dc,,2026-03-27T12:02:24.715475Z,,,,,,,,,,,
a5a483b6-ef0f-4707-abd7-7454f2de7646,2026-03-27T12:02:09.750265+00:00,inference,playbook_selector,1.0.0,detection,DET-139754,cust-acme-corp-002,0.689,pb-data-exfil-investigate,0.896,85.7,FALSE,,,,,,,,d55a9297-1891-487f-b29c-55bf4cd04992,,2026-03-27T12:02:09.750216Z,,,,,,,,,,,
93fd355d-c0d4-49d5-93eb-bdc4d8269296,2026-03-27T12:01:55.549536+00:00,inference,playbook_selector,1.0.0,detection,DET-139752,cust-globex-003,0.604,pb-data-exfil-investigate,0.908,63.1,TRUE,,,,,,,,41c249fa-2c39-46d4-816f-ea2d7d330587,,2026-03-27T12:01:55.549460Z,,,,,,,,,,,
39877dab-557d-4e7e-8532-45ba8d3fa8df,2026-03-27T12:01:55.102395+00:00,inference,playbook_selector,1.0.0,detection,DET-139751,cust-globex-003,0.906,pb-lateral-movement,0.853,10.1,TRUE,,,,,,,,de52b112-575c-404a-86dd-0e0c1639fe8b,,2026-03-27T12:01:55.102342Z,,,,,,,,,,,
f18ab6f4-4bf5-477b-92eb-f9c614198b93,2026-03-27T12:01:24.452998+00:00,inference,playbook_selector,1.0.0,detection,DET-139748,cust-acme-corp-002,0.931,pb-lateral-movement,0.771,162.4,FALSE,,,,,,,,51c39b22-6984-407a-a4b2-8e276a4a997e,,2026-03-27T12:01:24.452944Z,,,,,,,,,,,
76139244-53fb-4e83-9d12-1e33f85f2509,2026-03-27T12:01:10.562007+00:00,inference,playbook_selector,1.0.0,detection,DET-139747,cust-acme-corp-002,0.703,pb-data-exfil-investigate,0.55,163.4,FALSE,,,,,,,,fdfe5fd6-6048-43c2-b2ff-b2e77926b032,,2026-03-27T12:01:10.561955Z,,,,,,,,,,,
da93cc51-6ced-46e0-b7ea-933b67b44742,2026-03-27T12:01:09.959573+00:00,inference,playbook_selector,1.0.0,detection,DET-139746,cust-globex-003,0.888,pb-lateral-movement,0.94,19.9,FALSE,,,,,,,,62054239-fe4a-438d-b748-a6e9cd40f886,,2026-03-27T12:01:09.959522Z,,,,,,,,,,,
153c71ef-92eb-4ff5-a60e-26b9230389bb,2026-03-27T12:00:54.446880+00:00,inference,playbook_selector,1.0.0,detection,DET-139741,cust-globex-003,0.955,pb-brute-force-block,0.661,110.9,FALSE,,,,,,,,666cf5bb-bfff-4a33-af1b-391ef643afd1,,2026-03-27T12:00:54.446829Z,,,,,,,,,,,
c2f5c636-db52-4257-aa2b-fab9ca94a7f4,2026-03-27T12:00:25.567527+00:00,inference,playbook_selector,1.0.0,detection,DET-139739,cust-tekstream-001,0.72,pb-brute-force-block,0.586,74.4,FALSE,,,,,,,,4bbdd2a1-a474-4939-8ee2-76fb2bb3d0a4,,2026-03-27T12:00:25.567459Z,,,,,,,,,,,
4066272f-6c24-40f0-a330-923662a5de01,2026-03-27T12:00:25.156212+00:00,inference,playbook_selector,1.0.0,detection,DET-139738,cust-globex-003,0.612,pb-brute-force-block,0.601,148.6,FALSE,,,,,,,,4002db95-2a6d-41e3-8850-162a351e03f3,,2026-03-27T12:00:25.156159Z,,,,,,,,,,,
1038d544-5cd4-4826-9a71-6e51d6986d64,2026-03-27T12:00:24.714418+00:00,inference,playbook_selector,1.0.0,detection,DET-139737,cust-tekstream-001,0.725,pb-brute-force-block,0.898,185,FALSE,,,,,,,,cfeb7342-dcb5-4fa5-b3da-224f93016795,,2026-03-27T12:00:24.714363Z,,,,,,,,,,,
ccdc2999-1ce8-4e0f-8bff-a0569b4822c0,2026-03-27T12:00:09.559064+00:00,inference,playbook_selector,1.0.0,detection,DET-139736,cust-acme-corp-002,0.915,pb-ransomware-containment,0.779,138.3,FALSE,,,,,,,,c958f6ab-696c-456b-908f-ccc8773a35b8,,2026-03-27T12:00:09.559013Z,,,,,,,,,,,
fd7f75f9-fefc-4f22-b6bb-8b8b7858bb20,2026-03-27T11:59:55.205588+00:00,inference,playbook_selector,1.0.0,detection,DET-139734,cust-acme-corp-002,0.509,pb-lateral-movement,0.676,19.9,FALSE,,,,,,,,163ebd2d-c134-495a-96d8-286eb183961f,,2026-03-27T11:59:55.205534Z,,,,,,,,,,,
c0ea1cc5-25be-46f6-a7f6-b2466d446ae4,2026-03-27T11:59:54.763944+00:00,inference,playbook_selector,1.0.0,detection,DET-139733,cust-acme-corp-002,0.745,pb-data-exfil-investigate,0.677,15,FALSE,,,,,,,,fb2d7148-e312-47a3-b767-e0ee99887238,,2026-03-27T11:59:54.763893Z,,,,,,,,,,,
4912436a-ed91-4297-a98a-836e6c4b8488,2026-03-27T11:59:54.374992+00:00,inference,playbook_selector,1.0.0,detection,DET-139732,cust-acme-corp-002,0.603,pb-data-exfil-investigate,0.525,31.1,TRUE,,,,,,,,6824ea9f-9c2d-4d13-b7af-419d7106ac1e,,2026-03-27T11:59:54.374942Z,,,,,,,,,,,
228164be-d4b1-4fd3-ac0c-80c4310865bc,2026-03-27T11:59:24.890742+00:00,inference,playbook_selector,1.0.0,detection,DET-139729,cust-acme-corp-002,0.668,pb-ransomware-containment,0.677,22.1,FALSE,,,,,,,,577eda1d-162d-4f15-8e56-b0eef269aff6,,2026-03-27T11:59:24.890666Z,,,,,,,,,,,
47970758-a8b0-4691-9a4d-253fe242f9e0,2026-03-27T11:59:24.386658+00:00,inference,playbook_selector,1.0.0,detection,DET-139728,cust-tekstream-001,0.682,pb-malware-response,0.773,60.9,FALSE,,,,,,,,c54c1f31-585e-42ca-8348-f18490a88739,,2026-03-27T11:59:24.386606Z,,,,,,,,,,,
c06b5117-9ca4-4fc8-8d82-ca139c3b24eb,2026-03-27T11:58:24.809843+00:00,inference,playbook_selector,1.0.0,detection,DET-139723,cust-globex-003,0.968,pb-data-exfil-investigate,0.727,85.1,FALSE,,,,,,,,f6f05081-5cfa-4350-8ba0-884868f423d8,,2026-03-27T11:58:24.809790Z,,,,,,,,,,,
4883f0e3-3c9e-496b-b072-c3a85ae1f679,2026-03-27T11:57:55.064120+00:00,inference,playbook_selector,1.0.0,detection,DET-139719,cust-acme-corp-002,0.804,pb-data-exfil-investigate,0.942,143,FALSE,,,,,,,,f673bd80-d13b-48ea-9f89-ea351009aedd,,2026-03-27T11:57:55.064071Z,,,,,,,,,,,
71a2b8d1-17b4-4c54-883a-d24da4083013,2026-03-27T11:57:54.675001+00:00,inference,playbook_selector,1.0.0,detection,DET-139718,cust-globex-003,0.658,pb-lateral-movement,0.509,198.9,FALSE,,,,,,,,ddb9bca7-293c-4de9-995b-166a52f97c79,,2026-03-27T11:57:54.674949Z,,,,,,,,,,,
d9a59ba1-3447-49a8-8986-797d91b980de,2026-03-27T11:57:40.215236+00:00,inference,playbook_selector,1.0.0,detection,DET-139717,cust-acme-corp-002,0.707,pb-ransomware-containment,0.87,14.7,FALSE,,,,,,,,16c627c4-8b67-4648-919e-890ff81de946,,2026-03-27T11:57:40.215176Z,,,,,,,,,,,
42eca0d1-2055-469d-924e-126d2aa71018,2026-03-27T11:57:39.386433+00:00,inference,playbook_selector,1.0.0,detection,DET-139715,cust-globex-003,0.622,pb-data-exfil-investigate,0.732,83.3,FALSE,,,,,,,,4b7bb8f7-d53d-4f3e-afaf-d1545dd967fd,,2026-03-27T11:57:39.386383Z,,,,,,,,,,,
315903ab-9046-40ef-805c-ca3c4ba61549,2026-03-27T11:57:24.592220+00:00,inference,playbook_selector,1.0.0,detection,DET-139714,cust-globex-003,0.659,pb-phishing-triage,0.562,67.5,FALSE,,,,,,,,a0a65e97-aa2b-4e94-91a6-8564d3bf490c,,2026-03-27T11:57:24.592165Z,,,,,,,,,,,
706dae22-37d5-41ba-b5b1-91a61db8e973,2026-03-27T11:57:09.731912+00:00,inference,playbook_selector,1.0.0,detection,DET-139713,cust-tekstream-001,0.756,pb-phishing-triage,0.687,159,FALSE,,,,,,,,332f692f-5f9d-402f-b5af-4eaaf1617936,,2026-03-27T11:57:09.731859Z,,,,,,,,,,,
8f697b4c-7d89-497b-9e91-1b09d4e5f92c,2026-03-27T11:56:54.424584+00:00,inference,playbook_selector,1.0.0,detection,DET-139710,cust-tekstream-001,0.95,pb-lateral-movement,0.891,163.4,FALSE,,,,,,,,316b7c8a-58aa-4ba1-8f2a-299ec4ec9134,,2026-03-27T11:56:54.424527Z,,,,,,,,,,,
305bc238-2f91-4ad5-92b2-efcc38c78a90,2026-03-27T11:56:39.388759+00:00,inference,playbook_selector,1.0.0,detection,DET-139709,cust-globex-003,0.951,pb-malware-response,0.707,90.3,TRUE,,,,,,,,78c28842-2bf8-48c8-9257-f34d06163fc5,,2026-03-27T11:56:39.388708Z,,,,,,,,,,,
1ec024be-913a-4a71-a214-a894c41557bf,2026-03-27T11:56:10.228605+00:00,inference,playbook_selector,1.0.0,detection,DET-139706,cust-globex-003,0.753,pb-malware-response,0.617,98.7,FALSE,,,,,,,,194024f4-4b15-455a-bea8-6606115f676c,,2026-03-27T11:56:10.228552Z,,,,,,,,,,,
81379620-e3ae-4c32-9f20-4f3ff05066f0,2026-03-27T11:56:09.698895+00:00,inference,playbook_selector,1.0.0,detection,DET-139705,cust-globex-003,0.706,pb-ransomware-containment,0.796,193,FALSE,,,,,,,,00338f57-acf2-49ae-9207-2a1e3c952e27,,2026-03-27T11:56:09.698840Z,,,,,,,,,,,
7255dac9-706a-4e8b-983d-31f8834af2e9,2026-03-27T11:55:54.693072+00:00,inference,playbook_selector,1.0.0,detection,DET-139702,cust-tekstream-001,0.721,pb-ransomware-containment,0.643,141,TRUE,,,,,,,,f83afd9b-df22-4e4b-916a-52f4bf1bffc7,,2026-03-27T11:55:54.693020Z,,,,,,,,,,,
6dc28b0a-4478-4dd6-8ad9-4fe2dda400d0,2026-03-27T11:55:54.364117+00:00,inference,playbook_selector,1.0.0,detection,DET-139701,cust-tekstream-001,0.518,pb-ransomware-containment,0.779,96.3,FALSE,,,,,,,,5446b5d7-176f-4924-87db-b41d04d27244,,2026-03-27T11:55:54.364051Z,,,,,,,,,,,
0595223f-f40b-4148-af75-bfea6a6f629d,2026-03-27T11:55:39.519571+00:00,inference,playbook_selector,1.0.0,detection,DET-139700,cust-globex-003,0.774,pb-data-exfil-investigate,0.657,72.2,FALSE,,,,,,,,a1e4e518-3c77-4db4-9bae-3f18e8e06bab,,2026-03-27T11:55:39.519518Z,,,,,,,,,,,
119f840f-d42c-4620-9b27-e94f6725f455,2026-03-27T11:55:24.993164+00:00,inference,playbook_selector,1.0.0,detection,DET-139699,cust-globex-003,0.826,pb-malware-response,0.703,6.7,FALSE,,,,,,,,20a29c9f-7f3a-4ccc-91b6-b3fb32473a36,,2026-03-27T11:55:24.993114Z,,,,,,,,,,,
52f93fb8-6e6c-4b11-ae1a-1dbee74361bc,2026-03-27T11:55:24.382790+00:00,inference,playbook_selector,1.0.0,detection,DET-139698,cust-globex-003,0.661,pb-phishing-triage,0.909,34.3,FALSE,,,,,,,,ca54792d-aa67-4764-a2a6-fd1f89a444ec,,2026-03-27T11:55:24.382739Z,,,,,,,,,,,
cd13e26a-98e5-432b-97f5-0517e7bc221a,2026-03-27T11:55:10.405082+00:00,inference,playbook_selector,1.0.0,detection,DET-139696,cust-globex-003,0.868,pb-brute-force-block,0.737,86.1,FALSE,,,,,,,,1b4e238e-a154-4903-8c19-3068ec27ca1d,,2026-03-27T11:55:10.405030Z,,,,,,,,,,,
ec46e04a-7f24-4da7-a2ed-f9b1e907c5da,2026-03-27T11:55:09.643908+00:00,inference,playbook_selector,1.0.0,detection,DET-139695,cust-globex-003,0.827,pb-malware-response,0.626,92.9,FALSE,,,,,,,,212cc503-65cc-4da7-a404-a3e3981f4593,,2026-03-27T11:55:09.643854Z,,,,,,,,,,,
56010704-b65e-4139-bb25-0116d367e042,2026-03-27T11:54:54.635810+00:00,inference,playbook_selector,1.0.0,detection,DET-139693,cust-acme-corp-002,0.782,pb-ransomware-containment,0.937,76.2,TRUE,,,,,,,,695ea90a-d430-497f-9874-f061afc06984,,2026-03-27T11:54:54.635757Z,,,,,,,,,,,
664544c3-225e-402f-bad3-d9ca139980b9,2026-03-27T11:54:40.127447+00:00,inference,playbook_selector,1.0.0,detection,DET-139692,cust-tekstream-001,0.58,pb-brute-force-block,0.966,192.2,FALSE,,,,,,,,294b60cf-0d99-4c41-90c1-d027633c1cb0,,2026-03-27T11:54:40.127395Z,,,,,,,,,,,
86cc06a0-1030-48cb-8c56-b83088ae4788,2026-03-27T11:54:39.668632+00:00,inference,playbook_selector,1.0.0,detection,DET-139691,cust-tekstream-001,0.934,pb-phishing-triage,0.97,90.5,FALSE,,,,,,,,43c4fdbf-3279-4ae9-bb2f-c00ed2c6530c,,2026-03-27T11:54:39.668581Z,,,,,,,,,,,
cb5623b6-06a3-4e46-bd55-5d3255cf49d1,2026-03-27T11:54:24.462896+00:00,inference,playbook_selector,1.0.0,detection,DET-139689,cust-tekstream-001,0.882,pb-phishing-triage,0.904,182.1,FALSE,,,,,,,,328abe5b-82aa-4245-ace3-d45e2a80fc70,,2026-03-27T11:54:24.462842Z,,,,,,,,,,,
06fa10b9-edd7-4713-88df-3415af113eb8,2026-03-27T11:54:10.313968+00:00,inference,playbook_selector,1.0.0,detection,DET-139688,cust-globex-003,0.813,pb-lateral-movement,0.74,64.9,TRUE,,,,,,,,3330e177-b513-4ff1-9f66-f243717d22f4,,2026-03-27T11:54:10.313915Z,,,,,,,,,,,
e37c4f15-93c2-41a0-9b81-2c302ada88ff,2026-03-27T11:54:10.117401+00:00,inference,playbook_selector,1.0.0,detection,DET-139687,cust-globex-003,0.622,pb-ransomware-containment,0.706,63.2,FALSE,,,,,,,,d4705105-d2ba-4f0c-ab21-d83c601b5fc5,,2026-03-27T11:54:10.117345Z,,,,,,,,,,,
eb2d14a9-2892-4fb1-b7dd-5baa8962833f,2026-03-27T11:54:09.384107+00:00,inference,playbook_selector,1.0.0,detection,DET-139685,cust-globex-003,0.636,pb-phishing-triage,0.808,36.4,FALSE,,,,,,,,5e6e6997-eebe-44c2-a763-436753b0fc96,,2026-03-27T11:54:09.384056Z,,,,,,,,,,,
052931ec-8b75-485b-b92f-8d501783831c,2026-03-27T11:53:54.663032+00:00,inference,playbook_selector,1.0.0,detection,DET-139684,cust-tekstream-001,0.615,pb-lateral-movement,0.912,173.4,FALSE,,,,,,,,f12193ae-9ef6-475c-b624-64a396938a52,,2026-03-27T11:53:54.662978Z,,,,,,,,,,,
b56627c3-1fae-49ca-bc1b-7c64618819ba,2026-03-27T11:53:54.325428+00:00,inference,playbook_selector,1.0.0,detection,DET-139683,cust-tekstream-001,0.534,pb-brute-force-block,0.806,23.9,FALSE,,,,,,,,691741fd-89c3-4f5e-9cbb-bc0d581f4a32,,2026-03-27T11:53:54.325370Z,,,,,,,,,,,
e201a3f9-27e9-41ac-8a24-bc2b92c07667,2026-03-27T11:53:39.585305+00:00,inference,playbook_selector,1.0.0,detection,DET-139682,cust-acme-corp-002,0.863,pb-data-exfil-investigate,0.617,36.1,FALSE,,,,,,,,2ac07e91-2dde-45bb-aa1d-9465630e4417,,2026-03-27T11:53:39.585255Z,,,,,,,,,,,
94858190-7736-4ed9-8e6f-be41e55acd3b,2026-03-27T11:52:54.399254+00:00,inference,playbook_selector,1.0.0,detection,DET-139679,cust-globex-003,0.954,pb-phishing-triage,0.821,118.3,FALSE,,,,,,,,87f2af5b-cf6a-40b6-b5bf-29789c09287d,,2026-03-27T11:52:54.399203Z,,,,,,,,,,,
0a932490-bf37-470d-864e-4872c651bb18,2026-03-27T11:52:40.321648+00:00,inference,playbook_selector,1.0.0,detection,DET-139678,cust-globex-003,0.922,pb-brute-force-block,0.964,120.9,FALSE,,,,,,,,86a36c9c-c7c1-42c5-900e-8d20a37cfb3a,,2026-03-27T11:52:40.321596Z,,,,,,,,,,,
01735a41-9bcf-480d-8284-a4b9bb4d994c,2026-03-27T11:52:40.091997+00:00,inference,playbook_selector,1.0.0,detection,DET-139677,cust-globex-003,0.832,pb-ransomware-containment,0.959,156.6,FALSE,,,,,,,,f29ac6f1-e3cb-40c0-a549-f84d87db084e,,2026-03-27T11:52:40.091945Z,,,,,,,,,,,
16a3df66-edcb-4d84-9e1c-6fdde7a43539,2026-03-27T11:52:39.263208+00:00,inference,playbook_selector,1.0.0,detection,DET-139676,cust-tekstream-001,0.789,pb-brute-force-block,0.503,129.1,FALSE,,,,,,,,eab43341-8a7f-42d9-859b-17b494211a0b,,2026-03-27T11:52:39.263159Z,,,,,,,,,,,
83409dce-d233-4a43-ac91-bffb85537aa6,2026-03-27T11:52:24.481345+00:00,inference,playbook_selector,1.0.0,detection,DET-139675,cust-acme-corp-002,0.883,pb-data-exfil-investigate,0.824,84.6,FALSE,,,,,,,,55c0c4a8-90b1-4f0b-9799-fd167f6d9fd3,,2026-03-27T11:52:24.481292Z,,,,,,,,,,,
47213b34-1e99-41b5-934b-f580aabcfd54,2026-03-27T11:52:09.779329+00:00,inference,playbook_selector,1.0.0,detection,DET-139674,cust-globex-003,0.712,pb-ransomware-containment,0.544,140.4,FALSE,,,,,,,,22124ee1-b3f7-4d98-9b10-0b6249bc0549,,2026-03-27T11:52:09.779274Z,,,,,,,,,,,
96ba2681-62c8-4223-9f78-cc70aa2065e1,2026-03-27T11:52:09.516857+00:00,inference,playbook_selector,1.0.0,detection,DET-139673,cust-globex-003,0.875,pb-malware-response,0.689,53,FALSE,,,,,,,,2535ab53-5925-4eaa-b209-707134e15994,,2026-03-27T11:52:09.516805Z,,,,,,,,,,,
464d5f37-42bc-4574-afb7-73e345b00d48,2026-03-27T11:51:55.601306+00:00,inference,playbook_selector,1.0.0,detection,DET-139672,cust-acme-corp-002,0.774,pb-malware-response,0.862,197.6,FALSE,,,,,,,,cf819eda-557a-43b7-af81-920d196f55fc,,2026-03-27T11:51:55.601255Z,,,,,,,,,,,
7664448a-ae9e-44bc-b121-61a3bf50714c,2026-03-27T11:51:55.209740+00:00,inference,playbook_selector,1.0.0,detection,DET-139671,cust-acme-corp-002,0.806,pb-malware-response,0.852,51.4,FALSE,,,,,,,,70bac065-cc06-477f-9f13-e5711f6cd6ee,,2026-03-27T11:51:55.209675Z,,,,,,,,,,,
492bdc34-a318-4135-992f-5e0ba25cbb49,2026-03-27T11:51:54.436689+00:00,inference,playbook_selector,1.0.0,detection,DET-139670,cust-acme-corp-002,0.658,pb-brute-force-block,0.801,87.6,TRUE,,,,,,,,2416dac6-0f8d-412c-b20e-365b146156b2,,2026-03-27T11:51:54.436639Z,,,,,,,,,,,
65d71467-6737-44ee-9ff6-f180b589a690,2026-03-27T11:51:40.386524+00:00,inference,playbook_selector,1.0.0,detection,DET-139669,cust-acme-corp-002,0.8,pb-ransomware-containment,0.935,43.3,FALSE,,,,,,,,90ccccdf-a64b-465a-92b7-4c0b8e7de217,,2026-03-27T11:51:40.386474Z,,,,,,,,,,,
f4cd3b23-37cf-47ec-b82c-b487343d8b39,2026-03-27T11:51:39.819203+00:00,inference,playbook_selector,1.0.0,detection,DET-139668,cust-globex-003,0.935,pb-ransomware-containment,0.665,184.1,FALSE,,,,,,,,e51511bb-49cc-4936-a4c2-ff820b2c3aef,,2026-03-27T11:51:39.819151Z,,,,,,,,,,,
07dbbbe5-cc88-4b95-8239-a2b73ac62979,2026-03-27T11:51:39.438479+00:00,inference,playbook_selector,1.0.0,detection,DET-139667,cust-tekstream-001,0.709,pb-ransomware-containment,0.609,107.1,FALSE,,,,,,,,063a3a7c-e2ac-4c97-a575-561676863f30,,2026-03-27T11:51:39.438430Z,,,,,,,,,,,
fcac822e-ccf1-413e-807e-b46062dd2765,2026-03-27T11:51:09.652844+00:00,inference,playbook_selector,1.0.0,detection,DET-139665,cust-acme-corp-002,0.556,pb-data-exfil-investigate,0.872,113.3,FALSE,,,,,,,,6411631a-f715-4957-a283-b67c6516e6ed,,2026-03-27T11:51:09.652794Z,,,,,,,,,,,
268d00d6-bd1a-4762-bf88-f7f95a1ab9e6,2026-03-27T11:50:54.980984+00:00,inference,playbook_selector,1.0.0,detection,DET-139663,cust-acme-corp-002,0.557,pb-phishing-triage,0.513,91.2,FALSE,,,,,,,,fc9d4665-e7a9-4bed-86c6-cefa7025a163,,2026-03-27T11:50:54.980933Z,,,,,,,,,,,
c2ac55cc-a10f-4c67-ba55-fe44f92274f5,2026-03-27T11:50:54.751771+00:00,inference,playbook_selector,1.0.0,detection,DET-139662,cust-tekstream-001,0.686,pb-data-exfil-investigate,0.742,38.8,FALSE,,,,,,,,dc918be0-a722-4bef-90fe-142902ea8bde,,2026-03-27T11:50:54.751720Z,,,,,,,,,,,
9c4f7754-ef00-4ed1-97d7-4e020e7710b9,2026-03-27T11:50:39.615879+00:00,inference,playbook_selector,1.0.0,detection,DET-139659,cust-tekstream-001,0.755,pb-phishing-triage,0.922,8.6,FALSE,,,,,,,,cee4d839-43eb-4618-9243-55e1032fb1a7,,2026-03-27T11:50:39.615819Z,,,,,,,,,,,
472b8177-8008-450b-bdb9-5b48e58f7a93,2026-03-27T11:50:25.812739+00:00,inference,playbook_selector,1.0.0,detection,DET-139658,cust-tekstream-001,0.666,pb-lateral-movement,0.732,25.4,FALSE,,,,,,,,6ffc8bdf-d7b5-480b-8131-d7af047c8f85,,2026-03-27T11:50:25.812687Z,,,,,,,,,,,
8128b45d-5958-4d03-81fe-10768ab17ebc,2026-03-27T11:50:24.992155+00:00,inference,playbook_selector,1.0.0,detection,DET-139656,cust-acme-corp-002,0.628,pb-brute-force-block,0.913,76.9,FALSE,,,,,,,,04862225-6241-4f5f-95fe-6fc5fbed329f,,2026-03-27T11:50:24.992103Z,,,,,,,,,,,
a532effe-02dc-48b1-87a0-5269526d47a9,2026-03-27T11:50:24.436801+00:00,inference,playbook_selector,1.0.0,detection,DET-139655,cust-tekstream-001,0.622,pb-lateral-movement,0.564,112.7,FALSE,,,,,,,,1d90c055-19f2-4a91-847e-eb56f19e1bda,,2026-03-27T11:50:24.436749Z,,,,,,,,,,,
78545ebf-298f-4282-8813-b41aecdadac5,2026-03-27T11:49:55.120053+00:00,inference,playbook_selector,1.0.0,detection,DET-139652,cust-globex-003,0.657,pb-data-exfil-investigate,0.653,184.8,TRUE,,,,,,,,8c56c4b5-4a0f-4fff-bf9b-67b06dd2d4c9,,2026-03-27T11:49:55.120002Z,,,,,,,,,,,
7243bbaa-1f41-4be3-9f72-beae0db57947,2026-03-27T11:49:54.758861+00:00,inference,playbook_selector,1.0.0,detection,DET-139651,cust-tekstream-001,0.954,pb-ransomware-containment,0.52,157.3,TRUE,,,,,,,,5004f257-964c-449f-b2c9-072e994e05d3,,2026-03-27T11:49:54.758809Z,,,,,,,,,,,
9205903e-77dc-40de-affc-442a11346264,2026-03-27T11:49:39.681931+00:00,inference,playbook_selector,1.0.0,detection,DET-139649,cust-globex-003,0.62,pb-ransomware-containment,0.659,112.1,TRUE,,,,,,,,b6a1efcf-f21a-44a6-830a-c0f3bffe41fa,,2026-03-27T11:49:39.681870Z,,,,,,,,,,,
b6e516cb-76e3-4122-b8e6-5cd8e5d21020,2026-03-27T11:49:25.354483+00:00,inference,playbook_selector,1.0.0,detection,DET-139647,cust-tekstream-001,0.949,pb-data-exfil-investigate,0.703,6.7,FALSE,,,,,,,,aac766dc-d071-4c66-9b94-73f7e8fa7a75,,2026-03-27T11:49:25.354428Z,,,,,,,,,,,
eef01183-4d1c-49b1-bd4c-219fc1ca39aa,2026-03-27T11:49:24.744932+00:00,inference,playbook_selector,1.0.0,detection,DET-139646,cust-globex-003,0.629,pb-phishing-triage,0.827,30.1,FALSE,,,,,,,,0426222d-c99b-4a50-a7e5-323d8ec17d99,,2026-03-27T11:49:24.744879Z,,,,,,,,,,,
78478f49-c0ed-4760-b754-060cc324c989,2026-03-27T11:49:09.927219+00:00,inference,playbook_selector,1.0.0,detection,DET-139642,cust-globex-003,0.562,pb-malware-response,0.847,166.2,FALSE,,,,,,,,3d581fcd-36ef-426f-ae6e-1c7683c81bfc,,2026-03-27T11:49:09.927167Z,,,,,,,,,,,
b79ce345-0a94-461e-8752-2ec2e8a75f40,2026-03-27T11:48:55.760392+00:00,inference,playbook_selector,1.0.0,detection,DET-139640,cust-globex-003,0.679,pb-data-exfil-investigate,0.895,41.2,FALSE,,,,,,,,19600d05-1efd-4281-ae68-71923735f029,,2026-03-27T11:48:55.760274Z,,,,,,,,,,,
83d0fa72-b170-4efe-9a33-1d728c846819,2026-03-27T11:48:55.142102+00:00,inference,playbook_selector,1.0.0,detection,DET-139639,cust-tekstream-001,0.961,pb-malware-response,0.67,27.7,TRUE,,,,,,,,ca450cbc-f576-47b1-8718-b0b9b96c95d1,,2026-03-27T11:48:55.142048Z,,,,,,,,,,,
ffce013d-f431-4932-8cd8-2795cf9731a9,2026-03-27T11:48:54.866159+00:00,inference,playbook_selector,1.0.0,detection,DET-139638,cust-tekstream-001,0.917,pb-brute-force-block,0.818,125.4,FALSE,,,,,,,,a2d6685e-1cec-40bd-bba6-595e117e71fe,,2026-03-27T11:48:54.866110Z,,,,,,,,,,,
0cc0e2fe-e013-40fd-81e4-6622bd37c1bc,2026-03-27T11:48:54.345974+00:00,inference,playbook_selector,1.0.0,detection,DET-139637,cust-tekstream-001,0.505,pb-phishing-triage,0.741,176.7,FALSE,,,,,,,,cb99db7d-5466-4e25-b8a8-b1b315c15180,,2026-03-27T11:48:54.345922Z,,,,,,,,,,,
5aeba3ae-2c44-4875-96cb-6c699d7d66db,2026-03-27T11:48:39.740710+00:00,inference,playbook_selector,1.0.0,detection,DET-139636,cust-globex-003,0.549,pb-brute-force-block,0.524,157.8,FALSE,,,,,,,,d68177f7-7356-404b-abea-90b28de8fa80,,2026-03-27T11:48:39.740659Z,,,,,,,,,,,
bcad50b0-d0d8-46c6-881f-e7dbf2f44a2e,2026-03-27T11:48:09.919165+00:00,inference,playbook_selector,1.0.0,detection,DET-139629,cust-tekstream-001,0.822,pb-ransomware-containment,0.729,85,FALSE,,,,,,,,965a9823-d741-423d-a508-5698649161c9,,2026-03-27T11:48:09.919114Z,,,,,,,,,,,
087b71da-8349-4d8f-b24b-390fed828498,2026-03-27T11:48:09.280037+00:00,inference,playbook_selector,1.0.0,detection,DET-139628,cust-acme-corp-002,0.525,pb-phishing-triage,0.506,179.5,FALSE,,,,,,,,5dca3e7e-79a5-4bf6-b9d7-d60733c9cb33,,2026-03-27T11:48:09.279970Z,,,,,,,,,,,
4439ad99-68f3-4410-a85c-5fb4b38ee377,2026-03-27T11:47:55.200524+00:00,inference,playbook_selector,1.0.0,detection,DET-139627,cust-tekstream-001,0.517,pb-data-exfil-investigate,0.831,18,FALSE,,,,,,,,5dba11a5-685a-48a1-96ee-654051d7bb0c,,2026-03-27T11:47:55.200454Z,,,,,,,,,,,
e279efda-49a1-4223-93b4-a2d4ccf0533b,2026-03-27T11:47:54.348850+00:00,inference,playbook_selector,1.0.0,detection,DET-139625,cust-globex-003,0.766,pb-brute-force-block,0.801,149.5,FALSE,,,,,,,,0673d918-0b15-4daa-b238-b32905b87576,,2026-03-27T11:47:54.348799Z,,,,,,,,,,,
d6cf52be-0e10-4600-8326-901d81c00264,2026-03-27T11:47:40.099631+00:00,inference,playbook_selector,1.0.0,detection,DET-139624,cust-tekstream-001,0.708,pb-malware-response,0.938,113.5,FALSE,,,,,,,,2d9ec1e7-d4a2-42f1-bc0e-049a363f9c95,,2026-03-27T11:47:40.099579Z,,,,,,,,,,,
09a83856-7024-4ed6-8f54-32b5610394d8,2026-03-27T11:47:39.766087+00:00,inference,playbook_selector,1.0.0,detection,DET-139623,cust-acme-corp-002,0.893,pb-data-exfil-investigate,0.776,121.4,FALSE,,,,,,,,2127802c-e7ac-47bc-8c1d-f38c3ffc904b,,2026-03-27T11:47:39.766035Z,,,,,,,,,,,
f540bdd6-53f5-4341-920b-870ca975ec64,2026-03-27T11:47:24.454935+00:00,inference,playbook_selector,1.0.0,detection,DET-139620,cust-tekstream-001,0.667,pb-phishing-triage,0.634,174.4,FALSE,,,,,,,,18786d15-c8d7-4bfc-8dd8-f130b50de08f,,2026-03-27T11:47:24.454886Z,,,,,,,,,,,
89fb061a-b41e-4891-9375-4194bcb26a86,2026-03-27T11:46:55.026063+00:00,inference,playbook_selector,1.0.0,detection,DET-139616,cust-tekstream-001,0.643,pb-phishing-triage,0.811,32.6,FALSE,,,,,,,,0dc8c734-ac40-468c-9104-1b84d5a3d038,,2026-03-27T11:46:55.026013Z,,,,,,,,,,,
698c64a4-74f3-42db-97ac-c534d1c96f7e,2026-03-27T11:46:54.558289+00:00,inference,playbook_selector,1.0.0,detection,DET-139615,cust-tekstream-001,0.58,pb-phishing-triage,0.591,5.4,TRUE,,,,,,,,c9b14c79-00fd-45c6-8f7f-d628f331f7e9,,2026-03-27T11:46:54.558238Z,,,,,,,,,,,
87871303-23ae-4d64-86f0-27b9b5a1c2d9,2026-03-27T11:46:24.255431+00:00,inference,playbook_selector,1.0.0,detection,DET-139610,cust-acme-corp-002,0.623,pb-phishing-triage,0.938,141.9,FALSE,,,,,,,,263481f3-7f41-47dd-8c25-b695b0401dd0,,2026-03-27T11:46:24.255379Z,,,,,,,,,,,
8ca11e84-4379-40bc-92ee-79ff6c62a545,2026-03-27T11:46:10.682253+00:00,inference,playbook_selector,1.0.0,detection,DET-139609,cust-tekstream-001,0.846,pb-data-exfil-investigate,0.584,84.2,FALSE,,,,,,,,2b4169a3-ad59-447b-a78c-54b0bdfd965c,,2026-03-27T11:46:10.682186Z,,,,,,,,,,,
e92b4f90-da84-419a-83d0-c2242dcb5f7c,2026-03-27T11:46:10.172153+00:00,inference,playbook_selector,1.0.0,detection,DET-139608,cust-tekstream-001,0.747,pb-malware-response,0.87,46,FALSE,,,,,,,,85fd1986-6755-40e6-98f5-3adce9f051ec,,2026-03-27T11:46:10.172101Z,,,,,,,,,,,
f58dbf39-2f78-4cff-85cf-925dc64b6874,2026-03-27T11:46:09.634261+00:00,inference,playbook_selector,1.0.0,detection,DET-139606,cust-tekstream-001,0.526,pb-data-exfil-investigate,0.629,114.8,FALSE,,,,,,,,c6f9742c-7668-40fb-af40-0734750e87f2,,2026-03-27T11:46:09.634211Z,,,,,,,,,,,
e87e2147-0c6f-40e2-97f6-260f91f293fc,2026-03-27T11:45:54.312766+00:00,inference,playbook_selector,1.0.0,detection,DET-139605,cust-acme-corp-002,0.979,pb-brute-force-block,0.98,69.9,FALSE,,,,,,,,dea674ad-44a8-4f4a-b67b-ac7580bd0b99,,2026-03-27T11:45:54.312715Z,,,,,,,,,,,
dd27b1de-6141-4287-8354-93376656d138,2026-03-27T11:45:39.381211+00:00,inference,playbook_selector,1.0.0,detection,DET-139604,cust-globex-003,0.937,pb-lateral-movement,0.746,110.7,FALSE,,,,,,,,27ca0cd3-9ba5-4684-801c-d15fd148108b,,2026-03-27T11:45:39.381160Z,,,,,,,,,,,
2d8417d2-e28b-4b34-8386-aeb592fa9e20,2026-03-27T11:45:10.007435+00:00,inference,playbook_selector,1.0.0,detection,DET-139602,cust-globex-003,0.711,pb-data-exfil-investigate,0.703,39.5,FALSE,,,,,,,,f92aa90b-76aa-492f-a6da-9ced208b6fdb,,2026-03-27T11:45:10.007383Z,,,,,,,,,,,
0fd6598d-cae3-4b4c-ac1c-64d301056776,2026-03-27T11:45:09.502264+00:00,inference,playbook_selector,1.0.0,detection,DET-139601,cust-globex-003,0.921,pb-brute-force-block,0.867,139.7,FALSE,,,,,,,,7eb9c6fe-c488-4a59-b4b6-3fb61ae59283,,2026-03-27T11:45:09.502211Z,,,,,,,,,,,
1948bb4a-3e1a-4923-87f5-5c7d0c01ea2b,2026-03-27T11:44:54.994125+00:00,inference,playbook_selector,1.0.0,detection,DET-139599,cust-globex-003,0.919,pb-malware-response,0.795,27.8,FALSE,,,,,,,,d4fd9cad-b629-4434-8fe9-b858453082e2,,2026-03-27T11:44:54.994057Z,,,,,,,,,,,
6e1c9882-2d43-46d7-92a7-046c56290c3f,2026-03-27T11:44:39.614108+00:00,inference,playbook_selector,1.0.0,detection,DET-139596,cust-tekstream-001,0.638,pb-phishing-triage,0.553,182.6,FALSE,,,,,,,,391a530d-f6df-4f71-87da-6ea2e5e140b3,,2026-03-27T11:44:39.614054Z,,,,,,,,,,,
04d49ee9-7640-414c-b88b-77936066509d,2026-03-27T11:44:24.916424+00:00,inference,playbook_selector,1.0.0,detection,DET-139595,cust-globex-003,0.873,pb-phishing-triage,0.923,119.6,FALSE,,,,,,,,cf269928-8f0a-4fe7-885d-f47543a8b131,,2026-03-27T11:44:24.916265Z,,,,,,,,,,,
06b91fd7-3316-4f2a-bb2b-1eb5f5dc2332,2026-03-27T11:44:24.444070+00:00,inference,playbook_selector,1.0.0,detection,DET-139594,cust-globex-003,0.517,pb-phishing-triage,0.94,14.6,FALSE,,,,,,,,5ac9e901-47e9-4f55-8125-f015e5b78a56,,2026-03-27T11:44:24.444019Z,,,,,,,,,,,
4e662183-3ea4-4353-a2a4-a4cdaa8d8d1b,2026-03-27T11:44:09.811919+00:00,inference,playbook_selector,1.0.0,detection,DET-139593,cust-tekstream-001,0.543,pb-phishing-triage,0.671,169.4,FALSE,,,,,,,,ed48468c-512e-478e-8be3-a317ddc91934,,2026-03-27T11:44:09.811869Z,,,,,,,,,,,
63d3a9e1-e38d-44b3-9d50-a52f01f0cf76,2026-03-27T11:43:39.794392+00:00,inference,playbook_selector,1.0.0,detection,DET-139589,cust-tekstream-001,0.553,pb-malware-response,0.502,111.8,TRUE,,,,,,,,121473f7-6251-45fb-a460-8254dee3c798,,2026-03-27T11:43:39.794338Z,,,,,,,,,,,
c2024e75-e6e1-40bc-8f5c-680f7dd78c60,2026-03-27T11:43:39.307588+00:00,inference,playbook_selector,1.0.0,detection,DET-139588,cust-acme-corp-002,0.875,pb-malware-response,0.984,57,TRUE,,,,,,,,9f1e79ff-485e-4482-90cd-17326fef0bde,,2026-03-27T11:43:39.307520Z,,,,,,,,,,,
31ff1359-61ff-45f8-8b6d-9d43afbf1cfd,2026-03-27T11:43:24.294066+00:00,inference,playbook_selector,1.0.0,detection,DET-139587,cust-tekstream-001,0.59,pb-brute-force-block,0.812,105.9,FALSE,,,,,,,,7d4fc987-4629-4be6-aacd-fa2d573971aa,,2026-03-27T11:43:24.293994Z,,,,,,,,,,,
52462cd5-56d6-40f6-a042-d292f7f64d51,2026-03-27T11:42:54.909415+00:00,inference,playbook_selector,1.0.0,detection,DET-139581,cust-acme-corp-002,0.756,pb-brute-force-block,0.576,121.1,FALSE,,,,,,,,3aadf631-e719-42f2-9730-dd3e82cc79c2,,2026-03-27T11:42:54.909365Z,,,,,,,,,,,
2c51bf14-a86e-4496-b567-7e490a4e21f2,2026-03-27T11:42:39.818932+00:00,inference,playbook_selector,1.0.0,detection,DET-139577,cust-globex-003,0.768,pb-phishing-triage,0.502,24.3,FALSE,,,,,,,,3ab21cb8-6a1d-4838-a34d-f74873bba0ed,,2026-03-27T11:42:39.818881Z,,,,,,,,,,,
b7e8e040-9efa-4d60-aaf7-c8c7c44a92f2,2026-03-27T11:42:39.297142+00:00,inference,playbook_selector,1.0.0,detection,DET-139576,cust-tekstream-001,0.96,pb-brute-force-block,0.67,82.3,FALSE,,,,,,,,11976633-c32b-4bf7-adff-3d818ac8b879,,2026-03-27T11:42:39.297091Z,,,,,,,,,,,
5c3608ce-2cdf-4776-9af2-85f6bd332665,2026-03-27T11:42:25.304389+00:00,inference,playbook_selector,1.0.0,detection,DET-139575,cust-acme-corp-002,0.925,pb-brute-force-block,0.861,55.6,FALSE,,,,,,,,11a17e5d-f77b-41c6-bfdf-71fbcb74e99a,,2026-03-27T11:42:25.304252Z,,,,,,,,,,,
16a5e86f-a6ec-48d8-b031-66385952bfe8,2026-03-27T11:42:24.991686+00:00,inference,playbook_selector,1.0.0,detection,DET-139574,cust-tekstream-001,0.727,pb-phishing-triage,0.681,167.9,FALSE,,,,,,,,f41dd932-68b1-40cf-8bde-85005976c36a,,2026-03-27T11:42:24.991632Z,,,,,,,,,,,
903ea4ab-c299-424a-89ab-1df80174ef72,2026-03-27T11:42:24.204503+00:00,inference,playbook_selector,1.0.0,detection,DET-139572,cust-acme-corp-002,0.769,pb-phishing-triage,0.949,150.6,FALSE,,,,,,,,9edf9a50-80bf-4f0e-babd-8715b7e91649,,2026-03-27T11:42:24.204443Z,,,,,,,,,,,
71ba9983-e7d8-43c4-9bb6-8e65670d9c02,2026-03-27T11:42:09.331411+00:00,inference,playbook_selector,1.0.0,detection,DET-139570,cust-tekstream-001,0.551,pb-data-exfil-investigate,0.591,90.7,FALSE,,,,,,,,f4e26f62-5571-4b90-acc7-e4ad168281b3,,2026-03-27T11:42:09.331359Z,,,,,,,,,,,
c79295e5-7739-413d-83f9-922a9ee124f8,2026-03-27T11:41:54.255782+00:00,inference,playbook_selector,1.0.0,detection,DET-139568,cust-globex-003,0.92,pb-brute-force-block,0.507,46.3,FALSE,,,,,,,,f145e54c-0268-449c-a1df-13d51905d63c,,2026-03-27T11:41:54.255724Z,,,,,,,,,,,
c3b01a6a-0fe3-4361-ab97-bbb6236e6017,2026-03-27T11:41:25.862462+00:00,inference,playbook_selector,1.0.0,detection,DET-139566,cust-globex-003,0.94,pb-malware-response,0.578,197.7,FALSE,,,,,,,,c46f5d48-2c6a-4109-bac8-300bc6adca69,,2026-03-27T11:41:25.862408Z,,,,,,,,,,,
21d2160d-3494-41e8-8517-5170e1975529,2026-03-27T11:41:25.482845+00:00,inference,playbook_selector,1.0.0,detection,DET-139565,cust-acme-corp-002,0.68,pb-ransomware-containment,0.907,145.2,FALSE,,,,,,,,faf1245e-544b-41c1-b325-e51b34571452,,2026-03-27T11:41:25.482792Z,,,,,,,,,,,
d91c367f-b796-4b70-85f6-a614097ea8fd,2026-03-27T11:41:24.735092+00:00,inference,playbook_selector,1.0.0,detection,DET-139564,cust-acme-corp-002,0.522,pb-lateral-movement,0.985,68.3,FALSE,,,,,,,,6310f7ec-86fa-4f54-8022-ab30bfe7d694,,2026-03-27T11:41:24.735040Z,,,,,,,,,,,
29206673-9902-4ab0-8ab3-db97eba691e7,2026-03-27T11:41:24.560000+00:00,inference,playbook_selector,1.0.0,detection,DET-139563,cust-acme-corp-002,0.606,pb-malware-response,0.649,61.8,FALSE,,,,,,,,98b8854c-9fea-46a6-bc82-af76d88ae6ee,,2026-03-27T11:41:24.559942Z,,,,,,,,,,,
129333eb-b542-44f7-ac84-0943c18fa8b1,2026-03-27T11:41:10.460053+00:00,inference,playbook_selector,1.0.0,detection,DET-139562,cust-tekstream-001,0.677,pb-phishing-triage,0.783,72.6,FALSE,,,,,,,,150d9072-7b3d-4be6-b4b4-f0ae89a4462e,,2026-03-27T11:41:10.460000Z,,,,,,,,,,,
400475af-673a-4e79-acb8-908ac85581f0,2026-03-27T11:41:09.619106+00:00,inference,playbook_selector,1.0.0,detection,DET-139560,cust-tekstream-001,0.814,pb-malware-response,0.62,154.6,FALSE,,,,,,,,d0e65d75-6fcf-4a39-aee9-4032b330140f,,2026-03-27T11:41:09.619054Z,,,,,,,,,,,
44ec5320-ddae-41cf-8a1f-31b777446f5c,2026-03-27T11:40:55.477924+00:00,inference,playbook_selector,1.0.0,detection,DET-139558,cust-acme-corp-002,0.581,pb-malware-response,0.545,169,FALSE,,,,,,,,fa76ce15-9f34-4a33-93e6-78ee6d937c03,,2026-03-27T11:40:55.477866Z,,,,,,,,,,,
7ca023b9-c0cb-4aa3-8333-aad518900177,2026-03-27T11:40:54.660803+00:00,inference,playbook_selector,1.0.0,detection,DET-139556,cust-globex-003,0.843,pb-data-exfil-investigate,0.688,64.4,FALSE,,,,,,,,30634b77-a96b-459a-9daa-40c16b5e9951,,2026-03-27T11:40:54.660750Z,,,,,,,,,,,
79c749b7-29ca-4081-8e08-212c9fc4584d,2026-03-27T11:40:39.364640+00:00,inference,playbook_selector,1.0.0,detection,DET-139553,cust-globex-003,0.691,pb-phishing-triage,0.604,54.6,FALSE,,,,,,,,2f8be267-cfbc-4568-be85-b4c7b4389347,,2026-03-27T11:40:39.364584Z,,,,,,,,,,,
13808650-a56d-4c88-947f-93c816a7dd5a,2026-03-27T11:40:09.900155+00:00,inference,playbook_selector,1.0.0,detection,DET-139551,cust-tekstream-001,0.941,pb-ransomware-containment,0.823,183.5,FALSE,,,,,,,,d9969b1d-2816-45c9-8132-c4cf0cae08ee,,2026-03-27T11:40:09.900088Z,,,,,,,,,,,
b52e1359-ddab-474d-b094-bbf0e2025ab3,2026-03-27T11:40:09.475518+00:00,inference,playbook_selector,1.0.0,detection,DET-139550,cust-globex-003,0.545,pb-brute-force-block,0.599,31.3,FALSE,,,,,,,,93755317-89b4-489a-9171-e8c614867798,,2026-03-27T11:40:09.475467Z,,,,,,,,,,,
15694b77-3472-4e53-a558-edfa5be0b199,2026-03-27T11:39:39.951725+00:00,inference,playbook_selector,1.0.0,detection,DET-139547,cust-tekstream-001,0.736,pb-lateral-movement,0.963,109.9,FALSE,,,,,,,,450c8759-ee1e-4cbf-957a-8d4688ca0af7,,2026-03-27T11:39:39.951673Z,,,,,,,,,,,
736643f7-6457-42bb-a43c-fad32e8e6346,2026-03-27T11:39:39.250102+00:00,inference,playbook_selector,1.0.0,detection,DET-139546,cust-tekstream-001,0.506,pb-phishing-triage,0.556,136.6,TRUE,,,,,,,,0e58bdd0-886d-4629-89e0-4a179e94c40a,,2026-03-27T11:39:39.250051Z,,,,,,,,,,,
6d184172-ae3a-431d-be30-45fc7040f847,2026-03-27T11:39:24.452220+00:00,inference,playbook_selector,1.0.0,detection,DET-139544,cust-tekstream-001,0.807,pb-malware-response,0.797,75.9,FALSE,,,,,,,,70736558-75d9-472d-bc21-1ac9eeb46df0,,2026-03-27T11:39:24.452167Z,,,,,,,,,,,
e3adf9eb-54e7-42e0-abed-1b4ee837fca1,2026-03-27T11:38:54.551102+00:00,inference,playbook_selector,1.0.0,detection,DET-139541,cust-tekstream-001,0.797,pb-phishing-triage,0.587,74.1,FALSE,,,,,,,,99352daa-3838-466c-aa8e-68bbc82a51ca,,2026-03-27T11:38:54.551045Z,,,,,,,,,,,
25231c9c-8a86-4dd9-88d5-083218c332fc,2026-03-27T11:38:39.209182+00:00,inference,playbook_selector,1.0.0,detection,DET-139537,cust-globex-003,0.846,pb-ransomware-containment,0.7,88.3,FALSE,,,,,,,,5fdf1a63-aa94-47a4-94bf-a7cc8925039b,,2026-03-27T11:38:39.209129Z,,,,,,,,,,,
77d4322a-2275-40b2-ae18-425a58753188,2026-03-27T11:38:25.351951+00:00,inference,playbook_selector,1.0.0,detection,DET-139536,cust-globex-003,0.941,pb-lateral-movement,0.539,68.6,FALSE,,,,,,,,8434dd57-b542-4523-89e6-17cf2f35c3ba,,2026-03-27T11:38:25.351900Z,,,,,,,,,,,
17d8d6c0-7b30-47af-b59a-79a74a60313e,2026-03-27T11:38:24.967092+00:00,inference,playbook_selector,1.0.0,detection,DET-139535,cust-acme-corp-002,0.929,pb-ransomware-containment,0.982,66.4,FALSE,,,,,,,,6c4b669c-3b5c-4b64-8c1c-19f40a4699b9,,2026-03-27T11:38:24.967039Z,,,,,,,,,,,
c3acc1fc-3a46-4be2-a9d0-1cd12d78b155,2026-03-27T11:38:24.195339+00:00,inference,playbook_selector,1.0.0,detection,DET-139534,cust-globex-003,0.682,pb-malware-response,0.509,166.4,FALSE,,,,,,,,6fd243f7-4c83-4841-ab0e-bebcc7793b6e,,2026-03-27T11:38:24.195285Z,,,,,,,,,,,
50753c5d-c079-470f-90c7-dfccd2355862,2026-03-27T11:38:09.766590+00:00,inference,playbook_selector,1.0.0,detection,DET-139532,cust-acme-corp-002,0.81,pb-malware-response,0.762,164.5,FALSE,,,,,,,,80a404b4-e46a-4322-9221-9c84bd30f9ca,,2026-03-27T11:38:09.766537Z,,,,,,,,,,,
1c552bd6-f106-40cf-bd07-62c31980ad7e,2026-03-27T11:37:40.568103+00:00,inference,playbook_selector,1.0.0,detection,DET-139527,cust-tekstream-001,0.58,pb-lateral-movement,0.896,72.6,FALSE,,,,,,,,349ed2e8-48f3-4f82-be06-f411fbc2bcef,,2026-03-27T11:37:40.568050Z,,,,,,,,,,,
ff833877-6583-44ea-b2cf-8ceb27943472,2026-03-27T11:37:40.062105+00:00,inference,playbook_selector,1.0.0,detection,DET-139526,cust-globex-003,0.885,pb-ransomware-containment,0.728,17.8,FALSE,,,,,,,,96a1d606-565e-48ff-beee-3905df089dd5,,2026-03-27T11:37:40.062053Z,,,,,,,,,,,
353b9896-6dc5-42f6-82f7-681ae86645ba,2026-03-27T11:37:39.657124+00:00,inference,playbook_selector,1.0.0,detection,DET-139525,cust-acme-corp-002,0.673,pb-brute-force-block,0.945,171.2,FALSE,,,,,,,,60e5f366-c7e0-4323-aeee-389676e1ae91,,2026-03-27T11:37:39.657072Z,,,,,,,,,,,
d24b6a92-1524-4664-a147-37a2d48161ec,2026-03-27T11:37:39.372946+00:00,inference,playbook_selector,1.0.0,detection,DET-139524,cust-tekstream-001,0.51,pb-malware-response,0.676,128.8,FALSE,,,,,,,,4f183b54-5919-4a13-9c1d-865850b0ad09,,2026-03-27T11:37:39.372895Z,,,,,,,,,,,
b1564123-7319-4e4c-a5e8-40f48a3f0e1a,2026-03-27T11:37:24.457455+00:00,inference,playbook_selector,1.0.0,detection,DET-139523,cust-acme-corp-002,0.812,pb-brute-force-block,0.861,11.9,TRUE,,,,,,,,34cb39bc-f1f3-489d-b955-15016741b456,,2026-03-27T11:37:24.457403Z,,,,,,,,,,,
7d536ec9-d7d3-4645-b47e-1e507de6ec10,2026-03-27T11:37:10.310444+00:00,inference,playbook_selector,1.0.0,detection,DET-139522,cust-globex-003,0.602,pb-malware-response,0.706,57.5,FALSE,,,,,,,,0c77ee55-a0d4-49ee-8127-b1a8d218ee4f,,2026-03-27T11:37:10.310391Z,,,,,,,,,,,
24572eaa-1524-43e3-8e66-ecc4e51290e0,2026-03-27T11:37:09.483442+00:00,inference,playbook_selector,1.0.0,detection,DET-139519,cust-globex-003,0.792,pb-ransomware-containment,0.508,123.3,TRUE,,,,,,,,c0fced8e-940b-4edd-acd2-4d0a827326c4,,2026-03-27T11:37:09.483391Z,,,,,,,,,,,
9b33be45-fa4b-4adc-88be-284a98195616,2026-03-27T11:36:55.487802+00:00,inference,playbook_selector,1.0.0,detection,DET-139518,cust-acme-corp-002,0.631,pb-data-exfil-investigate,0.848,80.1,FALSE,,,,,,,,cdc95e70-d0ae-452a-85c3-73ce82f97dcd,,2026-03-27T11:36:55.487751Z,,,,,,,,,,,
c0fa152a-2271-455f-82c3-7119d431e9a4,2026-03-27T11:36:54.927926+00:00,inference,playbook_selector,1.0.0,detection,DET-139517,cust-globex-003,0.926,pb-lateral-movement,0.591,31.6,FALSE,,,,,,,,ac3d4525-2f95-4746-9efd-a82b86a8774b,,2026-03-27T11:36:54.927870Z,,,,,,,,,,,
55f815aa-859a-4cc8-8df2-9076ba981e14,2026-03-27T11:36:54.558150+00:00,inference,playbook_selector,1.0.0,detection,DET-139516,cust-globex-003,0.628,pb-ransomware-containment,0.828,93.9,FALSE,,,,,,,,d97147fc-9968-4787-9308-2397076b8d38,,2026-03-27T11:36:54.558099Z,,,,,,,,,,,
113b54ed-f20e-4693-afc1-29349ac0d359,2026-03-27T11:36:39.599926+00:00,inference,playbook_selector,1.0.0,detection,DET-139513,cust-tekstream-001,0.619,pb-malware-response,0.945,195.4,FALSE,,,,,,,,815e8f63-3645-43fa-a6db-eb05938593ad,,2026-03-27T11:36:39.599874Z,,,,,,,,,,,
6237e20d-c242-4cc6-8032-5631753e801f,2026-03-27T11:36:39.255267+00:00,inference,playbook_selector,1.0.0,detection,DET-139512,cust-globex-003,0.966,pb-ransomware-containment,0.822,25.7,FALSE,,,,,,,,41b85313-fa82-4f5e-b5fb-73d3b1db569d,,2026-03-27T11:36:39.255215Z,,,,,,,,,,,
d9915256-e018-44f2-af98-396b3d117135,2026-03-27T11:36:25.649477+00:00,inference,playbook_selector,1.0.0,detection,DET-139511,cust-acme-corp-002,0.667,pb-data-exfil-investigate,0.611,73.8,FALSE,,,,,,,,f19b43e7-70dd-468b-8834-118ee6c4dba7,,2026-03-27T11:36:25.649425Z,,,,,,,,,,,
d6ed83ca-e98b-4a44-8b7d-08164dade6c9,2026-03-27T11:36:24.778182+00:00,inference,playbook_selector,1.0.0,detection,DET-139509,cust-acme-corp-002,0.742,pb-data-exfil-investigate,0.661,122.8,FALSE,,,,,,,,66a4fe9a-db40-4d80-a1da-70d404af5cfa,,2026-03-27T11:36:24.778131Z,,,,,,,,,,,
0512fb14-0a26-4753-9a54-0092ecb9d67f,2026-03-27T11:36:09.467003+00:00,inference,playbook_selector,1.0.0,detection,DET-139507,cust-acme-corp-002,0.831,pb-malware-response,0.684,72.2,FALSE,,,,,,,,24d4d2f4-04bc-436f-8fe6-42925c691d49,,2026-03-27T11:36:09.466324Z,,,,,,,,,,,
a16d9978-eeea-42a0-8992-64f508d77eb5,2026-03-27T11:35:54.303495+00:00,inference,playbook_selector,1.0.0,detection,DET-139505,cust-acme-corp-002,0.537,pb-phishing-triage,0.622,54.6,FALSE,,,,,,,,2b11e07c-492c-463d-b4c6-a5880b4dd6ac,,2026-03-27T11:35:54.303445Z,,,,,,,,,,,
3e14ec73-494c-4ad1-a6ef-dd40c092f29e,2026-03-27T11:35:40.429420+00:00,inference,playbook_selector,1.0.0,detection,DET-139503,cust-acme-corp-002,0.835,pb-phishing-triage,0.712,99.4,TRUE,,,,,,,,c7670c1f-6675-41ad-a23b-b6f229c436e9,,2026-03-27T11:35:40.429370Z,,,,,,,,,,,
d7f94a4e-63e6-4cb2-bf70-97e26ed4edf5,2026-03-27T11:35:39.639950+00:00,inference,playbook_selector,1.0.0,detection,DET-139502,cust-tekstream-001,0.808,pb-malware-response,0.889,43.1,TRUE,,,,,,,,00e669fe-e0e8-4364-9732-c6e097b1e8ff,,2026-03-27T11:35:39.639896Z,,,,,,,,,,,
1827b8fa-17af-40de-a89e-9d4b2ad4e877,2026-03-27T11:35:25.483368+00:00,inference,playbook_selector,1.0.0,detection,DET-139500,cust-tekstream-001,0.542,pb-phishing-triage,0.71,86.9,FALSE,,,,,,,,8390269b-1e8b-4397-b1b5-e88b29f88850,,2026-03-27T11:35:25.483317Z,,,,,,,,,,,
ed6c7ef8-c41e-43a7-8bfd-b5922608f3e6,2026-03-27T11:35:25.103757+00:00,inference,playbook_selector,1.0.0,detection,DET-139499,cust-acme-corp-002,0.761,pb-lateral-movement,0.626,15.4,FALSE,,,,,,,,7f4e6da6-d290-4a57-a408-012830e1f38c,,2026-03-27T11:35:25.103705Z,,,,,,,,,,,
0f75e5aa-3be2-43e4-bfda-1ec1e7de755b,2026-03-27T11:35:24.760834+00:00,inference,playbook_selector,1.0.0,detection,DET-139498,cust-tekstream-001,0.744,pb-lateral-movement,0.536,155.1,FALSE,,,,,,,,ae2a4704-1c47-48f1-8bfb-968ac35637f1,,2026-03-27T11:35:24.760783Z,,,,,,,,,,,
dca23a22-ea28-4046-b8b7-4bf3cc82f49a,2026-03-27T11:34:55.259037+00:00,inference,playbook_selector,1.0.0,detection,DET-139495,cust-tekstream-001,0.732,pb-malware-response,0.542,102.4,FALSE,,,,,,,,d1d7ef87-5af2-4f5a-9a92-fd4846b033bb,,2026-03-27T11:34:55.258985Z,,,,,,,,,,,
2505cb65-ad17-49c9-8356-53d79c244367,2026-03-27T11:34:54.767626+00:00,inference,playbook_selector,1.0.0,detection,DET-139494,cust-tekstream-001,0.743,pb-malware-response,0.871,101.9,FALSE,,,,,,,,5ca69219-aa5f-4556-8d40-1552bc87ccd9,,2026-03-27T11:34:54.767564Z,,,,,,,,,,,
b0a78ee2-f1cc-4e55-a40a-eeaa26c39589,2026-03-27T11:34:54.229581+00:00,inference,playbook_selector,1.0.0,detection,DET-139493,cust-acme-corp-002,0.74,pb-malware-response,0.744,13.2,TRUE,,,,,,,,8f2e254a-0950-49f8-850e-de5b9f4207b6,,2026-03-27T11:34:54.229527Z,,,,,,,,,,,
1eade530-448e-476b-81bb-4b5f885e0436,2026-03-27T11:34:40.699727+00:00,inference,playbook_selector,1.0.0,detection,DET-139492,cust-tekstream-001,0.779,pb-ransomware-containment,0.581,135.4,FALSE,,,,,,,,ed930619-53cc-4053-8ab2-bd2da9eb43b8,,2026-03-27T11:34:40.699672Z,,,,,,,,,,,
206e0598-f9ec-4bea-a492-e4f507c0902b,2026-03-27T11:34:40.314930+00:00,inference,playbook_selector,1.0.0,detection,DET-139491,cust-tekstream-001,0.637,pb-lateral-movement,0.63,43.7,FALSE,,,,,,,,3cfd907a-87e5-4f9b-95d5-5da919a4ae16,,2026-03-27T11:34:40.314878Z,,,,,,,,,,,
a6a767e2-12ae-4784-ad03-a32c9e77fde9,2026-03-27T11:34:25.533159+00:00,inference,playbook_selector,1.0.0,detection,DET-139488,cust-acme-corp-002,0.605,pb-lateral-movement,0.528,38.2,FALSE,,,,,,,,a026c9b5-1252-4629-a492-93b7ad985ea5,,2026-03-27T11:34:25.533107Z,,,,,,,,,,,
17dbdcd7-6ddc-4935-9808-65ce8aa92e2d,2026-03-27T11:34:25.133260+00:00,inference,playbook_selector,1.0.0,detection,DET-139487,cust-tekstream-001,0.505,pb-phishing-triage,0.822,63.4,FALSE,,,,,,,,18d41fa1-f1df-4471-af5e-d198a2f6261f,,2026-03-27T11:34:25.133208Z,,,,,,,,,,,
4501fb89-c4c0-49d7-894f-3462e1fc31e0,2026-03-27T11:34:24.566668+00:00,inference,playbook_selector,1.0.0,detection,DET-139486,cust-acme-corp-002,0.689,pb-brute-force-block,0.814,195.8,FALSE,,,,,,,,6f9e1c69-05be-4ae7-8ad6-2c426a38911d,,2026-03-27T11:34:24.566617Z,,,,,,,,,,,
27aa2b56-f898-4446-b9af-896a75de6d6b,2026-03-27T11:34:09.576508+00:00,inference,playbook_selector,1.0.0,detection,DET-139485,cust-acme-corp-002,0.661,pb-ransomware-containment,0.792,166.2,FALSE,,,,,,,,f1eaeaf8-0165-432f-b0fd-404c67be7f0a,,2026-03-27T11:34:09.576453Z,,,,,,,,,,,
8b440f56-8674-4ee4-bc26-4edc1fd38a35,2026-03-27T11:33:55.299789+00:00,inference,playbook_selector,1.0.0,detection,DET-139482,cust-tekstream-001,0.58,pb-malware-response,0.99,126.5,FALSE,,,,,,,,90674230-6025-45a6-90d2-64fcd115e114,,2026-03-27T11:33:55.299738Z,,,,,,,,,,,
c1f1d86b-ba77-468b-929f-3931c93b1f8b,2026-03-27T11:33:54.641760+00:00,inference,playbook_selector,1.0.0,detection,DET-139481,cust-acme-corp-002,0.633,pb-phishing-triage,0.88,173.5,FALSE,,,,,,,,1319e445-1c2e-4c6a-9edc-c17f4a3953e5,,2026-03-27T11:33:54.641708Z,,,,,,,,,,,
9d471e0c-4173-4cfb-9252-a9adeb0ff296,2026-03-27T11:33:54.181486+00:00,inference,playbook_selector,1.0.0,detection,DET-139480,cust-globex-003,0.92,pb-brute-force-block,0.566,128.9,FALSE,,,,,,,,833d11c9-777d-4a45-8c98-8dc9c875bd05,,2026-03-27T11:33:54.181431Z,,,,,,,,,,,
f8e5c622-22b7-47ce-8bc4-fdbbf307c2b1,2026-03-27T11:33:39.858341+00:00,inference,playbook_selector,1.0.0,detection,DET-139478,cust-tekstream-001,0.694,pb-lateral-movement,0.506,158.9,FALSE,,,,,,,,9a240332-4393-4713-9c96-05760269280a,,2026-03-27T11:33:39.858291Z,,,,,,,,,,,
4c60e42f-380c-4fd6-9fd3-264689305d5c,2026-03-27T11:33:39.269546+00:00,inference,playbook_selector,1.0.0,detection,DET-139476,cust-tekstream-001,0.632,pb-lateral-movement,0.654,108.2,FALSE,,,,,,,,73630c19-3f32-4e91-b5c3-b50262c41f3e,,2026-03-27T11:33:39.269470Z,,,,,,,,,,,
18014f17-340f-4243-b261-d509c73e962a,2026-03-27T11:33:24.396057+00:00,inference,playbook_selector,1.0.0,detection,DET-139472,cust-globex-003,0.915,pb-brute-force-block,0.594,183.6,FALSE,,,,,,,,03db087f-e437-45b6-a941-01e29a909643,,2026-03-27T11:33:24.396008Z,,,,,,,,,,,
54cc3306-ec3f-47d3-a028-c0eb41399773,2026-03-27T11:33:09.491682+00:00,inference,playbook_selector,1.0.0,detection,DET-139470,cust-globex-003,0.923,pb-ransomware-containment,0.68,128,FALSE,,,,,,,,15cedd0f-09f0-43b9-abd0-8cc0800ece35,,2026-03-27T11:33:09.491629Z,,,,,,,,,,,
a3a488e3-4df6-4b1a-9327-f8ea2183545c,2026-03-27T11:32:54.698009+00:00,inference,playbook_selector,1.0.0,detection,DET-139468,cust-acme-corp-002,0.582,pb-lateral-movement,0.936,120.1,TRUE,,,,,,,,6c80a6bc-588a-49d9-9804-76dcd682b2c7,,2026-03-27T11:32:54.697959Z,,,,,,,,,,,
ff8f2503-0080-408f-9723-506bbe969a62,2026-03-27T11:32:54.170159+00:00,inference,playbook_selector,1.0.0,detection,DET-139467,cust-acme-corp-002,0.611,pb-ransomware-containment,0.853,155.4,FALSE,,,,,,,,72e31a07-2cd7-4c00-bd88-3017800e3984,,2026-03-27T11:32:54.170109Z,,,,,,,,,,,
8946977c-e874-473d-afff-cc2d16fc4dd2,2026-03-27T11:32:39.562357+00:00,inference,playbook_selector,1.0.0,detection,DET-139465,cust-globex-003,0.916,pb-data-exfil-investigate,0.545,121.4,FALSE,,,,,,,,ffd25667-8333-41fd-97cf-bc98bdf8c85c,,2026-03-27T11:32:39.562289Z,,,,,,,,,,,
0f59298f-126f-473b-95f2-282bc7691be3,2026-03-27T11:32:24.284273+00:00,inference,playbook_selector,1.0.0,detection,DET-139463,cust-globex-003,0.781,pb-lateral-movement,0.927,23.9,FALSE,,,,,,,,ce59d33f-cc1e-4530-8a90-1569a37c0c27,,2026-03-27T11:32:24.284221Z,,,,,,,,,,,
67e31dae-52cb-4071-ba34-b8a1fb8dc1ff,2026-03-27T11:31:55.365313+00:00,inference,playbook_selector,1.0.0,detection,DET-139461,cust-tekstream-001,0.6,pb-lateral-movement,0.954,79.3,TRUE,,,,,,,,d36d5b98-ae23-4762-8004-53110f299df4,,2026-03-27T11:31:55.365264Z,,,,,,,,,,,
607d2d48-4897-4820-9348-f8a26b8f3116,2026-03-27T11:31:54.332179+00:00,inference,playbook_selector,1.0.0,detection,DET-139458,cust-acme-corp-002,0.873,pb-data-exfil-investigate,0.779,180.7,FALSE,,,,,,,,892dfba1-853e-4cb8-82fd-e65d27c66480,,2026-03-27T11:31:54.332127Z,,,,,,,,,,,
8b7a0ba2-74ce-468a-a326-b7af42dc540f,2026-03-27T11:31:39.626417+00:00,inference,playbook_selector,1.0.0,detection,DET-139456,cust-tekstream-001,0.895,pb-phishing-triage,0.966,75.7,FALSE,,,,,,,,f2a3702c-e720-484e-ab03-9aab8bba72ea,,2026-03-27T11:31:39.626362Z,,,,,,,,,,,
04610899-510b-4a05-904f-b87fdb28fae4,2026-03-27T11:31:25.179161+00:00,inference,playbook_selector,1.0.0,detection,DET-139453,cust-globex-003,0.811,pb-phishing-triage,0.595,106.2,FALSE,,,,,,,,4323026a-ef33-4712-8b01-40dbd3d8b185,,2026-03-27T11:31:25.179109Z,,,,,,,,,,,
130dcb39-d248-4c68-8c9c-25365e897bd0,2026-03-27T11:31:24.147383+00:00,inference,playbook_selector,1.0.0,detection,DET-139451,cust-acme-corp-002,0.815,pb-phishing-triage,0.721,82.6,FALSE,,,,,,,,9d4cd5be-6e18-4ee2-ad0b-84a0d513cffa,,2026-03-27T11:31:24.147332Z,,,,,,,,,,,
6e1ecbe2-814f-4e0a-ac97-52ea4ddcfdb4,2026-03-27T11:31:09.986300+00:00,inference,playbook_selector,1.0.0,detection,DET-139450,cust-globex-003,0.891,pb-brute-force-block,0.583,137.1,FALSE,,,,,,,,1ee75105-64ab-432b-b6d4-d94af844ccd7,,2026-03-27T11:31:09.986248Z,,,,,,,,,,,
d7f01ac8-1893-462c-8514-d0f8dcc4646c,2026-03-27T11:31:09.362134+00:00,inference,playbook_selector,1.0.0,detection,DET-139447,cust-tekstream-001,0.501,pb-brute-force-block,0.795,37,FALSE,,,,,,,,d6d7548a-c764-4c80-b1f7-df8b7a86d694,,2026-03-27T11:31:09.362083Z,,,,,,,,,,,